--// MoonCrypt v2.0 Protected Script | KustomHub Secure Engine
--// Decryption Key: Encrypted with hardware seed

local __ukth0I = "lInOQSI"
local IlECyDTy0rQKqKSp = bit32.bxor
local IlmJPx0SeJla = bit32.band
local lIwDfnigCm = bit32.lshift
local _MnRARUuGRIpgYR = bit32.rshift
local IluOLKXPEFQrK = bit32.bor
local llkYkXPj0c = string.byte
local lhjUXnkJJpaWp = string.char
local lnNTKHimyqgBP0 = table.concat
do local lNjIxVf = 3388 end
local _WfKlA0DALZsy = {
176,193,87,238,230,124,151,15,185,193,94,223,23,165,179,234,183,32,42,220,202,66,4,162,54,
114,196,51,120,45,223,228,112,191,103,204,104,170,178,115,143,247,57,254,228,228,53,44,22,67,
255,251,129,20,2,58,155,228,42,1,244,91,113,39,55,186,60,65,92,2,177,172,212,207,195,
247,123,112,93,129,36,8,123,203,102,91,150,56,87,87,159,90,159,155,176,192,208,172,13,87,
189,182,45,23,163,64,3,148,129,22,124,95,172,255,64,103,98,24,58,59,135,118,205,182,63,
9,146,158,165,92,68,111,166,202,214,73,39,15,22,7,192,221,74,140,227,80,74,172,53,1,
45,38,185,217,48,82,246,249,124,24,47,125,106,170,79,180,188,14,254,113,183,236,130,98,234,
244,152,103,240,4,203,223,37,88,55,248,158,46,73,140,218,164,10,113,128,145,27,127,1,87,
203,128,234,237,33,47,140,2,27,42,117,185,174,229,170,200,128,109,240,203,142,43,154,253,164,
102,68,52,234,197,62,68,139,101,57,42,188,132,209,228,89,159,78,133,125,155,156,186,112,26,
182,218,171,46,3,143,193,110,102,224,165,61,127,18,84,16,213,150,78,167,60,89,109,133,110,
234,185,45,189,10,149,110,79,120,31,44,144,163,84,55,80,167,119,44,97,107,191,195,107,141,
76,30,196,213,76,36,127,151,109,48,180,36,250,255,74,157,240,164,249,121,179,193,167,99,155,
111,116,168,153,208,197,106,196,140,193,161,175,233,138,214,218,190,163,19,2,235,89,113,208,144,
186,158,163,146,99,87,132,248,228,99,73,191,183,161,111,76,147,244,20,47,145,245,253,206,229,
91,173,92,195,32,234,129,140,11,34,252,130,252,30,79,39,47,29,208,139,122,152,155,246,92,
3,207,56,148,221,64,224,232,139,250,149,15,19,83,200,46,69,22,203,184,150,91,182,12,51,
247,97,18,169,201,161,40,17,238,196,12,208,29,160,136,91,207,208,52,137,178,113,188,132,199,
165,207,101,53,111,174,167,36,184,121,49,91,64,28,130,182,236,229,205,83,106,245,148,20,20,
157,98,36,63,75,107,162,58,43,177,223,10,233,247,2,97,184,81,223,191,76,242,190,33,98,
106,203,252,214,33,63,214,33,243,76,238,240,126,111,93,255,175,129,166,105,204,255,11,40,107,
95,175,33,192,69,65,220,79,54,123,208,83,246,171,15,23,131,140,233,148,230,173,186,10,150,
189,82,176,40,251,216,226,182,21,90,151,156,144,67,192,218,202,4,84,68,233,213,254,156,176,
25,74,22,10,146,70,113,170,111,32,147,97,116,16,76,170,99,171,224,168,184,244,218,192,148,
48,51,162,179,122,126,80,79,91,209,40,126,96,112,211,23,85,123,103,66,82,221,201,46,46,
53,86,56,32,159,156,209,58,166,188,96,201,218,44,229,66,206,128,2,192,147,21,228,204,157,
91,105,188,76,198,157,177,18,103,7,253,121,71,4,43,96,17,194,79,198,52,6,58,231,97,
247,87,180,225,161,151,62,186,114,51,69,27,188,190,123,90,49,152,137,24,86,214,51,176,78,
165,131,248,248,0,26,76,61,242,213,191,157,95,19,52,241,99,125,181,115,163,180,12,119,229,
10,216,157,104,80,70,241,125,123,209,191,231,153,134,24,34,13,11,42,129,249,186,33,28,44,
183,117,219,198,109,15,217,250,106,127,58,41,139,11,36,124,10,41,132,145,189,208,14,86,71,
172,249,120,55,133,47,156,93,39,115,58,204,251,108,109,43,174,216,182,143,152,58,9,114,9,
9,161,207,1,190,231,237,8,222,183,108,31,173,53,150,8,199,78,171,190,250,5,153,206,62,
238,78,70,13,177,1,150,198,164,229,230,161,149,57,184,85,65,32,142,29,121,196,63,92,154,
232,145,226,86,196,199,189,243,164,95,72,135,29,152,182,192,222,120,87,147,24,18,107,227,130,
210,6,39,110,136,128,174,111,171,79,141,60,51,100,88,95,146,62,183,128,135,152,207,255,101,
240,107,194,95,147,41,49,108,26,169,143,138,230,212,188,106,197,96,216,79,180,76,42,233,219,
61,179,84,97,221,64,81,126,166,71,37,88,35,198,16,247,234,121,209,8,185,8,95,153,97,
69,62,145,48,176,225,32,168,55,214,179,83,146,79,234,209,71,137,194,16,19,85,18,97,241,
93,102,8,223,140,80,201,81,211,232,46,224,188,46,133,13,125,171,125,133,113,133,30,32,74,
252,145,245,8,30,151,87,91,124,18,187,40,73,236,222,10,70,242,85,77,186,102,92,84,216,
60,33,43,67,203,85,28,43,91,21,39,9,3,250,56,81,82,70,225,14,172,214,187,64,97,
85,95,235,230,230,129,155,157,159,122,143,187,34,236,21,22,115,165,254,251,153,245,82,61,235,
94,189,157,245,25,251,64,89,147,233,15,220,37,78,142,124,129,83,59,123,111,170,119,14,86,
142,51,25,18,89,210,59,118,18,12,118,9,108,102,197,142,255,222,11,168,44,232,89,133,62,
229,60,183,254,207,3,223,200,51,199,125,61,17,45,110,81,252,170,180,188,20,148,113,158,100,
223,92,110,165,204,9,3,76,245,121,91,51,221,62,65,250,186,114,39,87,162,151,246,135,151,
4,200,160,255,178,180,91,191,218,198,82,213,111,4,64,188,12,136,181,26,58,29,98,149,235,
2,199,226,2,231,229,47,63,81,242,90,205,101,110,176,195,100,192,230,77,0,67,207,21,161,
146,152,68,251,55,25,187,23,30,174,214,62,145,73,125,49,69,15,91,4,177,38,219,23,51,
200,138,54,68,127,51,223,108,242,122,227,127,21,239,185,203,254,32,15,238,46,105,220,196,114,
235,144,142,217,29,202,180,21,173,43,178,93,67,107,150,180,108,96,132,81,164,74,50,220,234,
205,119,152,101,9,117,60,183,158,52,172,25,151,119,179,126,28,239,120,2,139,19,75,196,96,
192,195,121,24,184,41,171,61,132,182,205,179,99,15,236,95,154,57,15,106,139,174,226,184,70,
246,212,61,111,204,20,211,50,4,79,165,54,34,81,68,231,88,135,202,148,93,233,131,51,60,
48,34,217,83,119,134,237,247,250,25,132,11,6,42,94,142,244,108,28,195,139,191,38,210,64,
4,76,113,213,81,196,1,148,117,2,6,46,132,101,117,165,171,149,143,163,169,4,42,113,138,
247,184,100,117,41,253,202,65,169,10,81,6,4,126,202,193,100,191,95,197,191,51,232,39,151,
58,53,63,227,70,207,15,30,134,225,212,168,52,152,189,184,23,149,63,42,88,13,82,175,63,
5,148,89,109,154,98,36,143,210,211,216,231,90,215,134,33,159,88,249,177,112,154,80,224,244,
201,116,70,96,76,102,1,52,94,175,29,114,43,52,126,60,25,240,95,33,237,114,50,99,109,
159,140,157,127,75,203,213,199,31,50,216,174,147,97,61,149,108,222,81,181,114,228,224,167,48,
165,225,235,216,31,165,134,95,177,157,247,25,150,53,233,15,38,40,195,97,144,66,130,2,187,
117,98,181,75,183,132,75,203,105,137,129,122,67,229,157,9,197,52,5,198,124,49,159,245,204,
167,11,192,139,129,96,238,27,114,136,31,178,52,81,154,97,68,207,52,143,213,102,74,234,66,
134,177,38,1,129,3,87,255,162,245,170,67,27,241,17,208,96,155,39,31,167,31,76,36,135,
118,147,96,131,155,32,219,255,44,215,72,122,64,11,239,163,204,188,121,181,33,106,130,26,19,
142,3,93,121,27,39,124,66,234,24,202,62,88,151,61,51,111,165,26,98,34,32,29,91,145,
31,106,64,26,100,111,235,76,254,19,103,7,232,200,178,137,188,85,193,55,43,56,155,100,12,
119,211,55,8,98,44,83,32,72,0,38,1,75,252,40,143,21,75,115,190,206,42,139,190,5,
35,193,174,212,169,127,146,236,26,223,88,84,12,86,248,96,161,20,236,114,227,146,104,148,191,
67,26,141,79,28,192,4,32,216,182,163,232,67,36,241,19,209,17,50,241,192,202,135,246,225,
81,23,124,133,38,80,23,12,81,134,75,5,162,207,246,185,59,204,187,32,196,163,211,168,73,
3,118,251,159,155,18,8,115,97,243,251,63,130,250,56,84,6,16,153,159,128,162,142,82,94,
13,101,81,101,248,3,169,37,131,62,174,161,181,5,253,136,253,27,53,98,219,41,125,247,205,
115,231,225,94,211,151,255,83,191,213,215,37,150,248,230,3,248,2,23,65,22,178,212,113,63,
34,176,25,27,254,100,180,246,239,5,146,60,253,250,73,200,236,52,104,137,215,157,63,239,180,
189,210,19,168,242,69,222,55,55,249,179,126,58,76,112,155,40,104,229,15,220,250,227,8,77,
179,13,212,229,231,51,247,28,206,228,152,58,167,136,37,188,247,255,246,212,132,130,15,32,248,
125,169,248,147,16,143,198,161,110,15,140,201,90,85,178,127,124,124,96,48,79,144,253,152,7,
165,29,12,124,238,239,141,21,187,50,236,65,203,131,11,209,12,147,225,107,17,253,34,140,83,
70,199,120,134,83,176,139,123,37,189,175,169,209,200,23,29,119,20,121,168,215,165,229,86,61,
64,152,152,252,180,64,251,182,123,34,70,135,167,5,86,155,193,183,134,198,197,12,83,96,55,
186,235,165,55,127,186,16,98,118,28,118,10,231,9,111,226,127,154,206,234,107,25,122,153,123,
141,169,44,28,247,230,246,196,116,111,196,214,14,88,0,116,211,34,2,120,209,120,70,226,106,
91,100,73,83,52,192,114,123,73,34,20,58,2,139,191,254,96,45,166,115,232,248,78,85,103,
242,54,171,171,107,171,135,16,50,238,210,122,219,135,84,190,42,146,207,230,218,99,64,87,193,
163,169,140,178,150,196,53,68,17,223,173,255,161,91,65,85,144,79,123,114,6,220,194,88,139,
30,132,169,133,54,244,200,75,225,177,173,128,117,117,219,240,96,67,158,20,195,142,17,243,77,
83,29,234,8,98,100,39,15,140,95,0,80,209,93,154,97,240,243,47,96,172,109,237,136,12,
239,72,127,237,117,221,184,156,143,34,149,130,239,10,232,131,15,69,109,106,86,150,194,246,225,
122,31,39,234,211,152,65,102,157,188,77,239,152,8,177,149,150,107,129,179,207,142,218,172,254,
94,170,140,223,109,167,94,110,82,106,216,229,226,221,62,181,29,181,229,228,155,212,214,114,98,
27,173,73,241,254,212,124,161,120,63,224,32,148,122,17,235,130,167,248,15,17,0,99,3,170,
249,63,253,84,151,120,150,176,125,7,28,110,226,157,173,66,234,148,210,110,57,123,199,162,83,
223,52,135,60,63,210,198,26,40,255,233,239,87,119,4,255,217,206,52,236,24,237,30,64,13,
88,170,79,166,96,216,10,213,14,28,191,79,172,97,99,114,80,46,196,42,193,18,230,244,254,
123,151,19,55,172,155,225,88,245,97,221,184,56,173,177,204,153,208,234,101,65,39,244,190,10,
86,56,54,4,64,120,48,178,250,119,195,137,32,192,108,73,140,140,7,86,94,175,76,57,179,
145,172,248,216,131,243,101,209,153,178,57,234,131,175,93,147,239,203,37,38,207,205,207,112,190,
174,47,245,98,124,126,38,79,213,61,115,59,141,27,194,192,88,165,120,70,36,113,53,129,79,
211,153,63,157,94,97,82,128,234,218,159,133,74,81,78,39,180,92,246,112,47,144,24,197,213,
12,218,136,145,35,101,116,106,20,219,45,119,105,9,201,143,28,41,82,143,78,151,8,62,178,
121,2,116,176,127,242,22,148,212,203,139,200,230,214,68,137,116,252,91,16,86,251,3,188,104,
192,95,247,255,211,118,251,240,84,168,57,166,233,47,116,127,46,4,61,126,122,255,222,173,151,
54,78,219,26,86,188,95,75,188,227,16,225,55,80,120,201,89,123,136,179,115,186,130,240,114,
193,33,91,222,190,199,119,118,10,212,67,39,131,250,159,163,156,176,193,197,28,191,49,4,183,
137,94,222,114,200,244,169,190,97,56,142,69,127,255,57,123,24,25,54,92,56,228,83,218,132,
255,254,98,242,56,64,38,66,162,247,24,64,35,120,163,15,129,39,121,216,136,8,166,222,206,
191,114,151,176,219,69,107,246,107,17,50,30,158,169,245,185,13,211,74,156,118,182,117,242,69,
75,22,199,38,34,177,234,148,97,110,146,1,45,35,150,187,135,157,208,217,48,127,159,24,109,
79,52,124,119,129,12,238,32,59,248,81,37,250,115,40,165,40,19,174,126,19,66,235,64,227,
45,91,49,214,36,76,248,189,127,130,30,107,243,218,227,11,110,237,15,131,43,156,118,26,234,
19,224,154,20,205,17,205,102,55,16,250,207,145,124,111,238,131,35,69,165,98,225,48,94,75,
201,26,212,156,119,232,172,71,121,13,9,107,78,59,127,206,112,92,217,211,73,239,2,117,125,
255,224,193,173,204,193,111,15,79,53,62,146,142,51,163,57,88,95,69,24,15,115,205,141,71,
209,109,130,158,49,64,177,150,136,205,42,176,37,9,80,39,115,40,100,127,165,200,110,99,247,
156,217,14,157,183,19,187,152,59,87,81,233,37,121,255,44,223,248,0,224,80,160,217,204,158,
24,53,111,95,223,67,25,103,142,243,86,76,2,161,243,233,147,232,9,31,0,247,214,219,63,
67,170,81,221,146,100,222,117,184,150,58,149,2,80,50,104,165,76,167,24,59,127,10,245,171,
67,44,142,179,173,212,182,102,49,21,38,231,164,89,214,126,119,101,220,248,188,74,136,244,102,
251,164,48,227,51,163,72,252,31,44,6,11,139,245,126,90,66,86,99,135,232,138,246,12,202,
51,98,70,69,166,213,166,182,107,63,151,145,213,204,164,31,78,170,42,135,142,175,35,188,106,
8,255,109,211,166,128,168,254,53,251,123,142,236,58,162,38,3,92,45,155,67,230,82,100,189,
108,99,177,255,10,239,65,221,62,60,6,88,132,133,101,122,188,177,236,106,118,249,140,254,24,
144,17,133,252,188,163,3,189,250,113,99,157,151,238,80,232,103,7,146,50,171,214,80,240,86,
51,253,79,243,8,188,61,158,215,172,171,126,107,46,191,154,65,147,152,186,0,146,177,15,79,
183,155,11,66,25,221,199,175,167,144,212,240,186,78,76,17,155,6,58,63,96,198,171,100,68,
248,101,188,211,194,3,141,134,159,238,233,105,22,85,57,210,179,116,38,102,54,149,145,32,93,
29,110,151,94,253,249,72,71,248,91,106,66,201,119,73,164,205,102,156,19,220,227,124,255,82,
156,56,105,243,93,9,153,150,123,193,253,209,225,226,229,60,207,119,214,183,242,101,222,153,126,
28,87,89,163,105,233,77,149,253,57,15,29,95,167,10,255,61,94,121,70,151,125,188,148,193,
164,153,87,203,188,68,79,80,8,6,75,153,78,219,188,210,154,103,129,146,21,162,182,3,19,
173,206,70,66,89,69,175,75,19,51,175,166,230,39,182,151,181,192,237,118,161,11,169,80,105,
59,224,21,95,215,166,119,173,86,64,242,130,85,232,161,194,173,182,102,135,56,88,74,178,76,
35,226,121,41,23,150,23,12,108,196,154,39,189,201,120,53,126,196,79,178,5,212,235,132,102,
91,68,40,47,60,228,151,46,37,124,167,149,71,162,34,97,63,131,223,135,150,221,245,11,203,
224,36,22,224,47,181,224,28,240,13,102,66,157,184,67,173,133,84,93,222,95,97,59,175,89,
82,59,206,89,173,172,17,87,121,122,151,151,124,148,24,201,124,107,164,86,9,163,38,179,107,
49,182,246,72,30,186,129,213,248,182,239,56,12,254,71,237,240,55,213,248,13,94,171,32,26,
67,18,6,200,151,235,185,0,16,230,148,249,183,131,101,173,180,66,198,194,193,25,91,195,252,
76,205,73,223,19,247,187,90,224,156,44,95,205,114,40,140,129,5,109,4,86,120,76,120,79,
181,168,208,2,90,26,48,140,16,80,240,81,244,254,51,101,168,162,142,5,142,243,208,37,220,
208,229,50,189,204,184,131,193,166,222,8,243,20,197,135,22,54,201,210,8,183,241,191,230,19,
67,83,238,86,119,104,219,118,194,36,219,10,168,28,65,45,191,210,18,122,148,117,8,4,150,
136,123,42,135,108,64,70,65,249,208,172,209,68,223,181,74,54,66,233,75,137,88,40,104,41,
183,83,89,87,0,21,222,215,80,214,4,39,138,178,116,174,217,40,12,90,218,190,8,24,113,
215,143,60,111,201,127,14,128,248,216,34,70,18,162,21,6,69,85,44,4,224,23,238,168,194,
26,16,181,181,35,93,98,225,116,72,79,136,164,211,43,7,222,78,63,219,100,189,189,85,80,
215,91,219,204,122,115,147,71,123,196,45,165,30,70,119,90,232,30,133,135,172,3,65,26,15,
148,173,228,252,58,10,201,172,158,139,42,96,171,200,114,231,184,26,176,226,118,34,3,152,218,
241,103,172,117,201,52,69,90,49,26,74,171,72,148,247,129,249,50,75,247,222,115,18,24,215,
50,4,185,37,95,211,11,194,27,156,201,97,126,241,132,194,163,200,224,196,196,177,20,149,35,
214,39,32,37,201,104,146,188,92,71,154,176,25,85,53,213,54,190,198,140,95,242,152,127,118,
121,213,78,236,54,43,253,19,164,213,207,50,182,66,94,162,79,12,213,10,117,189,174,232,247,
181,128,120,157,203,34,128,159,14,192,151,58,199,161,61,151,125,78,71,122,249,165,151,208,173,
92,66,115,255,244,255,73,67,175,1,44,165,229,244,67,103,160,228,10,167,170,224,217,193,99,
32,190,171,173,127,95,126,4,138,82,220,215,145,43,199,74,149,208,26,233,173,217,19,107,49,
33,227,164,30,102,215,172,215,252,115,193,17,155,51,202,87,254,163,31,126,30,71,204,210,226,
11,0,168,32,54,98,160,150,25,129,80,151,191,4,187,76,82,4,253,206,182,152,151,48,10,
191,137,25,228,161,160,234,70,167,79,217,215,226,250,197,173,187,137,83,30,90,207,239,33,48,
211,177,40,46,117,11,157,120,151,64,46,53,164,145,186,215,153,95,192,238,236,12,40,49,98,
194,166,69,125,45,232,98,195,207,182,140,18,33,231,77,45,118,170,241,35,87,2,20,121,200,
201,238,232,57,233,154,187,169,77,6,36,22,253,135,232,246,96,37,178,207,137,175,216,94,159,
175,198,244,164,230,215,143,65,136,232,165,114,36,183,24,17,194,225,181,114,168,211,141,28,225,
216,180,150,147,41,45,180,54,25,204,198,17,40,12,120,121,174,15,197,4,80,95,95,36,103,
214,193,54,228,251,173,246,23,37,68,21,27,121,48,68,210,44,151,229,171,145,191,96,176,251,
141,224,23,54,203,126,139,30,254,221,168,170,250,237,148,249,13,246,108,245,237,145,146,113,209,
221,222,138,241,85,65,148,204,28,119,183,35,117,3,133,178,120,81,220,59,110,78,103,184,66,
53,33,121,216,91,47,74,128,147,4,148,193,233,91,227,31,34,121,131,98,98,99,178,223,177,
132,29,207,50,46,206,47,207,182,243,34,186,234,74,138,20,39,186,218,161,252,85,233,186,183,
13,144,87,212,222,193,27,29,99,128,164,226,49,70,61,168,61,194,251,223,167,120,90,64,205,
37,133,184,204,86,14,196,88,185,254,254,187,25,132,213,168,18,111,15,229,81,69,61,204,225,
207,251,181,28,249,171,56,167,133,217,186,193,153,174,216,21,8,222,236,252,197,150,78,78,198,
54,177,30,59,143,37,55,221,249,162,227,115,22,111,210,57,85,255,69,53,227,237,224,87,119,
17,212,239,30,94,175,148,3,249,91,36,147,142,72,252,52,240,81,35,206,98,155,146,1,156,
164,109,254,145,218,64,105,88,90,84,60,120,43,93,20,1,237,169,60,23,89,151,66,16,155,
183,136,9,50,250,236,45,18,158,60,204,108,15,193,14,34,96,184,195,128,191,150,246,96,80,
210,110,148,214,49,54,249,81,139,215,152,127,0,202,101,137,90,172,107,42,215,43,247,27,106,
233,6,245,189,63,250,23,149,14,173,11,96,166,83,238,194,219,11,61,68,70,26,96,158,73,
133,124,115,168,101,46,203,139,165,248,184,227,85,10,91,7,12,67,90,38,148,41,171,109,198,
35,101,85,11,3,241,20,134,136,3,102,231,240,224,207,125,242,214,89,56,223,2,195,110,213,
72,124,55,198,106,135,74,23,225,71,95,176,154,98,101,197,145,190,223,252,205,209,75,63,67,
221,71,249,187,207,63,198,164,225,101,182,71,183,28,133,56,245,235,97,66,245,247,255,133,109,
32,109,115,108,163,222,89,150,203,181,9,112,188,219,244,21,77,185,223,161,69,182,231,208,53,
212,51,168,211,125,32,222,110,253,25,39,34,213,249,207,173,224,74,30,65,51,77,94,209,229,
22,135,255,239,90,128,133,61,160,174,56,214,79,6,110,196,57,71,142,23,49,248,17,79,145,
223,115,161,155,140,108,139,183,176,82,56,107,61,202,78,242,162,151,164,4,71,66,172,164,110,
29,172,145,130,171,135,117,123,87,234,38,89,139,106,135,189,54,134,207,54,228,87,13,136,148,
54,255,5,247,152,105,7,169,167,94,72,94,170,66,189,121,64,197,237,204,68,201,66,118,95,
171,177,16,38,144,40,204,165,145,45,231,59,160,195,80,80,83,79,202,76,175,245,206,177,239,
167,96,7,210,124,175,236,97,197,63,33,63,141,114,16,223,9,22,117,143,176,54,84,99,30,
248,113,136,165,140,250,77,175,183,189,191,151,75,116,163,186,157,17,190,127,67,28,205,159,246,
42,224,186,44,145,200,49,197,218,137,252,159,115,70,154,138,73,231,214,194,130,26,123,246,113,
91,45,219,87,177,203,40,52,184,201,51,151,152,159,90,177,130,38,162,128,23,2,59,248,208,
226,64,140,211,14,182,62,180,98,215,92,185,252,103,51,166,93,110,89,81,155,105,223,10,104,
9,192,22,54,251,184,248,233,52,28,104,190,67,141,255,89,217,131,71,249,36,163,123,194,160,
193,76,30,188,200,65,201,203,194,44,16,29,116,83,123,216,228,195,65,129,239,240,130,58,136,
62,245,141,210,82,188,172,107,222,60,234,110,0,96,129,36,56,143,0,246,178,68,2,213,102,
130,181,218,25,2,58,136,77,204,229,190,163,87,180,156,95,230,99,105,182,5,190,205,110,164,
43,201,65,107,57,14,116,19,43,48,146,89,120,136,88,20,49,94,194,159,229,153,183,249,178,
241,229,68,255,47,195,197,47,224,198,31,229,173,171,190,67,8,135,238,19,141,175,140,125,43,
206,252,99,70,205,1,21,89,61,52,40,35,166,82,116,76,98,100,93,89,102,243,1,68,115,
28,177,234,162,208,90,95,8,23,59,145,137,137,212,154,27,194,11,150,34,10,49,94,206,243,
27,58,29,230,73,20,104,139,170,183,137,215,254,116,102,123,139,179,181,235,156,147,218,230,40,
133,112,0,234,243,243,28,192,18,42,254,158,3,39,218,33,247,142,254,177,219,132,65,136,28,
119,157,199,196,137,168,123,242,64,8,29,243,247,156,229,166,0,127,208,34,133,87,44,220,201,
216,36,78,110,227,211,28,153,171,252,234,62,189,19,102,208,217,214,186,39,134,190,199,45,9,
159,17,89,20,76,151,247,160,243,22,68,160,230,225,133,125,92,156,193,128,68,173,226,77,63,
233,253,88,229,109,103,68,40,239,21,80,104,186,129,58,55,254,77,207,44,118,248,28,94,146,
197,118,105,11,22,114,86,56,67,115,129,235,153,224,213,50,221,47,221,186,29,203,26,156,177,
28,5,8,70,135,189,81,10,69,244,143,85,225,165,92,240,12,161,207,243,69,204,137,174,248,
172,62,179,5,86,213,76,45,86,139,180,14,106,213,101,80,188,220,38,94,126,245,182,109,167,
243,216,43,188,240,46,76,100,187,237,52,200,253,125,124,247,87,155,1,162,222,183,138,208,35,
3,99,175,66,98,233,55,26,11,231,156,183,56,67,16,144,75,162,115,152,225,250,171,131,221,
43,179,55,221,138,198,124,133,39,24,166,100,195,89,229,50,22,143,36,53,240,73,159,10,163,
73,213,180,5,60,222,116,5,175,128,69,107,91,214,206,170,189,151,214,105,196,49,64,252,217,
3,246,136,6,242,190,203,228,106,84,47,201,0,66,33,105,199,113,8,198,85,184,35,57,216,
249,133,152,75,112,97,183,136,86,176,210,67,227,155,70,118,150,97,20,74,209,209,204,72,160,
62,171,127,184,13,110,120,89,178,111,115,50,94,140,247,249,92,91,133,242,192,254,229,202,1,
18,0,135,176,233,123,77,28,26,32,36,218,76,94,82,112,26,208,181,172,70,244,35,185,238,
95,24,34,222,211,166,156,195,252,203,175,14,141,46,183,186,231,55,0,148,84,118,79,121,175,
199,82,208,24,102,128,32,234,165,56,206,44,37,118,215,213,170,80,103,216,245,93,241,166,248,
71,126,205,72,128,187,157,252,152,202,134,7,244,240,114,144,248,252,74,234,111,38,165,202,204,
82,45,93,165,179,192,44,54,20,227,226,221,162,133,158,206,220,23,177,254,80,122,19,212,6,
116,63,4,48,92,38,61,99,33,107,181,70,212,62,129,24,201,213,252,216,119,115,203,244,166,
173,113,143,7,120,22,131,187,228,99,210,141,121,20,93,249,241,184,200,93,154,222,228,122,36,
39,80,241,232,66,87,228,41,148,193,148,219,251,165,101,9,101,61,118,24,99,71,114,193,159,
142,12,230,79,120,144,95,60,50,238,114,66,255,140,49,41,100,190,40,71,238,193,74,158,167,
208,148,223,90,170,95,151,79,17,244,47,13,4,183,98,216,69,62,91,168,134,135,41,55,228,
129,212,162,166,161,152,101,166,173,74,246,183,220,117,229,75,220,162,45,101,72,36,17,238,93,
54,140,92,181,66,74,156,222,106,73,212,117,239,206,36,213,226,30,71,176,185,35,193,209,210,
34,79,205,228,21,95,119,21,226,162,222,248,238,54,131,18,220,67,190,96,53,64,219,220,202,
245,39,225,129,181,56,239,247,178,142,55,59,28,202,207,228,41,40,209,184,1,88,215,169,186,
0,191,67,233,134,113,10,45,144,55,90,105,152,140,88,79,47,203,79,111,202,94,194,252,179,
238,77,217,105,194,113,239,119,68,40,172,134,88,64,101,172,246,71,238,16,134,237,33,43,179,
245,129,179,164,127,90,85,85,7,222,247,47,115,20,59,10,75,242,30,164,130,31,6,52,165,
97,131,77,82,58,22,161,74,223,198,255,107,109,94,176,201,97,215,178,169,253,120,94,124,247,
246,54,162,79,108,91,211,6,3,200,37,222,156,161,198,218,150,157,47,171,207,229,11,192,88,
166,183,126,184,183,168,221,234,240,112,189,33,254,96,244,45,47,218,23,231,206,9,126,167,208,
40,196,47,174,178,248,135,191,18,205,188,172,100,225,172,103,94,169,179,81,138,27,207,248,26,
231,179,217,184,216,16,126,16,224,89,109,130,234,49,173,33,246,233,203,128,40,195,160,221,185,
237,67,158,136,178,152,4,70,60,98,1,42,85,138,133,100,174,244,225,253,164,209,20,65,59,
21,23,206,191,128,11,9,108,19,112,140,40,46,70,121,49,41,214,66,43,110,179,9,8,167,
151,10,197,17,63,43,191,107,193,112,39,30,212,27,250,34,130,87,164,71,120,76,83,129,162,
221,202,187,199,4,55,225,105,106,128,9,19,230,154,15,196,166,39,82,20,249,198,168,16,178,
6,196,238,134,250,159,18,249,176,212,208,127,69,92,166,52,17,100,102,22,48,135,0,95,211,
99,28,191,21,18,221,139,138,232,243,215,177,124,190,94,37,127,189,185,92,3,95,47,100,86,
165,244,251,102,177,13,41,17,219,4,116,34,24,190,64,95,244,143,66,63,25,176,222,236,3,
97,198,174,10,45,131,184,182,233,241,121,96,91,109,143,112,223,42,60,92,139,57,110,62,28,
17,200,106,119,80,8,215,216,160,178,58,214,88,157,65,200,18,219,201,156,94,17,155,61,139,
242,207,183,114,106,40,14,36,123,67,179,253,111,208,189,182,128,235,131,188,155,212,73,28,125,
241,174,33,135,167,66,110,142,193,46,221,30,233,100,175,184,251,241,2,114,55,67,101,210,188,
67,249,106,155,145,154,99,190,100,22,8,224,116,102,26,231,182,12,224,149,139,87,177,58,109,
254,188,162,0,241,94,169,228,166,228,71,31,182,44,170,88,91,112,106,234,209,157,142,58,152,
9,80,116,75,233,122,234,69,123,253,123,226,191,115,196,239,112,241,152,223,150,121,234,243,149,
164,79,135,48,36,249,182,3,10,196,135,250,255,244,27,26,114,199,168,36,72,11,41,241,53,
247,70,20,189,5,8,191,185,74,43,121,42,203,255,109,207,11,72,25,86,18,8,197,157,104,
35,247,203,89,185,45,137,250,216,174,162,152,88,119,194,0,178,73,22,112,176,24,251,143,227,
122,124,132,162,63,37,220,104,212,198,120,244,79,196,144,136,254,144,121,251,125,247,112,181,115,
88,127,25,62,153,59,224,207,194,205,67,79,168,89,43,237,226,53,83,124,115,94,158,61,191,
209,133,125,134,240,109,211,199,40,47,24,231,171,83,162,198,239,99,49,209,106,117,113,42,236,
12,10,7,192,141,128,62,66,205,244,126,49,167,39,78,49,84,87,50,64,73,158,96,229,78,
194,7,43,166,153,64,70,230,111,153,162,134,43,8,86,159,34,11,226,125,119,112,83,172,253,
110,201,48,44,30,26,155,206,72,50,205,17,134,107,90,208,190,189,164,204,94,177,104,110,206,
106,229,38,70,154,99,241,15,164,168,86,12,197,243,244,115,192,210,3,157,88,243,12,19,155,
161,205,44,178,50,196,198,208,199,6,252,115,4,250,85,154,52,107,222,43,198,82,246,214,187,
18,151,45,72,136,169,18,187,18,237,191,228,175,190,246,155,130,187,206,153,98,124,170,58,88,
56,225,82,194,165,159,153,135,18,30,243,132,168,202,136,66,56,103,45,22,128,244,224,235,13,
207,127,43,35,118,140,15,177,96,224,88,44,30,131,50,63,96,156,157,139,69,167,123,79,97,
178,164,43,7,34,72,252,158,72,113,232,25,166,77,87,167,109,88,215,35,155,23,156,154,41,
98,107,108,141,186,97,114,225,231,95,229,134,24,102,105,187,244,238,221,229,96,171,227,55,241,
251,82,105,99,91,236,8,156,145,55,241,173,221,122,144,118,94,32,7,31,25,177,33,181,105,
59,181,158,104,231,127,80,255,125,166,195,158,29,116,21,63,160,31,202,89,104,183,49,74,115,
84,45,115,251,208,141,199,176,251,207,197,14,91,23,116,20,106,249,172,251,106,247,70,239,190,
207,239,15,229,176,127,183,21,250,209,52,26,41,148,216,6,86,108,96,180,39,251,217,160,241,
163,101,230,40,249,22,185,11,1,87,151,106,59,64,146,79,78,117,79,51,242,130,190,4,244,
91,71,221,196,89,239,183,233,96,32,68,86,135,205,74,107,155,172,178,251,232,145,168,147,184,
186,52,166,180,155,172,243,96,25,101,99,2,72,89,98,204,53,5,104,165,62,245,54,37,19,
72,59,116,113,13,143,74,254,12,190,92,22,22,221,33,64,48,28,161,225,111,174,29,19,136,
16,175,153,115,52,130,199,36,109,148,227,35,242,149,79,15,45,135,57,239,74,94,153,24,142,
232,50,90,78,188,249,37,169,70,184,174,210,22,9,17,64,156,195,70,165,76,93,211,79,11,
108,15,225,223,155,56,193,116,55,162,188,6,30,57,78,205,18,198,23,210,26,151,147,37,36,
64,49,210,26,4,162,25,55,232,137,239,21,166,104,2,240,114,128,20,73,42,250,147,90,105,
156,245,209,61,61,133,237,231,219,115,167,56,93,177,223,172,4,179,235,155,63,161,197,195,87,
105,4,14,51,43,168,60,153,127,110,51,165,99,44,19,234,58,38,85,9,28,226,30,42,57,
44,34,137,57,118,232,61,40,176,12,165,247,153,50,245,236,119,117,94,70,251,203,169,202,25,
125,88,95,46,44,233,179,205,72,143,3,126,176,36,216,235,156,52,205,117,179,207,59,11,229,
157,201,183,250,236,239,227,236,153,112,116,176,8,82,244,177,172,18,211,241,38,177,38,168,219,
213,36,59,168,62,249,226,87,115,41,189,94,218,8,51,222,56,76,149,60,38,2,46,225,115,
15,204,236,88,59,29,90,13,142,30,159,65,98,208,12,170,42,214,247,218,24,132,234,43,233,
205,139,247,93,108,249,42,90,85,21,102,24,31,132,74,125,246,26,181,60,111,231,74,90,104,
77,230,203,60,176,129,78,174,55,42,37,179,38,207,13,149,238,56,9,221,129,100,215,183,212,
144,186,27,151,245,85,125,48,141,209,124,96,135,177,44,248,65,60,185,170,245,24,45,115,234,
143,216,71,195,31,7,109,227,46,162,229,132,199,109,105,75,196,105,214,135,194,91,16,230,249,
108,169,238,9,200,71,55,75,190,235,9,252,132,149,239,195,121,142,43,252,129,91,148,125,185,
51,88,167,145,222,49,250,6,171,202,124,48,101,236,140,59,43,94,9,106,115,29,122,59,81,
99,110,7,241,90,81,80,198,169,169,83,54,34,210,204,65,65,109,191,193,53,40,34,80,6,
91,151,164,182,144,242,199,61,48,255,242,209,157,18,203,157,145,111,46,11,230,8,148,206,146,
221,219,161,164,142,167,226,114,152,233,254,189,53,47,101,98,199,190,226,29,109,207,47,55,157,
213,49,2,18,146,179,91,12,196,232,62,85,112,103,241,96,1,252,70,223,246,230,110,149,94,
151,197,28,6,31,179,109,155,237,127,235,134,219,215,119,207,187,97,176,42,30,0,63,245,247,
67,203,52,115,93,203,202,197,12,36,227,142,25,240,161,219,33,173,112,69,103,110,123,105,24,
181,212,234,235,49,87,134,102,185,67,122,189,113,62,248,250,186,19,84,181,69,241,30,250,243,
122,55,21,225,130,65,22,117,156,0,177,186,200,225,236,62,0,154,23,137,133,85,103,200,199,
193,176,55,116,26,89,212,122,11,184,49,132,24,179,159,74,15,38,190,203,64,77,163,248,130,
64,35,139,3,165,166,24,100,63,155,244,250,226,68,93,29,93,252,97,116,171,254,134,18,209,
17,110,170,18,117,45,60,174,59,246,118,21,74,1,99,125,167,239,55,242,167,38,80,190,173,
10,238,156,218,236,135,45,215,24,201,142,92,231,130,132,142,47,166,38,142,41,121,169,33,46,
103,78,142,141,11,156,29,68,194,104,83,79,234,160,5,44,243,148,217,101,93,223,202,123,251,
244,182,58,172,230,236,163,42,124,213,0,166,27,160,206,15,67,49,28,79,122,103,254,135,141,
228,68,77,59,40,86,21,111,170,138,201,57,130,255,1,24,85,99,22,95,64,148,44,153,201,
43,136,18,53,155,224,234,28,78,126,2,65,211,197,145,115,129,208,13,37,53,144,155,234,216,
93,159,52,215,240,14,221,166,240,197,168,173,201,198,214,45,61,115,124,44,128,223,254,33,183,
13,47,244,130,179,175,184,217,102,237,174,13,43,114,1,58,135,118,39,29,207,29,205,128,136,
12,209,183,2,126,139,56,37,143,23,84,4,91,48,50,249,250,24,159,137,49,129,152,231,188,
52,54,101,184,236,74,105,114,89,117,175,43,42,194,113,157,211,254,226,46,159,37,249,78,27,
46,21,40,102,120,127,165,45,18,255,183,2,63,183,99,149,101,254,72,177,206,28,18,59,188,
250,166,109,194,141,194,60,96,69,55,114,69,30,214,191,240,61,214,68,178,174,38,240,105,248,
46,144,201,28,251,67,39,134,2,141,81,208,3,16,14,172,1,161,49,195,235,158,204,234,175,
137,47,113,47,189,75,196,151,123,223,172,144,35,200,109,123,218,250,239,223,208,116,72,228,131,
165,188,168,220,224,236,164,83,4,77,12,103,66,56,171,57,137,252,71,221,154,185,81,29,185,
84,243,139,44,234,222,62,233,208,136,17,162,59,69,192,84,14,250,18,124,183,116,69,130,131,
247,18,224,255,68,66,31,238,238,23,195,40,99,196,247,194,65,223,116,31,92,176,119,235,62,
49,62,106,76,72,254,52,2,106,143,50,231,79,156,169,8,183,73,139,199,178,143,209,221,167,
242,186,147,212,71,75,242,7,18,31,224,108,145,126,227,94,225,151,255,174,233,67,1,128,108,
148,205,105,108,13,119,66,133,85,135,158,52,196,52,8,223,116,160,228,237,114,128,106,145,100,
204,65,101,48,194,116,101,49,142,139,33,189,13,142,253,130,233,158,17,128,40,229,220,84,244,
160,164,207,61,98,15,106,132,3,93,164,99,196,26,215,125,22,40,218,235,226,26,95,163,27,
28,43,182,69,23,41,43,61,15,242,78,18,43,19,231,129,220,177,146,119,5,105,12,130,38,
46,127,187,14,149,248,21,197,19,151,162,208,160,141,198,96,39,105,128,181,231,86,109,175,252,
109,67,212,225,165,222,57,85,89,187,77,29,62,101,237,187,169,77,132,93,2,30,233,138,251,
76,126,65,189,98,167,100,41,194,188,158,249,189,162,109,187,68,224,39,221,138,148,52,75,41,
184,123,65,119,163,68,110,14,254,156,212,31,45,19,26,148,47,110,123,94,115,191,195,173,170,
255,153,176,29,121,16,85,101,145,47,116,254,245,53,13,169,75,31,47,29,122,139,2,196,63,
93,94,243,247,93,171,140,66,171,133,222,123,220,154,58,143,200,189,27,140,223,8,94,54,217,
184,35,68,87,253,92,199,37,146,108,117,196,187,23,153,11,139,19,80,44,119,114,236,13,87,
54,162,227,27,97,185,111,100,127,42,236,78,234,240,15,208,203,189,255,144,190,172,242,204,160,
172,207,172,149,20,205,252,88,19,226,137,160,131,20,218,233,115,216,107,184,214,131,17,96,43,
239,72,253,42,197,41,199,234,178,83,164,118,37,192,29,186,119,210,242,157,123,235,222,18,176,
138,42,222,28,28,178,210,15,49,105,87,8,226,190,204,27,153,243,10,5,178,131,56,193,114,
180,69,133,125,90,17,209,152,7,20,119,146,252,183,2,243,186,13,11,147,56,8,6,29,70,
90,35,178,254,151,193,127,6,186,251,80,119,190,236,34,11,208,134,93,157,145,132,50,170,219,
227,101,26,67,14,71,146,149,208,9,2,189,109,137,185,246,122,186,235,26,120,127,93,209,245,
18,229,211,185,109,228,159,138,146,89,197,207,92,61,3,174,138,189,151,41,181,147,135,66,192,
94,80,217,116,91,218,36,64,251,239,250,52,163,146,238,253,162,93,69,146,152,36,74,177,178,
83,188,112,106,27,146,138,227,75,102,137,73,49,157,252,141,104,166,73,99,134,63,88,130,19,
151,18,221,85,188,98,29,100,118,140,241,222,224,198,138,193,111,162,35,179,191,254,19,97,172,
60,242,245,28,219,122,214,242,166,243,104,26,155,43,97,56,180,170,98,49,58,202,190,13,76,
135,160,45,110,216,140,18,142,190,144,215,112,124,79,57,197,23,139,7,139,162,100,196,201,189,
159,175,92,25,168,186,110,146,229,12,54,117,46,104,113,174,34,6,216,232,126,20,154,105,174,
151,106,166,87,201,95,57,34,50,93,212,200,207,158,92,92,153,31,190,230,131,212,134,137,159,
147,111,47,91,120,113,213,96,142,127,64,218,38,14,53,142,231,185,22,44,23,241,68,69,24,
27,236,103,107,60,8,227,155,61,78,195,19,31,95,52,84,138,176,208,213,63,4,231,104,142,
50,139,37,47,236,203,25,79,128,143,129,98,217,116,113,98,212,12,164,245,172,59,186,16,24,
136,143,110,51,91,76,150,217,119,152,56,72,182,65,18,191,109,46,250,110,85,71,23,238,2,
197,224,165,58,147,243,6,131,56,28,139,153,187,196,79,243,238,171,156,18,173,21,202,243,10,
0,7,75,31,59,158,209,150,83,143,5,221,173,153,72,17,145,95,81,55,19,116,33,162,100,
20,218,10,207,12,112,53,58,39,173,120,216,177,159,88,184,161,139,118,97,102,250,251,157,187,
203,177,63,164,76,115,1,72,121,19,213,234,32,200,22,78,249,136,243,220,244,14,121,208,142,
104,24,251,120,176,245,199,76,79,186,67,103,165,146,87,54,174,242,136,83,103,102,35,93,41,
175,82,115,30,164,151,61,73,38,1,174,32,140,126,99,238,162,249,94,171,197,136,80,17,166,
233,240,143,170,51,250,29,159,249,99,214,178,181,98,140,198,40,118,153,198,255,6,32,169,244,
126,189,166,98,18,149,171,31,239,41,45,236,8,211,114,104,55,245,106,196,215,101,19,221,62,
45,153,42,24,157,154,42,18,248,222,188,87,247,184,143,245,17,168,39,221,165,59,124,90,147,
23,4,144,171,19,213,92,10,181,47,162,126,37,204,254,178,12,172,194,227,45,60,237,129,69,
216,145,179,70,57,76,43,255,131,54,198,80,218,172,200,62,160,139,58,126,252,13,171,92,135,
23,199,20,119,64,227,71,210,170,145,85,232,167,147,39,188,233,214,3,121,146,153,0,181,137,
59,63,20,167,201,147,91,104,68,5,66,6,87,109,225,35,74,97,161,94,178,221,95,154,105,
63,83,91,24,199,16,173,230,151,206,67,86,158,206,34,224,155,212,235,145,27,150,230,214,219,
19,136,142,166,140,128,49,220,162,52,209,20,225,74,1,186,216,151,124,134,127,217,208,251,60,
124,151,62,4,246,92,40,23,226,97,53,13,48,232,45,31,36,159,108,173,155,55,167,91,125,
59,56,198,225,220,53,56,234,166,92,38,160,91,178,23,196,255,253,82,134,74,37,47,221,236,
67,172,31,233,36,121,99,154,156,239,240,126,100,26,6,139,124,59,123,141,31,82,64,110,100,
126,71,54,177,166,1,185,222,253,155,24,138,163,26,34,45,19,154,227,148,54,14,204,72,32,
188,246,139,251,94,104,254,117,162,239,72,28,8,105,66,155,153,136,37,211,77,92,93,243,146,
17,209,194,15,250,8,251,98,75,241,75,105,241,5,197,119,7,225,123,59,198,1,81,206,79,
53,210,205,242,80,96,111,226,110,60,176,142,140,198,194,237,227,120,194,105,168,231,85,63,49,
111,175,81,194,218,154,84,77,134,164,214,237,7,232,82,212,189,228,211,247,130,168,35,111,79,
191,224,135,166,125,145,254,143,142,88,165,90,63,150,121,43,251,125,209,103,247,149,2,242,28,
209,172,198,1,252,56,37,70,160,199,88,185,244,214,91,234,216,155,232,182,196,140,5,194,119,
73,139,236,42,34,116,176,41,83,127,26,87,218,95,45,249,77,74,40,198,210,22,38,183,126,
110,42,61,98,152,29,41,217,236,37,73,27,137,17,143,220,125,63,55,111,58,21,234,1,46,
120,158,23,17,232,94,150,124,215,208,23,211,41,192,179,204,129,17,204,63,41,39,61,167,236,
151,241,169,25,8,239,243,64,129,7,213,206,91,133,206,145,197,197,120,25,237,164,50,173,246,
39,255,173,14,212,216,94,39,94,240,242,42,20,188,223,116,20,197,37,14,172,248,193,161,137,
63,32,175,210,16,134,123,202,74,171,124,134,144,14,49,79,187,204,42,64,182,200,34,179,33,
117,218,208,60,187,87,88,109,191,227,115,114,190,151,11,190,62,218,28,66,240,229,59,81,198,
17,210,203,69,190,12,176,56,194,13,81,169,52,238,33,246,146,53,67,163,113,106,132,135,25,
235,153,247,44,130,101,184,31,43,76,237,108,185,174,79,145,234,122,110,125,34,27,204,215,95,
49,71,29,186,196,5,17,13,126,214,85,77,102,89,180,58,49,176,84,166,81,2,139,0,212,
40,52,21,153,174,203,191,24,49,234,166,32,25,81,208,16,145,0,249,174,105,154,215,86,80,
218,54,162,209,31,7,68,42,10,104,221,153,64,93,34,223,205,214,160,121,250,18,72,226,95,
74,235,190,67,197,190,53,248,152,125,39,29,92,79,241,173,42,205,59,181,41,13,80,190,10,
110,52,90,155,141,10,69,145,32,250,197,49,217,169,120,62,51,71,141,206,66,38,237,110,128,
99,99,229,99,87,113,104,137,224,147,240,201,178,43,253,71,248,25,27,31,201,82,140,104,98,
106,247,208,36,117,30,181,195,104,5,247,82,133,198,59,251,95,204,134,134,223,199,43,132,238,
113,252,65,242,101,14,211,247,229,167,42,117,63,164,217,154,36,206,90,251,230,109,0,140,7,
61,216,39,219,164,77,98,95,91,86,136,95,2,128,140,165,35,57,137,177,233,121,190,35,250,
126,89,165,60,140,130,87,125,57,24,95,186,91,243,110,93,93,101,20,14,11,105,188,173,231,
45,221,5,189,170,5,7,15,16,108,161,101,171,26,6,88,158,114,85,58,56,36,210,159,131,
9,13,2,46,223,25,231,0,88,90,156,14,140,172,85,38,187,67,119,104,223,192,73,71,131,
227,237,65,197,17,70,233,30,89,181,245,174,215,159,82,82,111,180,27,45,249,241,118,18,157,
191,61,90,242,96,232,151,65,237,3,13,92,166,234,118,221,159,18,28,210,210,176,29,33,182,
135,107,104,55,162,170,143,197,101,240,115,101,38,123,88,218,131,106,71,58,214,1,54,167,241,
158,177,189,119,35,64,230,71,80,231,9,190,137,149,177,214,171,4,19,121,131,174,167,30,90,
181,153,211,108,106,255,255,19,165,48,206,89,47,159,135,28,208,237,103,152,227,114,174,189,172,
98,191,253,236,59,217,174,183,28,156,244,101,246,122,152,90,163,30,0,82,144,230,66,250,38,
65,89,69,81,74,126,28,182,112,219,236,108,65,248,215,227,90,14,249,230,15,6,209,44,77,
125,208,121,126,92,206,252,179,208,212,157,243,114,79,193,213,83,114,222,222,207,48,177,235,40,
128,66,209,186,187,247,26,201,243,221,20,65,195,133,202,56,139,165,131,103,62,217,148,95,60,
253,226,75,187,79,212,134,66,111,143,207,14,139,60,241,55,100,221,163,204,253,144,224,110,126,
204,187,128,38,68,77,59,168,124,254,245,24,119,62,159,61,62,214,249,63,92,76,230,62,75,
216,236,171,70,197,9,126,114,152,248,47,17,63,126,22,72,226,67,54,248,84,162,16,32,103,
213,148,83,132,54,189,75,131,185,248,248,124,192,92,231,13,3,217,2,1,1,74,191,153,145,
41,248,109,27,240,119,174,124,221,212,212,201,198,2,131,28,99,159,192,104,100,251,208,129,19,
43,164,151,63,253,218,224,232,209,113,206,49,73,234,170,255,154,162,30,8,86,218,181,81,195,
158,194,53,132,225,184,159,117,205,164,29,61,222,47,31,41,156,14,1,140,107,103,232,136,226,
116,136,38,176,103,14,6,15,29,13,3,240,82,63,99,199,254,249,69,30,41,73,149,201,2,
188,98,184,235,220,34,1,149,167,49,146,219,153,104,238,154,122,40,136,149,246,226,230,35,98,
28,16,125,240,154,238,25,28,144,153,154,113,249,96,190,125,199,153,218,117,185,157,213,104,24,
197,188,192,134,245,89,25,116,177,124,33,157,35,122,4,197,69,31,197,183,240,84,47,55,113,
161,138,148,169,23,142,193,62,222,49,133,241,141,4,119,120,11,157,95,232,92,35,232,228,5,
92,200,58,111,112,223,67,113,230,241,255,157,189,180,121,27,61,6,5,207,124,205,154,193,0,
97,217,173,8,117,200,104,73,62,37,82,22,21,140,160,65,129,223,160,168,1,25,251,192,164,
182,138,30,25,185,11,182,183,82,159,202,211,110,76,153,95,138,190,53,141,223,76,110,167,233,
146,134,247,164,212,229,129,140,29,106,34,253,74,52,158,65,132,94,139,252,223,251,16,0,106,
140,180,160,116,78,234,249,230,79,203,108,50,74,18,106,79,195,199,219,35,179,50,173,210,107,
109,23,138,107,96,140,163,38,35,210,244,50,165,216,249,155,58,47,203,48,87,9,3,103,225,
185,249,134,107,77,138,20,24,79,212,168,67,114,184,56,7,91,95,138,144,209,106,39,250,150,
174,33,30,16,203,181,23,237,96,147,115,130,2,146,227,169,44,116,236,13,231,125,217,243,237,
229,39,172,223,250,243,125,229,100,114,161,51,139,220,207,42,66,157,61,101,15,73,231,132,168,
207,73,146,122,233,157,183,25,180,237,111,182,212,119,213,245,59,235,142,121,185,216,21,81,41,
207,104,80,199,208,84,78,191,55,224,153,229,60,132,248,234,227,209,117,153,3,120,65,130,58,
30,92,144,231,204,212,171,103,237,134,114,74,21,106,200,99,238,24,173,92,30,137,186,179,55,
54,127,33,197,77,186,45,50,76,141,44,158,202,126,111,230,241,77,254,136,146,150,57,137,123,
90,14,15,87,181,89,217,64,54,118,91,82,147,209,154,133,2,251,179,110,139,38,160,233,46,
151,165,34,28,106,140,233,250,185,24,69,21,98,223,219,31,33,10,128,232,8,196,138,51,235,
182,20,62,110,19,190,43,218,248,156,129,106,14,80,178,4,191,124,240,192,93,122,192,155,93,
184,167,111,130,97,20,227,56,135,1,92,104,113,121,194,247,34,191,143,165,149,70,26,209,117,
220,175,94,45,159,16,252,232,180,32,169,209,203,119,34,55,12,42,173,183,252,4,136,251,46,
109,212,120,206,48,91,158,244,50,72,152,213,144,11,139,254,159,151,82,231,148,233,109,176,207,
176,129,162,26,126,220,116,177,202,54,111,252,174,166,81,145,200,55,191,76,52,207,199,49,177,
144,76,234,65,156,205,87,85,4,54,50,230,42,217,25,156,82,141,76,57,213,235,169,11,23,
49,173,203,117,248,159,12,202,63,53,117,232,41,200,7,109,30,118,129,62,64,220,59,211,112,
154,126,172,242,156,209,112,58,72,128,10,112,18,54,69,37,142,19,47,44,57,176,1,49,63,
210,145,26,189,59,211,24,147,198,211,199,78,140,124,29,117,177,164,218,48,104,246,70,167,187,
201,229,66,104,50,116,158,152,254,49,141,133,159,147,128,155,235,192,180,32,224,224,248,24,45,
161,2,6,14,123,202,247,163,4,126,53,42,41,237,102,228,197,172,85,31,39,152,76,5,224,
223,157,184,31,58,104,88,234,136,120,176,158,71,234,97,91,247,159,184,65,253,33,101,3,96,
12,227,12,60,143,59,110,252,127,133,226,247,237,152,83,247,17,83,39,46,182,132,125,12,148,
18,153,193,217,148,81,101,84,166,27,136,161,89,145,216,76,127,145,172,248,206,184,128,181,187,
173,2,195,246,166,63,110,125,243,146,226,121,93,62,210,69,192,21,171,90,155,117,242,246,178,
34,160,111,241,241,8,10,52,70,123,2,7,105,92,93,214,54,248,4,165,174,162,154,200,61,
165,25,94,180,216,27,179,55,69,208,254,166,23,124,69,16,247,15,72,45,27,39,84,156,95,
208,226,134,69,247,83,3,73,126,143,141,112,183,177,232,125,60,214,200,54,76,213,232,236,187,
205,64,7,145,180,165,142,127,30,248,158,28,186,87,215,80,173,247,1,84,216,210,28,176,182,
40,21,223,108,86,187,35,9,41,73,211,241,53,33,86,215,89,170,36,43,131,1,90,129,123,
89,171,36,198,240,152,126,159,199,136,239,28,225,155,131,67,27,128,250,153,196,203,84,11,55,
168,26,137,244,160,191,68,203,117,66,88,241,111,123,85,50,65,170,209,201,154,179,69,74,22,
206,0,244,156,164,53,84,162,112,251,59,169,233,68,122,244,3,242,97,19,33,29,117,52,234,
109,67,104,216,4,220,81,102,169,112,50,150,109,134,224,161,59,76,133,11,131,98,145,216,28,
243,56,144,130,123,206,203,0,160,155,205,202,171,8,165,163,120,245,235,90,43,182,61,176,159,
240,189,21,162,175,37,225,135,129,79,194,184,130,88,78,17,219,92,61,159,132,60,253,187,42,
146,170,157,45,229,75,76,103,162,165,73,94,31,145,40,204,240,125,93,184,55,140,222,126,44,
133,51,124,56,37,213,30,32,111,85,44,1,180,172,225,122,49,226,27,77,192,153,213,104,194,
123,11,97,80,253,46,83,98,149,12,75,147,94,124,42,230,240,210,54,230,3,65,125,214,168,
97,209,92,148,94,236,148,22,190,210,87,164,201,215,238,246,187,109,185,52,56,160,200,16,98,
145,18,177,21,100,233,11,173,159,5,201,64,166,119,53,165,14,167,7,231,217,203,124,161,35,
188,206,191,163,79,9,224,167,208,25,64,136,165,1,71,192,173,178,27,42,2,27,94,235,45,
98,183,255,80,250,179,105,192,222,201,127,142,46,248,205,154,106,118,21,158,236,71,32,20,102,
53,123,43,125,129,231,243,42,0,31,19,133,206,174,43,81,216,218,190,208,92,138,120,199,154,
244,242,52,158,83,214,105,73,84,193,68,80,70,195,51,89,167,53,139,174,226,179,172,67,140,
158,246,68,12,89,184,188,192,69,32,238,195,110,220,53,212,217,174,166,171,142,216,141,203,215,
188,24,59,56,244,104,205,43,35,102,14,111,36,208,3,198,199,94,176,89,108,45,201,91,122,
124,164,75,80,17,97,91,34,4,147,114,151,194,84,222,119,48,180,224,90,230,122,88,93,130,
206,183,29,75,242,44,28,155,61,189,187,134,6,200,186,95,203,248,167,245,142,144,114,186,235,
33,29,142,58,58,226,3,56,205,100,23,125,253,42,1,177,29,93,19,17,40,165,238,156,99,
140,79,139,2,37,82,50,63,193,10,218,89,42,9,15,75,229,66,11,240,159,171,80,234,123,
245,157,45,223,96,14,29,3,3,112,21,217,252,131,205,123,176,181,35,87,202,162,189,53,214,
199,25,64,169,233,20,48,194,252,199,242,223,117,146,190,190,71,49,24,187,117,138,225,210,14,
30,69,131,145,148,163,97,157,48,244,166,155,212,188,207,154,114,204,5,86,29,166,230,242,142,
95,146,167,253,137,152,7,229,28,134,74,127,185,76,136,59,200,48,207,108,57,210,71,116,83,
169,39,196,183,105,103,161,202,54,12,61,111,7,17,23,114,148,133,97,84,118,76,105,198,78,
69,83,97,29,67,238,40,243,83,128,214,73,145,67,187,17,66,182,164,238,120,186,71,74,172,
175,73,131,41,162,224,139,195,110,79,108,46,82,187,203,86,119,124,252,209,2,204,163,146,147,
199,252,169,11,130,94,165,106,3,203,154,68,54,109,38,233,94,179,85,40,29,109,189,236,7,
79,3,148,135,162,209,16,246,155,158,187,50,148,126,43,74,98,230,36,78,110,178,204,52,151,
204,224,33,207,207,99,169,206,120,32,51,83,82,228,150,99,167,33,222,237,245,79,37,26,129,
160,140,181,188,81,126,81,110,161,127,171,3,235,246,176,216,7,66,243,11,45,202,101,126,170,
168,108,39,171,244,210,25,25,39,210,214,106,200,26,148,253,183,145,0,164,51,149,85,37,75,
32,188,185,45,216,102,250,70,74,199,13,137,57,15,254,223,254,96,59,94,228,217,121,48,203,
90,178,135,202,62,122,110,167,60,22,68,34,202,212,29,36,159,239,190,159,228,77,172,239,65,
248,24,9,109,230,210,113,47,250,170,126,202,145,112,253,15,136,127,140,138,48,64,74,206,51,
178,54,193,54,148,83,125,240,52,179,105,96,242,62,65,71,69,69,25,60,202,185,150,4,216,
186,66,152,79,169,234,20,4,231,232,1,32,184,171,156,65,231,7,201,204,140,144,99,36,47,
7,24,41,27,107,10,221,84,253,181,3,99,120,154,40,236,40,68,92,155,82,18,140,74,172,
32,245,56,129,10,56,194,222,75,152,26,198,204,174,241,158,156,191,42,132,157,185,7,165,160,
195,188,115,134,79,156,99,131,88,72,145,209,67,183,234,150,225,4,55,76,199,237,214,0,81,
45,146,49,15,144,138,110,99,199,232,20,17,221,224,22,239,17,57,237,236,181,230,82,153,243,
168,10,99,110,64,73,46,81,122,112,156,98,227,219,244,30,41,206,75,117,202,176,107,118,95,
207,88,209,215,2,43,133,160,145,230,1,57,68,103,166,146,253,59,250,97,79,95,59,191,35,
53,65,106,163,45,95,114,195,30,2,215,22,21,0,238,103,57,191,119,185,96,211,184,247,162,
161,230,43,16,41,185,22,46,116,65,39,126,221,91,29,131,100,146,197,211,211,100,201,133,225,
215,58,139,120,73,152,51,10,79,169,221,204,16,236,71,86,104,44,138,80,238,250,189,110,191,
31,211,14,109,28,201,37,9,222,125,143,71,98,4,195,73,245,27,138,54,59,13,104,204,76,
26,243,224,190,66,41,220,120,180,46,251,165,175,114,186,217,166,67,106,55,118,65,100,115,118,
164,102,131,57,227,36,108,251,43,2,64,22,186,109,124,245,10,228,147,163,181,67,206,235,97,
169,104,234,112,203,36,46,122,7,9,197,45,229,155,81,53,36,73,156,184,199,208,85,231,89,
181,205,178,187,31,146,129,195,59,181,35,144,64,159,70,185,252,219,46,176,50,124,107,32,138,
39,123,156,57,221,180,131,132,86,88,71,169,203,163,193,213,7,243,180,25,139,111,95,45,156,
234,90,48,90,103,1,84,185,231,207,157,212,137,166,247,69,189,216,110,222,7,165,159,30,27,
224,154,64,223,224,99,23,57,198,212,122,41,241,32,243,83,48,174,142,140,46,104,75,170,53,
122,156,162,180,17,94,34,180,136,208,173,46,80,46,225,165,13,188,134,226,65,29,222,223,128,
103,31,53,42,199,48,44,243,160,190,71,114,200,7,49,5,64,228,175,102,247,24,162,224,63,
40,238,42,208,120,77,247,8,99,107,153,83,164,94,220,223,110,149,18,156,33,128,223,245,235,
117,99,61,200,154,85,114,26,144,62,87,88,28,154,86,36,162,63,96,1,208,88,4,179,80,
79,116,15,174,191,149,215,143,185,105,100,121,202,131,83,253,101,118,48,141,226,115,2,146,161,
71,80,241,115,147,119,15,191,82,179,48,88,245,100,172,247,87,112,160,97,188,230,63,172,131,
3,33,255,214,29,223,179,124,59,8,171,94,155,202,218,195,49,70,144,149,209,35,60,231,81,
233,255,133,102,120,58,152,242,242,162,196,228,69,188,139,84,186,114,166,123,86,222,242,216,167,
200,86,214,69,181,97,49,172,104,74,7,127,95,224,121,46,123,53,216,207,18,107,102,64,153,
5,91,14,54,13,37,0,70,255,22,105,24,148,122,106,134,121,226,106,164,18,105,199,36,176,
202,67,20,246,103,176,110,3,26,167,91,80,33,125,201,183,68,183,55,42,52,242,89,132,177,
176,205,9,227,228,153,235,97,22,109,124,90,219,7,41,81,106,81,9,187,86,234,60,179,137,
221,153,246,229,21,112,133,181,46,209,1,224,12,2,50,145,212,54,176,62,127,187,48,114,20,
241,232,188,111,120,161,69,74,255,146,187,198,192,235,202,228,77,250,171,81,108,53,26,251,155,
143,115,137,178,98,185,224,151,10,2,238,220,156,120,177,18,101,22,66,232,38,158,57,46,128,
228,190,157,189,164,106,167,249,189,153,44,231,191,202,180,206,212,180,210,245,64,119,79,5,85,
164,234,180,61,106,12,168,194,96,68,44,216,21,88,45,29,195,253,219,53,156,181,147,163,104,
129,98,237,9,204,209,50,166,50,56,227,200,247,103,19,255,149,214,224,27,185,247,120,215,46,
185,116,99,120,246,220,119,1,84,142,35,132,191,12,79,9,30,120,122,249,29,105,191,241,230,
62,208,63,53,143,72,10,234,161,43,134,125,234,21,147,220,6,53,71,42,197,54,104,194,110,
119,135,121,54,166,246,192,27,89,1,172,156,64,60,191,250,134,204,125,238,139,70,49,100,19,
150,41,44,142,232,93,118,92,217,78,199,61,209,154,52,151,207,55,89,19,34,183,228,96,193,
84,66,102,250,245,68,147,148,187,187,81,59,13,131,99,245,135,104,25,35,24,187,134,239,218,
190,57,212,238,108,28,212,183,10,246,112,212,9,254,38,231,125,48,198,130,61,253,159,18,240,
252,126,11,23,151,193,241,251,90,146,254,60,239,41,158,224,188,158,92,228,14,51,83,31,250,
247,117,146,86,79,152,66,16,234,59,117,34,26,26,218,214,3,16,9,208,78,67,56,114,1,
115,156,114,207,176,179,69,44,240,49,238,10,27,129,74,183,153,11,254,103,229,37,218,85,191,
84,162,147,212,211,8,103,95,177,92,64,115,19,184,236,74,50,28,226,135,172,245,88,73,132,
109,67,220,144,46,168,193,18,169,223,96,113,133,70,224,68,219,131,233,144,70,66,131,201,212,
97,195,8,146,172,129,163,57,29,110,248,211,244,206,14,185,55,67,185,14,86,128,140,204,146,
40,213,75,33,26,114,132,239,214,5,204,231,204,70,208,136,52,234,165,7,40,206,72,15,32,
83,99,43,222,74,167,119,255,176,194,222,133,72,136,67,26,185,3,149,35,206,226,59,92,162,
111,229,201,162,182,165,63,185,35,85,67,96,149,59,102,165,125,75,165,227,39,69,77,79,150,
171,97,79,76,120,120,211,219,206,131,61,15,156,129,167,22,151,16,106,247,143,168,161,2,9,
197,105,120,89,231,124,255,216,109,74,206,67,148,85,124,224,47,251,86,18,251,151,36,196,55,
177,165,51,61,223,166,142,81,26,210,206,7,102,51,15,230,80,137,135,232,185,117,182,54,61,
168,184,112,147,204,97,172,164,8,181,215,116,121,178,76,85,31,51,1,147,247,5,10,167,190,
54,185,124,154,221,10,107,198,122,44,54,222,83,34,132,172,125,178,217,45,15,74,53,85,56,
81,186,191,103,141,55,75,188,163,10,155,83,31,233,157,94,151,33,84,120,245,157,41,166,41,
203,195,199,176,34,214,13,114,109,135,167,178,169,198,97,226,138,96,220,226,125,142,33,166,15,
114,251,91,105,2,148,237,250,251,198,13,123,82,218,79,245,11,135,211,36,240,218,68,157,120,
5,15,211,124,29,193,12,154,229,76,240,156,15,116,248,181,255,23,65,255,170,221,82,8,168,
253,159,163,82,230,193,3,5,166,169,55,114,46,194,62,196,12,83,164,200,40,173,155,124,204,
127,90,144,161,123,230,252,58,14,29,102,199,140,38,77,23,70,180,82,246,242,48,115,192,25,
149,30,34,210,63,156,215,44,48,41,188,81,146,23,178,175,6,88,174,146,231,216,152,164,95,
9,255,72,43,38,163,218,114,80,175,21,127,241,136,123,239,42,8,214,0,219,208,126,51,48,
23,54,37,16,135,130,70,25,220,201,143,150,167,90,255,245,126,66,76,154,43,29,210,73,216,
46,73,92,28,18,59,193,57,239,205,108,19,156,87,48,247,66,34,95,184,15,147,67,151,46,
110,191,176,133,64,125,121,180,76,22,196,139,8,142,142,34,39,217,85,24,253,99,228,108,163,
184,130,79,237,179,51,18,92,176,44,108,217,165,49,126,159,252,181,217,229,133,55,165,92,151,
55,20,52,10,3,92,81,226,4,148,52,53,88,78,36,213,71,240,40,35,8,25,171,176,74,
13,142,31,108,230,197,13,213,58,128,216,227,120,144,110,161,56,20,158,94,151,236,217,129,40,
167,31,188,100,188,221,45,60,51,23,212,121,48,47,32,35,3,246,51,222,38,53,130,241,91,
35,239,8,13,127,190,86,121,121,54,240,112,127,37,164,8,165,93,238,142,137,62,92,185,250,
201,122,130,230,123,110,43,239,170,89,86,199,247,200,82,50,144,220,126,100,95,33,170,78,222,
229,174,88,234,157,48,5,80,62,181,17,80,229,121,185,236,141,180,85,171,232,157,17,157,232,
78,159,248,59,18,129,161,9,1,191,144,143,148,134,99,131,58,145,153,53,13,160,154,157,216,
23,91,88,70,113,183,216,58,237,178,184,201,187,45,84,159,16,31,46,104,47,94,173,232,20,
150,219,186,232,139,87,228,61,13,90,45,229,154,0,180,97,178,56,34,209,226,98,226,99,114,
146,25,128,67,238,81,252,46,73,253,42,237,254,50,159,4,182,217,25,198,6,130,228,97,62,
114,245,226,34,0,183,59,73,248,2,92,54,253,25,38,0,87,94,82,41,83,163,226,180,54,
106,134,175,8,46,6,158,78,156,227,101,34,1,63,58,232,96,52,133,186,143,162,199,46,117,
110,124,137,232,100,108,36,54,104,122,13,113,97,238,75,226,24,3,27,106,133,74,63,157,50,
156,84,90,103,163,59,215,188,176,234,20,101,80,174,131,251,36,249,164,188,4,197,206,81,110,
182,174,15,237,47,60,136,167,129,234,116,212,227,227,20,164,179,168,213,7,91,54,95,35,25,
239,108,212,50,36,28,243,87,225,157,134,208,227,146,211,29,229,171,4,176,110,30,70,130,111,
7,6,139,115,46,36,69,58,220,90,246,40,69,16,16,48,199,97,140,57,114,95,106,102,163,
99,72,58,20,136,28,9,83,162,139,196,181,163,148,42,244,3,196,153,58,157,9,187,23,205,
137,40,128,221,187,47,192,232,82,202,112,120,56,202,177,111,190,248,173,126,232,164,168,22,195,
132,45,133,49,57,82,188,218,124,198,254,161,171,138,110,148,74,27,115,60,192,133,216,89,68,
105,26,185,230,169,227,83,211,63,68,82,44,166,195,92,97,53,216,106,190,73,137,231,161,63,
232,52,235,227,3,129,155,6,131,210,243,19,174,100,168,1,227,190,170,120,174,22,52,111,231,
182,89,103,130,51,36,222,160,99,247,157,255,216,76,254,170,55,124,170,54,161,127,212,148,74,
167,152,191,206,225,116,52,215,154,211,150,15,35,106,40,207,204,145,45,246,49,248,147,132,212,
188,138,179,8,85,75,41,193,109,225,221,100,110,177,56,132,221,26,140,87,174,37,181,185,150,
32,99,187,38,239,201,7,156,32,75,43,93,41,164,27,15,248,204,42,204,250,230,52,121,217,
53,113,85,245,147,69,6,186,21,83,66,203,67,52,101,243,203,1,107,52,202,19,136,0,169,
49,211,13,202,125,126,209,192,132,190,4,16,48,76,84,240,38,23,86,42,242,54,151,174,95,
124,124,22,160,238,102,195,63,195,125,119,141,209,118,157,73,194,188,209,219,114,106,216,66,72,
127,135,22,70,230,147,0,7,207,36,174,186,227,137,161,197,186,153,152,51,122,139,156,207,182,
20,220,97,81,104,198,25,106,25,4,253,207,178,105,108,28,170,115,117,27,18,9,160,74,199,
30,39,223,111,252,14,246,82,36,45,175,42,49,246,29,147,237,118,105,95,201,86,185,205,104,
29,101,33,166,194,167,187,0,0,236,60,51,150,183,27,166,67,97,59,77,161,42,230,3,22,
233,131,196,183,152,160,36,232,96,39,232,53,208,215,113,16,252,120,165,195,97,244,30,13,11,
170,65,117,242,170,5,119,120,64,25,227,177,45,172,238,45,77,109,1,18,32,126,172,57,118,
24,7,123,17,155,10,51,136,86,96,122,117,229,68,176,242,184,252,160,241,30,195,230,117,152,
229,69,109,225,133,214,32,121,122,62,97,104,249,212,18,43,57,186,102,104,171,40,103,94,179,
142,130,161,93,202,163,13,60,17,48,202,161,169,130,73,133,83,242,219,204,150,222,52,142,15,
59,204,75,147,9,72,249,86,72,190,125,133,212,41,250,244,114,215,243,36,65,71,141,20,16,
123,166,190,31,232,199,71,134,70,227,30,72,58,44,94,125,63,140,77,4,239,164,202,76,64,
199,51,39,240,27,106,34,185,81,159,24,79,47,196,97,109,92,179,145,79,117,84,255,213,172,
124,38,83,202,19,146,239,78,33,158,252,70,77,230,17,188,235,18,47,37,162,250,202,11,175,
90,19,71,246,168,15,165,91,129,69,251,6,151,180,81,193,232,251,30,136,211,59,244,235,152,
191,210,173,230,8,196,225,21,212,168,72,198,204,191,102,187,131,35,76,235,184,216,2,238,17,
252,237,254,73,243,225,158,121,65,0,65,0,47,94,158,164,79,214,253,130,100,188,226,223,217,
163,193,204,207,190,219,105,37,246,29,81,206,181,217,86,238,236,130,144,107,66,72,115,112,250,
156,160,30,89,183,214,69,55,98,145,18,168,14,4,22,149,188,146,155,65,58,227,22,38,8,
14,6,83,173,21,46,32,189,175,194,27,54,207,177,47,48,85,176,86,212,29,196,242,210,165,
109,110,111,159,59,176,182,81,224,143,179,172,148,197,55,25,19,35,189,41,106,73,64,209,40,
95,70,52,136,129,84,186,5,227,93,171,32,92,30,255,132,220,203,3,181,74,73,214,108,248,
106,102,65,22,14,0,225,253,105,112,164,207,172,158,197,126,224,22,39,54,34,50,81,212,144,
137,103,224,219,49,67,82,246,13,94,220,240,207,15,94,31,193,43,43,140,109,210,126,0,120,
79,137,230,238,141,194,209,4,10,101,152,199,231,254,155,207,171,218,248,64,190,37,199,202,160,
150,75,20,114,13,184,177,36,147,140,213,122,234,86,18,163,157,199,124,61,69,98,136,78,173,
173,29,87,237,154,109,62,166,43,66,180,217,227,172,153,63,156,48,173,112,244,159,239,164,164,
9,228,218,226,138,108,182,117,105,243,249,239,21,46,86,237,95,94,28,127,128,172,177,33,245,
173,116,92,172,140,68,243,104,228,40,144,19,26,225,224,9,26,244,252,128,103,231,114,113,41,
210,7,198,129,201,49,73,185,167,83,83,31,223,9,52,91,26,100,130,23,33,128,84,170,175,
132,47,197,98,48,23,133,159,70,47,9,112,216,166,151,121,179,147,32,181,0,31,205,174,86,
220,128,120,175,51,238,62,202,142,185,59,164,26,167,188,231,61,25,162,220,6,189,58,23,249,
13,225,37,249,130,76,108,193,205,135,107,214,216,133,120,222,73,152,81,199,187,19,19,239,99,
8,231,123,151,78,221,85,252,95,31,112,233,29,159,124,241,81,104,91,177,145,164,232,77,6,
76,123,82,147,187,49,1,233,208,219,10,239,178,134,169,233,35,127,120,69,15,124,61,143,225,
204,102,60,146,12,233,231,184,31,153,180,44,205,253,145,92,187,40,172,82,245,26,97,163,237,
143,185,55,72,221,39,206,142,134,128,250,195,34,13,6,178,83,115,131,125,148,8,87,80,13,
250,88,41,192,163,19,103,116,50,23,82,121,190,25,197,223,155,247,219,222,206,227,251,68,31,
224,110,233,208,249,171,169,187,34,202,90,169,87,253,184,0,254,180,168,126,86,74,45,121,60,
104,80,107,42,103,151,74,6,206,222,149,228,140,251,232,82,55,102,189,4,220,100,147,72,76,
26,233,244,82,161,94,167,117,176,86,7,18,198,21,14,154,64,74,185,229,121,156,104,232,254,
237,155,96,204,210,118,90,27,90,176,116,161,217,224,250,86,81,227,154,53,170,72,204,18,129,
72,64,85,68,178,247,198,211,98,113,77,120,59,86,2,53,138,9,114,242,214,126,135,211,183,
119,150,17,220,252,131,241,39,214,221,179,201,219,101,206,16,100,65,209,215,228,251,129,156,217,
61,135,44,220,164,63,253,156,164,246,210,177,167,44,179,11,234,82,59,66,250,11,81,227,112,
229,137,177,38,120,180,223,101,229,235,110,135,172,189,208,197,232,98,234,172,7,115,205,244,17,
69,125,136,131,235,34,111,23,248,128,70,97,77,16,199,46,183,116,200,95,222,172,125,56,1,
167,12,165,139,237,34,187,218,187,247,161,72,37,73,139,54,172,133,183,208,155,74,17,141,66,
201,63,104,208,145,159,5,210,202,172,42,76,94,45,102,162,8,245,88,16,49,164,234,165,143,
41,35,217,192,186,183,57,12,158,246,85,40,178,32,109,129,167,195,117,253,154,19,181,202,74,
13,43,11,108,191,102,249,132,233,162,168,55,198,52,90,176,151,31,93,177,157,226,73,212,81,
208,69,203,24,198,154,70,232,4,97,127,84,19,88,193,133,89,195,226,109,176,139,150,203,51,
244,213,47,226,177,172,119,116,12,10,89,174,254,35,196,12,35,105,234,10,162,160,67,138,223,
237,54,210,46,21,70,210,237,233,82,140,0,61,137,188,79,45,56,124,157,253,146,70,137,200,
169,85,96,90,131,35,190,133,85,42,161,224,93,73,73,137,213,55,80,24,198,80,46,175,229,
7,94,34,155,65,63,174,158,94,123,115,27,196,93,71,235,254,136,76,207,73,123,157,6,121,
97,78,127,197,72,188,164,48,212,158,129,31,35,78,1,64,73,121,92,160,171,27,193,147,238,
83,91,144,92,152,160,235,201,83,56,124,174,227,120,64,140,7,96,1,225,5,133,41,209,135,
91,58,126,241,183,100,116,202,202,9,88,221,250,86,242,202,198,50,212,147,117,150,58,62,68,
134,238,157,232,123,230,222,71,207,61,97,222,91,143,48,21,188,132,20,202,218,182,28,142,44,
142,119,75,250,222,212,121,8,77,150,147,182,58,206,43,131,156,219,87,159,29,188,147,6,18,
104,92,52,123,156,35,136,126,55,152,59,227,70,249,196,163,75,109,237,137,191,80,90,147,28,
64,90,197,130,111,128,151,212,154,251,51,51,237,51,27,203,60,150,44,235,149,80,112,74,136,
213,130,189,237,28,19,156,213,39,226,90,215,71,37,18,130,26,229,147,162,22,103,166,188,33,
226,131,66,52,165,172,119,208,232,37,201,222,64,0,19,118,236,202,196,90,216,210,4,156,29,
137,222,35,83,196,5,149,162,3,218,61,1,119,73,8,156,64,62,8,177,7,156,136,44,106,
68,65,64,162,111,189,202,25,46,219,58,145,228,2,253,74,179,57,106,213,124,111,24,60,162,
246,110,69,79,189,226,169,23,54,128,70,187,78,67,92,36,78,184,194,88,63,177,254,22,245,
104,5,71,131,12,38,233,56,232,20,238,120,175,91,33,204,149,52,207,222,89,158,221,17,1,
57,145,149,116,89,244,193,38,106,135,69,62,162,41,73,124,167,198,163,123,71,139,130,154,32,
214,93,204,116,124,9,223,173,50,171,117,19,214,162,244,122,0,238,44,16,79,184,167,223,26,
229,156,208,199,127,126,101,97,238,171,152,82,91,178,199,169,191,53,252,181,241,111,25,184,80,
64,31,142,4,95,255,102,124,255,119,79,199,216,241,224,22,15,123,98,69,229,194,66,26,107,
146,14,45,221,220,79,74,2,123,95,35,114,92,26,83,61,75,39,69,183,163,203,33,29,199,
99,224,19,86,102,230,26,109,172,96,170,106,61,4,81,194,75,135,244,66,131,5,150,235,124,
180,46,101,248,0,24,227,80,37,86,1,255,59,154,25,193,215,218,149,85,104,107,44,236,214,
54,241,223,230,88,128,36,232,209,161,230,73,72,42,128,79,246,75,20,145,186,154,215,96,190,
131,216,56,41,150,219,121,94,74,24,107,156,141,19,16,237,196,166,132,62,251,241,242,1,18,
93,191,74,133,102,92,252,44,238,88,175,193,221,132,229,231,210,172,154,33,46,97,112,1,25,
156,193,84,227,201,135,92,68,170,169,119,249,172,201,13,88,97,27,1,252,62,245,141,121,215,
189,206,117,185,60,253,119,49,66,52,139,244,204,124,160,188,0,164,138,17,222,26,71,205,208,
86,200,41,52,157,8,110,26,229,178,11,0,54,129,54,2,242,118,140,107,173,213,168,238,134,
186,234,94,32,236,110,240,62,221,246,233,217,119,5,111,137,103,36,125,163,140,153,56,128,90,
161,46,98,159,172,187,198,248,235,153,66,178,105,154,233,9,0,117,127,209,4,164,160,103,130,
2,200,113,148,8,85,32,208,91,214,31,97,250,155,151,94,232,175,167,245,51,36,117,73,98,
145,207,83,164,163,89,209,141,74,94,80,17,220,24,127,91,69,3,147,207,112,178,147,248,135,
97,163,134,243,73,211,187,143,180,183,142,132,148,29,84,174,23,194,119,8,46,110,29,93,240,
154,54,134,138,159,242,87,114,88,236,157,119,181,64,116,238,85,187,134,41,196,54,55,96,104,
209,101,116,222,148,20,105,79,90,68,158,95,159,153,238,60,171,198,39,188,40,7,49,213,52,
219,165,82,31,81,145,78,11,173,51,83,67,218,244,178,43,182,196,191,226,165,83,145,91,63,
32,211,240,173,97,65,15,70,71,196,74,184,131,243,161,231,248,105,245,143,208,136,132,231,178,
36,168,51,205,2,137,182,125,181,7,126,145,76,208,167,76,161,127,165,83,38,51,202,131,213,
65,213,25,75,25,120,84,1,180,72,229,204,97,222,166,237,187,201,183,74,33,182,176,36,10,
82,99,56,225,203,144,178,76,161,168,83,15,232,155,12,251,112,53,191,249,218,210,250,184,208,
49,13,44,194,37,195,201,69,63,132,168,177,3,35,203,147,69,118,152,39,171,239,142,84,152,
49,205,250,43,169,187,102,182,20,136,225,192,9,185,216,177,106,0,63,72,64,39,191,65,79,
157,141,28,205,92,87,45,204,20,169,169,166,36,235,91,52,219,75,203,177,12,116,115,201,65,
150,108,95,242,209,87,80,56,111,110,3,214,45,1,5,159,15,87,242,168,31,249,153,158,19,
76,228,17,4,140,168,211,15,46,172,75,246,168,16,35,176,237,251,131,225,228,230,83,94,242,
11,76,239,138,235,43,231,116,61,126,58,162,110,180,3,155,212,42,149,83,135,173,253,104,153,
178,233,204,169,60,214,226,65,247,162,186,197,90,26,249,123,156,35,164,68,140,52,78,238,27,
161,82,23,197,202,98,148,238,187,152,50,63,46,157,230,150,24,69,188,143,160,201,129,79,170,
96,139,227,13,144,250,126,51,88,29,8,50,245,220,5,250,4,236,160,30,147,73,125,217,132,
119,190,214,214,219,74,186,48,18,78,163,165,133,243,36,97,92,28,199,111,50,139,251,13,119,
236,170,201,75,217,24,83,215,229,130,32,246,139,213,190,39,76,99,84,220,203,209,228,85,96,
83,144,217,21,213,101,116,82,171,151,140,166,114,211,8,117,55,76,48,46,23,84,199,245,13,
158,209,96,196,17,91,97,117,131,116,86,209,108,133,219,119,86,78,66,127,207,246,158,37,99,
205,119,68,131,15,34,105,186,89,77,47,208,80,7,155,241,221,184,66,235,164,22,56,5,219,
107,240,157,177,177,4,23,28,186,194,113,135,84,15,87,104,253,156,168,140,98,72,80,93,133,
45,171,84,178,191,195,190,117,12,245,94,158,130,180,65,173,50,1,99,174,37,167,193,59,47,
215,81,224,80,89,16,66,198,251,160,61,59,152,55,248,37,202,207,194,223,133,87,43,71,253,
43,158,129,98,50,155,231,151,22,22,136,192,160,74,18,178,174,201,156,97,207,1,219,233,183,
239,37,46,229,57,8,177,8,184,177,245,96,106,169,109,230,174,175,108,181,154,44,223,52,126,
149,250,110,46,164,24,111,151,230,39,128,109,251,2,101,235,212,121,74,7,130,230,65,36,48,
87,213,38,63,156,57,187,42,228,152,44,133,176,143,173,191,255,0,154,34,25,131,175,97,251,
13,45,248,156,164,180,26,230,43,98,126,78,201,46,160,208,125,160,253,235,83,126,15,246,247,
219,30,54,185,219,118,220,56,69,93,214,124,218,226,164,221,196,176,204,189,110,167,138,186,91,
186,91,209,120,151,38,162,95,85,102,19,68,144,171,146,60,35,45,186,219,208,13,240,29,95,
250,225,248,143,219,127,187,15,228,87,168,79,37,121,141,169,14,67,134,194,210,185,218,193,177,
97,30,55,91,114,118,115,1,139,152,205,212,252,128,80,190,234,203,51,143,29,69,191,0,212,
134,47,85,13,73,217,90,18,78,68,218,42,96,21,161,107,164,103,184,238,23,70,226,59,27,
230,240,196,180,207,31,157,195,180,243,66,212,24,180,205,95,158,129,231,217,233,122,192,203,51,
2,151,187,136,115,93,36,225,30,146,39,103,143,135,164,3,41,126,161,175,240,253,134,142,150,
49,103,157,20,80,163,241,122,174,78,252,184,91,232,172,39,228,109,68,71,53,20,66,78,119,
98,180,138,126,208,147,142,103,21,151,20,79,235,89,221,232,194,192,246,13,211,110,236,40,251,
5,207,6,55,119,101,150,178,55,176,240,76,13,142,72,32,57,21,47,239,22,21,174,104,184,
187,12,161,118,140,40,191,99,167,60,42,45,216,111,232,11,129,150,72,19,168,151,88,186,104,
89,247,210,147,234,218,220,246,186,26,1,15,248,185,24,109,31,187,184,91,33,19,14,85,0,
125,161,230,189,137,243,31,181,20,193,89,206,127,36,99,41,229,44,64,223,207,40,68,172,95,
41,51,208,64,208,141,71,233,71,207,52,248,115,207,119,102,198,7,138,76,12,124,153,159,106,
76,215,56,26,6,82,161,107,87,241,43,134,103,150,28,98,67,111,89,208,252,153,205,49,155,
246,163,71,200,182,172,227,150,54,196,187,27,55,19,120,4,247,49,244,171,216,58,90,37,56,
118,17,94,150,51,195,33,38,103,254,2,237,43,143,13,60,193,207,62,107,167,85,115,239,150,
82,144,160,241,57,186,137,201,137,152,44,130,213,27,33,169,127,36,242,45,248,132,98,243,219,
170,235,210,163,113,122,135,23,54,139,188,150,200,82,255,46,166,188,74,39,155,26,87,96,145,
169,120,12,249,14,8,68,142,195,24,44,147,125,215,125,18,157,109,208,237,117,85,39,188,31,
37,143,39,106,193,16,25,108,179,77,87,180,123,137,19,162,129,69,243,171,187,209,193,146,148,
205,17,178,141,178,211,201,189,187,2,148,10,120,142,155,30,198,245,66,207,21,174,167,66,56,
247,150,166,129,145,106,127,58,115,103,80,91,179,228,255,56,226,36,61,157,223,64,196,23,201,
193,110,128,19,49,10,240,165,23,143,67,62,8,51,134,100,166,90,190,146,39,218,170,235,209,
117,91,78,158,213,196,167,46,145,185,150,2,36,120,212,224,154,11,49,123,140,124,46,223,26,
247,196,225,206,86,136,182,238,170,215,202,247,227,232,179,232,38,149,212,81,186,208,216,249,10,
140,133,129,203,185,227,26,111,235,177,79,236,249,200,109,210,252,150,201,17,221,141,207,168,60,
173,241,117,196,118,224,179,149,1,61,99,220,30,146,26,35,109,113,14,100,124,224,243,40,237,
234,93,150,165,57,55,95,155,204,106,49,101,172,104,251,245,212,211,37,4,78,141,249,244,248,
161,22,162,110,100,51,105,122,115,126,104,206,98,94,63,111,212,11,100,52,100,59,165,231,108,
92,49,172,114,33,49,159,8,150,38,190,129,150,136,113,238,126,18,158,166,200,86,228,143,240,
0,247,73,229,121,182,239,193,56,87,0,234,47,238,18,143,224,0,15,145,184,100,106,84,50,
76,251,142,219,235,63,44,228,110,180,124,185,162,26,131,213,89,25,98,43,47,143,198,80,45,
179,149,59,38,22,9,162,208,80,49,104,187,210,175,178,230,147,131,9,251,209,61,225,121,63,
172,201,112,138,75,209,149,30,194,90,57,36,164,221,31,69,1,253,224,110,151,253,227,93,165,
46,121,5,60,84,187,67,194,53,112,65,71,147,204,214,119,229,151,119,115,76,85,115,192,120,
32,222,92,159,79,76,56,244,156,74,116,208,153,91,7,157,190,55,210,116,135,49,239,13,117,
182,186,184,250,63,112,165,179,143,228,17,90,170,144,169,14,65,208,43,179,235,8,96,45,78,
168,125,217,41,28,37,231,220,190,35,70,126,59,83,222,83,106,77,239,31,49,69,200,2,173,
133,29,28,101,51,133,240,196,107,118,126,141,252,23,194,27,230,223,233,101,26,4,174,62,194,
241,111,159,129,97,247,159,227,94,50,55,236,79,190,29,26,192,245,65,173,105,180,84,203,231,
41,48,56,126,181,198,182,133,37,161,238,169,156,240,55,3,202,126,228,173,210,145,42,43,86,
24,15,63,39,39,54,162,204,114,137,39,179,42,141,117,237,131,247,28,103,132,158,235,82,0,
27,146,20,203,149,218,36,2,159,19,58,234,59,72,149,230,209,52,18,194,143,123,155,23,205,
230,14,39,212,114,84,250,36,45,246,87,137,83,233,138,188,241,188,46,39,189,102,179,157,171,
168,82,2,172,242,221,51,90,196,252,32,42,245,207,113,1,130,23,40,36,132,157,30,207,105,
114,154,235,120,192,35,238,157,140,199,185,69,127,61,181,131,146,42,217,71,189,90,142,166,97,
67,110,173,32,154,175,17,171,144,234,157,201,159,135,34,245,245,144,145,246,129,86,152,75,126,
66,160,240,137,212,143,101,75,241,185,228,221,77,155,59,234,211,242,20,51,121,118,61,202,98,
184,211,161,198,136,44,17,221,93,192,22,239,148,250,58,200,197,135,156,205,36,250,209,27,59,
143,45,221,76,124,239,12,132,198,182,217,188,209,214,61,242,37,151,109,251,24,2,249,122,153,
130,136,217,216,226,132,167,33,167,235,7,68,20,70,105,74,252,198,54,215,250,99,207,108,100,
216,204,162,0,173,233,222,230,2,235,87,210,166,242,171,138,144,228,158,17,158,40,23,251,113,
45,11,109,66,27,128,204,161,226,80,90,39,144,250,189,181,156,51,39,22,240,73,187,208,126,
229,92,58,30,231,23,108,156,198,29,21,238,68,191,93,134,73,49,131,125,35,115,192,214,200,
247,251,254,234,134,2,135,158,241,96,181,15,229,127,224,29,14,228,54,38,236,133,189,124,143,
242,254,12,78,161,171,174,108,156,229,122,164,150,82,55,148,118,219,67,183,102,165,192,32,86,
126,5,97,172,146,106,73,97,196,143,136,45,40,214,125,117,50,232,70,229,183,47,6,191,76,
245,154,24,31,31,204,149,158,151,211,75,198,184,131,97,202,238,120,37,33,192,165,193,89,72,
252,57,92,167,141,89,184,33,54,96,226,224,183,108,189,159,196,239,131,226,63,66,89,110,217,
178,54,73,204,128,28,165,22,85,113,211,93,35,225,149,202,144,58,67,129,90,203,244,253,152,
72,78,254,236,114,67,3,178,214,238,21,219,24,5,155,242,248,237,67,6,97,134,185,216,124,
219,135,22,63,44,118,23,189,36,126,185,104,236,115,254,125,195,188,181,82,122,247,74,92,151,
195,250,249,203,180,182,114,231,34,192,85,39,124,29,162,135,157,75,62,169,70,152,68,5,69,
165,56,144,240,89,112,160,104,18,168,86,26,133,138,23,141,166,37,73,187,178,200,198,51,152,
62,204,44,255,105,226,194,46,203,196,2,46,245,89,90,198,96,232,172,10,57,21,94,247,33,
196,156,242,246,226,51,142,245,82,218,70,107,206,136,241,85,5,135,249,83,185,80,194,90,38,
246,9,134,67,59,202,137,162,126,126,181,181,107,126,215,97,119,36,229,5,96,218,8,66,188,
74,7,85,236,185,101,191,191,56,217,153,61,31,20,229,100,225,234,232,14,87,150,131,47,42,
17,97,208,58,177,164,6,55,5,112,39,195,51,123,85,114,164,245,129,80,237,92,182,32,51,
110,72,255,132,96,216,250,38,246,143,243,172,188,230,255,30,237,56,236,25,170,255,86,59,135,
72,223,93,64,29,177,197,2,150,104,48,22,138,23,122,173,197,202,58,24,246,142,141,246,105,
43,19,179,101,246,128,173,171,244,140,0,25,254,172,169,109,93,150,31,18,9,71,143,246,213,
63,39,16,192,56,241,135,251,233,128,170,66,122,106,152,227,15,31,244,154,213,199,248,252,147,
189,50,78,191,194,1,232,110,178,101,66,62,79,165,214,14,221,112,48,177,85,240,62,241,151,
46,200,66,143,80,37,111,46,198,223,225,169,161,0,121,210,171,161,155,70,58,179,234,187,240,
180,45,95,14,132,225,69,243,133,246,57,199,157,141,81,47,255,24,210,21,74,132,121,24,79,
98,176,249,84,54,200,56,43,165,112,35,89,115,203,105,154,95,59,13,118,49,39,53,143,169,
135,136,106,130,41,176,70,46,142,16,195,96,170,26,12,134,166,26,72,50,43,193,124,55,29,
140,135,105,197,209,163,118,81,80,73,21,40,236,51,117,183,90,32,13,47,196,64,55,128,44,
236,46,203,242,181,217,44,21,144,53,22,24,45,236,164,140,54,68,40,20,153,39,162,165,163,
194,90,123,221,225,200,166,1,176,40,155,230,119,15,236,151,15,20,133,126,12,47,99,92,223,
87,251,26,226,117,142,154,221,233,197,46,41,239,223,250,59,71,92,120,185,102,28,223,35,245,
108,140,231,114,201,114,99,183,110,115,42,180,79,85,19,38,200,15,207,91,148,232,170,51,141,
145,42,86,24,26,81,104,99,166,26,137,99,112,229,206,208,160,82,28,148,74,175,245,194,69,
46,28,208,85,237,0,33,68,133,108,12,140,92,250,146,183,145,36,91,10,68,168,162,163,118,
159,217,178,73,117,196,192,222,19,106,142,187,208,126,205,26,93,121,89,188,111,171,200,147,149,
229,248,144,192,248,243,178,139,179,255,250,211,159,246,232,49,43,230,65,221,143,42,100,51,77,
187,47,252,173,152,120,3,26,30,54,134,170,59,9,248,142,250,92,4,54,173,254,232,238,89,
216,235,109,187,168,115,70,20,128,28,254,28,79,209,19,208,182,87,148,40,236,185,214,83,9,
100,229,60,173,37,228,34,181,124,143,150,214,192,118,15,178,171,49,89,99,169,87,207,72,9,
166,1,235,143,12,41,120,178,77,248,71,38,138,20,105,135,247,53,125,44,96,163,93,168,169,
210,202,69,123,227,82,189,230,99,114,142,209,151,31,74,142,126,195,15,40,140,150,124,113,111,
110,197,143,43,223,156,88,87,133,179,77,174,229,143,73,158,125,221,236,118,156,165,142,140,198,
228,33,21,102,10,126,29,211,145,171,5,135,176,109,223,98,99,46,131,253,58,159,86,52,245,
184,227,222,163,101,210,227,109,155,154,98,192,237,233,60,43,161,217,68,66,58,108,70,109,145,
164,214,44,146,195,227,225,42,21,244,163,16,240,159,118,108,20,188,99,80,142,240,48,239,119,
90,197,104,116,29,57,132,184,232,52,7,37,27,251,48,91,174,246,99,15,1,212,187,14,202,
211,249,49,218,152,197,211,244,83,45,48,221,143,71,202,119,12,29,77,6,221,197,179,19,188,
69,150,178,160,142,26,180,101,97,62,19,182,42,94,140,11,66,135,224,200,201,177,40,200,189,
61,156,83,155,140,161,85,220,162,158,165,128,156,14,104,142,140,157,99,49,193,200,134,61,40,
40,179,195,152,132,21,208,146,95,172,38,67,164,215,0,195,102,148,251,216,19,40,186,193,252,
144,208,252,1,99,228,144,229,243,209,249,37,173,137,42,8,181,116,213,45,218,3,252,44,186,
89,221,218,192,109,118,254,20,178,79,27,83,228,71,203,142,22,153,150,3,79,68,112,89,137,
160,31,244,156,235,15,246,178,182,127,59,105,42,9,159,156,56,215,241,53,201,107,35,81,34,
47,16,159,58,1,255,231,17,55,9,91,184,0,229,45,157,243,160,126,13,115,18,248,187,108,
73,167,234,58,209,28,121,220,52,11,60,211,206,128,71,195,250,251,229,235,94,15,174,207,52,
149,136,155,231,67,26,181,118,195,136,18,98,105,61,9,29,27,182,121,164,150,209,76,151,78,
100,128,101,55,177,201,165,42,78,122,48,102,180,139,169,85,81,17,175,113,71,166,103,220,72,
90,178,123,222,150,206,166,120,54,26,140,94,179,47,201,14,185,28,65,206,32,124,211,136,160,
125,187,218,240,165,206,226,32,20,141,167,93,62,131,131,70,250,30,139,95,151,79,33,241,244,
97,4,51,59,63,195,26,189,221,144,221,207,183,137,169,74,68,244,211,199,3,123,165,8,156,
113,130,254,149,34,181,234,75,236,43,165,84,96,23,7,102,209,20,61,212,29,214,244,91,233,
19,143,111,108,232,239,231,219,5,182,198,105,26,30,237,66,162,166,73,6,202,219,66,239,169,
0,135,142,244,22,167,59,130,14,23,119,110,231,139,208,79,140,255,47,241,214,138,171,122,31,
52,10,31,110,158,119,13,74,47,82,227,238,108,17,247,10,179,72,236,67,39,115,176,37,80,
185,84,250,169,202,7,54,15,217,166,88,160,66,223,98,108,65,197,17,46,247,38,135,203,38,
214,241,119,41,133,155,210,107,249,73,94,49,207,19,78,38,245,176,86,174,253,6,203,113,60,
169,12,156,117,178,142,96,166,157,24,189,176,79,38,217,137,28,39,93,249,184,87,210,6,106,
195,128,60,99,80,75,128,12,200,206,119,229,77,9,170,156,142,210,55,103,196,112,191,166,246,
107,61,216,125,15,130,199,208,237,214,74,50,79,50,78,103,203,48,188,29,154,55,53,193,160,
152,190,42,181,52,227,14,63,253,0,95,23,4,146,146,135,21,209,214,25,35,63,18,234,57,
162,70,130,168,67,75,181,43,166,16,241,112,120,134,255,174,195,107,217,222,141,204,184,20,86,
31,101,2,183,230,73,189,175,45,224,151,150,136,33,233,197,37,254,130,189,110,252,144,95,134,
108,111,215,121,235,132,83,36,157,243,97,208,242,76,87,228,241,233,44,164,60,13,16,88,30,
58,102,18,233,50,199,207,91,142,127,100,203,4,112,55,121,168,177,120,237,135,36,67,18,110,
25,170,114,240,5,185,64,10,158,60,176,196,217,122,45,171,171,29,96,110,146,233,98,89,105,
143,41,101,112,163,103,194,83,99,201,189,156,183,255,42,7,246,178,133,65,241,72,172,21,8,
79,26,8,134,88,57,35,181,189,31,93,54,239,18,121,153,66,199,191,33,48,145,76,234,210,
241,175,252,138,203,175,79,170,216,182,58,192,27,201,62,208,238,82,180,68,212,51,228,104,85,
9,209,138,218,55,147,212,171,103,53,251,199,109,54,178,250,129,192,121,211,38,224,153,152,178,
117,246,12,250,143,219,13,249,156,147,211,241,185,138,106,196,101,76,146,189,84,92,227,42,186,
100,241,62,239,219,211,3,43,28,188,205,198,2,146,243,149,147,151,3,70,100,62,137,81,180,
80,242,84,202,1,198,247,8,128,160,243,189,182,230,255,149,240,0,54,254,242,59,238,102,136,
206,38,161,160,102,198,85,68,40,61,161,118,44,118,132,17,178,117,125,164,26,7,49,52,22,
186,12,97,196,157,159,170,237,149,142,42,186,136,64,49,2,34,211,80,130,85,168,94,46,180,
204,134,208,192,231,194,211,220,57,5,58,185,155,37,217,242,249,172,67,70,16,237,75,78,110,
0,143,177,133,45,172,51,95,64,124,149,74,39,29,228,56,101,163,50,139,130,5,162,198,5,
80,130,9,174,116,33,64,241,19,133,112,94,183,115,159,55,170,215,189,176,67,102,43,150,28,
65,96,44,196,187,178,64,17,78,211,78,64,59,193,219,161,134,241,65,193,78,77,181,172,217,
17,119,121,85,72,0,100,237,143,99,71,227,103,207,103,111,174,111,82,21,226,131,47,68,207,
223,80,253,54,197,67,10,76,255,93,123,125,174,176,72,177,200,218,212,19,101,132,94,182,203,
53,6,76,182,219,201,238,124,215,78,181,212,58,8,45,78,204,123,197,64,1,55,120,88,135,
97,76,241,105,52,205,148,174,128,117,107,172,100,51,34,94,161,37,232,52,166,244,130,211,57,
51,56,69,23,145,26,93,51,227,105,155,1,103,73,56,231,254,40,170,13,49,107,194,17,113,
202,90,218,70,133,169,76,217,199,139,185,6,49,51,180,184,113,66,7,238,146,223,4,51,9,
151,131,248,193,118,217,83,11,159,231,73,100,132,18,157,65,154,75,79,121,89,243,201,4,43,
187,205,244,219,131,74,28,151,71,134,242,41,147,19,18,210,76,224,199,52,218,106,19,36,26,
235,103,219,4,19,246,133,203,206,181,72,242,125,75,235,230,166,196,229,242,199,78,255,242,173,
64,153,164,111,60,127,112,89,90,161,192,107,214,91,57,225,112,120,81,59,243,65,159,89,46,
249,247,235,31,172,210,87,187,196,101,38,219,13,44,131,126,176,29,202,180,92,211,141,138,194,
143,221,62,74,197,80,108,194,63,7,24,231,170,98,39,193,189,16,32,140,176,140,5,109,107,
244,132,165,162,102,180,153,252,129,127,37,20,92,173,39,194,235,198,192,144,196,151,53,57,235,
81,164,151,238,211,57,171,174,116,105,220,89,250,13,173,106,46,160,178,78,43,154,118,251,71,
154,111,36,149,126,222,11,118,150,8,19,174,124,133,133,135,198,167,19,120,210,195,39,216,119,
19,4,88,48,229,175,64,156,59,230,154,68,87,19,135,71,135,205,106,144,40,167,179,181,206,
61,97,71,185,215,64,15,23,158,25,229,181,211,94,207,40,236,56,213,189,25,12,115,0,12,
38,163,254,141,49,63,87,55,78,248,242,93,66,111,139,155,250,246,19,148,80,160,28,236,169,
92,94,25,33,162,145,102,238,209,87,225,131,1,109,203,82,123,253,89,0,8,54,73,94,230,
84,175,214,174,107,144,14,89,142,67,110,35,221,181,122,161,177,126,69,94,232,135,30,26,119,
85,238,89,184,236,22,82,70,160,228,114,50,249,227,157,29,254,175,204,93,22,49,247,235,20,
188,135,146,129,139,10,205,177,83,52,192,92,7,72,31,246,94,231,28,98,230,10,69,93,56,
198,194,235,186,123,246,240,99,187,57,58,99,85,33,250,183,37,17,146,162,141,167,166,64,90,
1,57,168,57,60,216,207,176,234,74,167,175,8,95,5,246,148,114,228,172,255,116,57,76,187,
95,24,193,140,101,65,153,178,221,49,243,253,78,227,70,94,48,110,162,15,77,18,159,29,3,
228,199,56,148,132,101,178,126,128,125,234,127,246,63,247,62,86,203,207,127,204,101,210,201,172,
11,102,144,181,149,248,34,166,86,234,106,118,212,20,141,177,18,101,164,178,32,172,154,212,114,
197,17,142,87,154,108,191,131,66,170,83,68,227,213,173,100,223,181,185,247,39,228,86,118,169,
21,249,164,232,244,151,223,221,94,87,50,163,164,38,198,144,34,72,102,194,163,137,84,240,155,
16,22,44,160,109,58,17,48,234,188,225,120,237,112,76,44,248,157,221,59,175,202,171,91,106,
148,87,3,235,220,159,134,221,48,215,98,137,242,231,87,36,102,169,61,4,151,125,68,108,68,
226,177,233,153,195,30,158,75,61,28,55,163,117,33,139,190,25,147,254,95,101,12,9,211,17,
81,146,28,161,91,111,144,24,120,70,210,117,44,171,129,39,46,219,83,28,168,69,210,119,82,
131,190,141,78,202,53,109,194,6,240,156,96,116,117,167,158,213,218,184,24,24,27,225,77,83,
149,96,170,107,4,225,153,59,249,222,188,118,105,155,248,130,35,172,118,52,232,153,105,233,39,
65,229,103,244,74,139,52,51,85,91,241,52,208,235,79,223,188,29,158,62,36,9,246,160,177,
142,203,46,27,52,169,41,190,34,233,36,189,80,73,233,123,161,105,44,106,18,255,69,170,179,
105,182,110,188,236,114,156,178,31,87,235,239,204,206,253,74,119,60,224,181,145,47,243,38,165,
174,168,171,123,1,230,43,73,125,109,73,162,206,254,238,39,74,103,205,80,61,115,130,197,80,
20,164,154,225,233,182,150,30,18,200,91,3,134,38,85,240,245,241,215,9,56,232,142,133,154,
83,2,205,233,0,44,135,143,225,168,251,59,95,45,77,75,225,179,156,218,11,74,47,71,109,
147,65,48,246,219,190,13,242,71,89,172,55,210,110,40,67,242,102,68,111,121,201,57,157,189,
204,202,38,126,107,238,243,50,101,39,204,6,181,20,138,159,252,213,28,22,182,33,66,210,253,
151,193,27,120,83,187,182,188,37,72,29,172,124,108,143,132,216,178,125,65,176,212,68,72,194,
201,181,208,166,99,62,9,25,230,202,124,110,175,85,216,133,207,187,161,24,39,98,140,138,203,
124,167,85,79,158,134,90,229,100,177,195,131,248,86,58,203,142,77,161,220,85,171,193,112,121,
58,36,77,251,218,183,191,126,8,78,186,10,213,12,10,212,91,84,48,244,144,6,112,130,133,
41,9,57,230,143,224,74,135,216,25,89,54,44,183,246,10,172,88,135,44,151,213,151,160,222,
207,114,26,73,220,79,206,204,141,37,4,95,203,64,82,177,233,251,218,200,106,180,154,174,52,
154,6,7,242,65,50,42,13,153,159,71,230,97,37,91,1,216,156,44,17,45,0,254,69,151,
165,193,14,157,5,233,139,58,185,56,44,160,172,99,234,250,118,211,111,60,98,205,220,78,186,
138,125,27,39,29,31,124,141,136,151,22,190,218,88,57,107,110,173,123,117,163,100,178,14,141,
103,159,55,203,222,64,18,219,11,157,12,220,153,166,121,28,171,123,131,69,155,93,212,80,187,
204,140,65,70,41,194,153,239,124,167,33,179,232,155,148,6,233,14,215,16,222,22,159,214,111,
186,27,107,192,162,245,147,100,58,181,32,201,70,208,141,245,247,203,44,164,221,255,30,24,77,
201,37,132,136,135,117,176,192,205,84,46,238,74,244,207,215,163,164,169,241,184,186,117,92,103,
101,208,97,179,255,92,158,152,100,3,208,181,245,93,141,98,105,157,206,98,158,248,179,13,171,
21,250,178,54,35,59,49,58,17,49,223,37,202,195,152,64,175,10,148,45,146,212,38,91,137,
231,17,151,95,190,11,203,161,90,182,26,9,11,175,72,190,216,90,186,119,78,200,117,85,242,
16,64,14,35,135,235,112,84,157,140,172,90,64,140,48,56,134,188,235,210,98,117,26,108,4,
245,18,164,78,74,215,166,90,255,124,186,60,171,148,40,129,134,177,14,118,252,28,182,21,5,
166,227,13,195,97,161,42,175,242,240,138,208,217,183,30,40,200,119,98,80,244,172,101,241,232,
249,43,122,103,173,218,84,26,67,206,130,220,149,133,79,179,58,114,37,181,140,68,239,20,217,
241,238,82,0,176,233,17,217,133,144,185,96,136,19,170,121,203,164,141,236,131,148,65,115,139,
117,25,217,71,81,61,153,130,230,62,140,90,71,206,22,141,220,229,151,188,249,49,58,141,167,
90,125,53,20,86,113,49,38,48,96,254,16,30,28,55,201,13,2,31,106,166,179,47,245,14,
85,119,79,80,192,171,197,105,12,168,195,77,28,181,79,23,102,229,47,8,189,118,82,217,25,
117,69,37,188,124,43,46,127,109,150,70,4,169,183,52,49,210,52,226,16,17,237,139,131,103,
170,245,32,47,82,157,47,55,48,222,192,149,238,116,62,190,120,41,78,144,171,127,106,72,228,
187,214,3,163,70,245,123,178,154,255,136,99,73,197,155,90,179,222,139,91,9,103,47,51,80,
165,35,210,206,28,48,166,52,158,86,178,181,54,48,125,107,16,122,249,19,69,2,8,227,253,
11,211,243,232,239,115,220,217,8,82,72,229,85,82,138,246,59,172,178,206,42,4,156,155,42,
77,13,139,15,29,225,242,237,166,164,200,15,17,197,50,39,242,153,201,216,143,92,100,8,239,
51,154,226,200,107,158,154,50,112,12,196,200,20,71,189,236,1,95,196,137,206,223,30,90,3,
162,198,224,65,149,246,146,95,91,97,206,242,119,15,145,145,224,122,77,194,138,49,240,194,0,
156,8,63,192,233,45,157,39,169,140,82,157,9,12,243,188,17,186,98,181,82,78,68,100,33,
29,177,104,219,36,72,9,188,150,44,185,110,104,103,233,137,126,226,111,64,113,54,106,50,33,
96,90,82,224,163,47,132,82,98,51,161,203,55,118,213,169,115,229,139,194,243,195,162,199,172,
223,136,234,255,30,25,136,33,89,79,107,80,199,214,249,223,16,194,237,182,66,9,225,187,21,
1,125,113,241,65,111,68,243,156,24,168,142,69,169,64,181,38,77,99,175,68,72,244,122,252,
182,42,239,187,119,138,222,131,131,76,250,66,47,113,177,32,108,118,23,248,79,195,251,116,251,
5,98,67,83,74,92,153,226,250,133,122,149,149,63,124,40,141,193,35,171,161,145,219,123,173,
145,23,17,150,23,0,62,5,114,222,164,251,9,8,116,34,122,157,60,1,221,229,77,16,203,
233,177,80,60,241,49,0,64,105,11,32,40,191,108,139,20,106,86,57,130,96,74,29,235,222,
65,208,62,137,193,140,67,65,84,184,48,200,181,35,71,43,67,33,86,37,112,97,253,78,222,
221,25,117,112,245,215,72,41,223,166,237,81,77,255,147,217,247,188,49,192,153,251,117,85,94,
178,53,95,37,46,0,66,7,37,248,75,11,180,181,247,94,84,25,249,16,178,18,251,139,21,
38,143,187,142,148,31,9,129,57,234,19,204,219,14,207,169,29,34,84,74,101,112,214,190,140,
27,87,88,19,53,199,113,95,171,164,242,180,184,7,78,145,115,234,187,130,204,172,247,249,91,
245,114,215,229,12,239,22,213,234,66,148,22,165,187,32,39,197,176,96,99,162,174,245,140,201,
227,165,131,93,121,184,78,183,123,212,228,188,225,105,215,109,12,95,149,129,183,77,153,206,228,
23,118,47,225,107,240,226,144,54,66,134,7,166,24,151,168,41,89,209,167,45,71,56,201,137,
29,120,152,154,59,123,94,127,100,226,149,228,185,155,161,72,195,116,250,37,25,147,28,203,52,
34,185,188,153,40,148,68,3,114,141,217,146,187,77,178,175,155,198,71,1,124,201,59,126,44,
131,77,89,115,85,42,139,174,151,8,66,122,91,32,126,145,129,19,49,104,89,206,215,4,238,
18,92,185,158,115,83,219,146,148,136,156,17,169,138,153,52,25,137,142,133,217,61,61,190,100,
152,15,219,56,241,210,36,28,178,175,238,217,81,131,249,231,32,246,200,221,238,157,72,108,221,
173,185,154,133,65,24,131,99,127,216,15,210,130,129,76,199,184,212,4,250,63,74,177,76,71,
27,168,18,71,188,183,29,192,126,204,99,82,194,111,114,91,59,163,166,86,104,120,237,222,73,
34,146,111,136,216,83,232,29,249,114,148,112,170,239,166,209,187,8,186,5,131,96,161,202,129,
49,0,153,86,135,31,50,3,130,54,169,56,49,208,198,107,23,16,95,204,122,117,14,93,200,
192,20,13,121,171,185,220,254,149,243,243,152,102,101,94,153,94,157,167,32,8,191,232,226,145,
131,128,139,2,92,229,69,184,135,92,57,148,8,246,143,228,201,240,152,171,223,13,52,7,100,
202,122,19,50,223,205,95,61,187,138,250,227,160,0,3,101,44,126,112,51,203,184,223,253,6,
219,98,79,164,33,104,232,174,195,121,120,1,9,253,64,37,188,170,101,156,221,176,93,92,15,
76,156,119,174,178,184,165,56,168,248,36,218,97,224,176,49,219,253,250,108,50,76,47,58,165,
237,103,192,221,183,124,39,241,46,228,85,14,31,142,210,124,28,91,48,189,17,0,243,212,189,
146,138,241,107,215,171,24,177,78,171,64,174,17,6,211,129,48,74,1,96,29,63,128,64,46,
115,245,94,111,32,227,228,113,112,75,202,113,169,89,179,21,172,43,180,179,42,40,205,174,139,
171,159,36,82,12,138,253,161,99,99,14,193,252,222,140,22,163,213,230,190,83,47,33,48,164,
35,224,32,160,61,160,106,53,59,23,34,222,238,90,212,42,31,253,49,79,8,174,95,134,152,
6,9,60,181,115,128,155,219,23,119,65,183,46,206,145,220,131,7,78,215,66,65,190,150,209,
56,80,242,179,127,14,216,194,116,55,163,165,71,52,42,225,221,70,31,41,58,54,29,185,237,
193,43,24,238,88,51,57,245,248,153,164,122,78,162,109,67,83,208,139,3,198,194,10,125,165,
174,77,125,174,87,241,235,98,16,232,232,246,193,113,211,120,69,235,105,169,251,11,96,250,91,
40,110,208,87,117,81,133,155,88,179,132,203,190,228,78,253,34,204,38,98,42,223,222,157,191,
205,206,174,100,201,233,211,170,211,216,144,139,92,4,169,133,239,124,55,29,212,163,114,123,1,
225,30,247,163,136,14,243,233,154,95,218,125,175,29,246,227,45,199,37,67,153,158,11,121,24,
212,116,76,48,131,198,216,224,0,22,28,121,5,13,243,121,96,137,117,74,236,236,108,45,116,
139,250,101,67,36,23,77,77,31,67,152,253,184,31,77,234,16,47,181,250,68,234,61,197,238,
105,199,191,35,155,65,125,55,248,65,242,48,53,210,95,105,57,73,102,155,182,6,133,63,43,
124,99,100,184,3,170,128,204,180,85,63,36,241,177,250,99,106,6,227,100,104,100,189,141,245,
106,93,54,12,220,20,122,165,113,225,243,156,115,173,168,193,104,121,240,85,13,31,236,91,1,
191,39,79,32,207,130,158,119,99,245,236,236,243,44,91,150,71,43,37,46,29,187,28,241,73,
119,159,14,15,74,101,18,78,139,48,83,251,4,72,189,53,147,121,240,225,163,50,214,102,206,
6,245,136,151,214,41,93,129,72,97,89,179,153,186,72,41,50,25,46,60,153,142,41,102,236,
114,116,12,129,187,226,184,10,145,104,171,175,247,139,90,150,12,28,236,127,56,57,201,235,72,
87,255,19,116,164,237,54,164,165,133,227,4,145,222,46,221,126,44,95,84,87,194,247,60,69,
62,40,113,119,193,173,233,118,254,55,9,144,247,253,133,131,168,230,148,57,175,139,212,246,52,
226,254,243,74,90,212,16,27,32,163,12,94,253,3,171,236,179,225,219,178,130,21,14,131,226,
71,3,11,99,134,70,135,208,209,84,48,124,193,57,88,67,154,9,149,139,53,35,148,169,201,
53,39,89,193,46,178,107,229,88,207,119,254,91,196,155,4,102,234,129,112,149,157,131,205,206,
234,5,202,161,23,82,83,108,87,252,67,239,191,223,212,243,101,158,149,126,28,50,51,138,149,
74,27,5,23,68,124,84,133,238,91,84,22,162,88,215,37,96,76,124,142,156,145,45,247,148,
183,74,80,11,132,211,143,90,94,27,254,43,48,197,184,241,75,184,246,73,191,106,160,56,123,
185,83,201,59,71,186,106,226,118,133,127,31,167,17,11,229,15,63,25,55,83,184,200,201,82,
114,57,153,236,139,168,64,191,32,248,113,186,27,41,242,32,26,73,25,236,235,137,84,177,0,
144,228,153,118,160,16,41,145,220,56,111,146,200,11,191,214,72,112,215,88,89,172,11,214,183,
39,171,254,9,73,89,12,57,120,144,101,66,54,233,50,161,138,119,73,9,24,43,238,24,127,
67,154,86,221,81,125,207,49,14,29,204,238,237,129,231,237,175,208,10,110,122,102,170,70,70,
195,84,97,10,190,44,253,120,18,126,244,0,67,215,87,194,168,133,68,105,153,31,87,107,237,
35,69,178,62,126,185,97,56,73,199,217,123,39,200,186,96,4,178,34,163,15,47,71,24,35,
44,104,223,32,208,217,79,201,183,57,208,159,205,22,50,195,54,41,87,68,199,53,238,66,67,
66,89,236,222,95,124,82,71,147,226,126,5,227,243,182,162,103,122,131,161,40,160,96,218,111,
208,48,243,92,55,26,104,50,220,152,244,179,159,185,120,126,210,252,77,238,167,47,70,247,52,
4,217,3,166,128,120,29,123,204,76,79,135,18,244,153,1,187,95,6,219,160,141,40,48,229,
17,25,2,98,153,122,218,198,47,116,223,122,157,64,236,97,155,167,29,113,103,136,186,137,71,
139,74,6,22,13,96,202,232,233,78,179,205,86,26,114,247,220,143,80,232,150,201,226,140,214,
147,116,23,239,166,206,45,58,190,99,113,102,234,121,21,110,67,205,26,122,10,148,14,248,143,
173,235,18,95,106,113,99,164,85,129,247,1,203,84,25,92,148,55,227,228,164,120,61,107,235,
217,42,180,103,170,138,167,139,17,196,14,47,32,219,20,208,28,38,184,46,99,215,10,119,113,
190,160,126,120,133,168,8,217,2,129,16,50,191,34,231,61,188,240,209,127,172,83,178,69,90,
239,226,238,53,54,152,82,193,119,54,98,235,189,167,48,75,223,194,51,97,20,180,20,21,137,
155,22,68,63,13,139,67,235,209,175,163,139,240,152,85,126,42,226,125,82,138,225,48,197,40,
152,3,35,189,35,232,215,98,47,86,167,253,226,79,237,168,70,95,216,211,33,140,250,226,198,
31,234,87,58,185,75,10,113,255,51,183,241,23,22,101,219,7,215,4,250,29,44,94,156,17,
99,102,138,2,232,38,43,147,45,224,90,219,19,159,186,214,61,192,113,0,104,241,243,38,7,
184,190,30,228,194,231,92,153,58,127,239,31,39,51,179,77,150,156,203,192,154,147,7,151,168,
82,180,115,17,130,131,168,58,236,82,230,154,14,156,237,155,177,43,213,116,169,252,103,249,62,
96,145,222,74,152,190,196,123,165,214,149,189,210,97,86,70,254,250,141,137,229,108,108,97,237,
16,180,249,234,150,157,64,31,53,138,22,4,2,250,28,123,116,212,221,113,185,76,71,155,91,
146,45,167,196,251,200,135,95,49,193,181,54,251,224,101,137,85,70,167,121,122,149,64,204,30,
68,210,20,190,119,108,222,130,135,53,38,145,65,199,248,137,121,163,154,68,67,64,156,94,161,
176,84,243,153,105,212,114,64,2,141,189,59,240,227,238,117,238,170,57,172,116,59,109,117,80,
224,146,47,172,116,238,87,136,228,233,66,178,239,199,54,71,23,4,154,224,12,49,208,202,138,
172,137,42,199,127,5,59,228,169,39,69,135,56,101,2,121,85,151,178,139,126,247,89,88,19,
161,186,48,34,158,195,148,221,74,33,223,21,55,61,240,230,67,255,84,225,146,230,215,165,57,
194,51,222,5,59,186,255,23,118,255,38,221,172,110,10,185,212,31,252,6,235,85,68,178,1,
134,76,117,23,231,13,87,56,102,151,12,189,147,113,26,181,92,236,17,48,182,152,43,214,127,
221,232,197,175,215,238,52,253,74,156,107,78,42,60,129,11,35,6,206,149,95,40,86,67,112,
150,51,191,85,134,140,255,45,252,236,194,190,138,36,120,66,33,137,208,200,130,81,238,124,98,
10,42,112,55,98,113,201,1,34,150,42,52,195,117,136,239,50,210,40,211,73,57,248,95,89,
137,75,124,143,255,184,105,73,216,209,219,223,117,84,85,185,218,59,150,221,225,44,39,75,101,
78,23,93,228,81,179,185,190,46,9,40,117,42,156,72,157,91,0,83,122,19,93,163,178,56,
48,155,71,169,249,230,222,71,37,210,174,237,6,236,205,123,32,43,45,54,255,154,144,22,139,
72,221,186,11,130,176,208,154,77,134,234,135,255,184,15,73,108,54,221,178,190,30,160,233,193,
178,210,76,242,122,164,176,242,112,89,155,179,114,20,93,62,36,51,234,71,139,58,201,128,202,
157,173,113,160,187,91,72,218,40,140,223,44,149,188,65,39,188,34,247,97,248,30,112,81,104,
235,210,55,66,52,244,126,156,107,211,86,128,237,237,184,226,227,126,203,134,111,72,80,112,6,
19,24,85,198,151,198,225,161,202,253,156,23,232,97,217,76,229,70,33,236,206,189,249,97,115,
24,226,166,132,139,101,80,215,115,107,128,128,20,44,229,108,152,12,172,145,122,128,78,248,250,
174,14,96,252,22,155,194,139,199,209,178,157,44,171,63,138,26,225,16,124,239,184,88,161,99,
217,44,224,172,141,137,138,167,220,147,39,201,24,142,57,19,120,190,82,93,97,18,106,103,109,
228,112,235,188,42,107,176,108,214,219,76,252,41,94,65,33,209,16,222,242,242,141,111,16,111,
95,114,251,76,30,128,38,95,140,178,194,200,226,76,181,119,207,37,110,252,81,72,3,67,114,
51,215,66,203,119,200,144,21,105,12,123,77,218,19,55,18,86,87,110,18,122,255,104,135,149,
74,240,62,212,65,218,130,90,31,119,158,76,25,156,161,157,102,90,197,115,254,102,81,183,21,
14,191,153,76,210,217,238,205,92,26,207,209,149,251,72,196,154,220,244,125,117,62,118,214,4,
49,24,219,14,62,131,246,70,108,121,173,34,196,138,4,90,19,40,91,197,206,43,153,187,9,
207,202,111,240,187,181,247,141,9,91,57,144,70,230,122,120,173,175,128,188,64,179,138,96,232,
201,166,92,215,152,58,98,198,159,0,161,197,189,208,218,26,203,241,103,1,7,169,22,136,226,
117,129,121,94,220,63,66,5,133,120,112,3,190,206,73,208,156,123,59,239,47,176,161,113,75,
14,61,78,204,222,3,9,2,72,9,67,25,93,4,100,172,154,205,5,0,60,7,80,220,252,
255,153,249,230,49,62,228,183,249,181,153,239,86,221,46,141,32,46,199,139,218,37,221,83,149,
191,66,201,248,150,119,135,228,229,60,101,12,125,239,2,141,163,102,48,137,165,188,245,253,116,
245,190,111,115,197,157,58,105,48,175,145,6,212,31,254,36,147,123,95,155,228,98,255,184,213,
171,207,219,78,188,133,254,2,38,93,31,196,170,76,83,150,15,89,26,195,224,191,203,84,33,
181,52,31,64,229,228,179,178,249,173,158,214,243,136,113,82,0,64,208,160,173,87,191,29,240,
90,149,33,241,195,167,187,164,141,92,39,233,97,151,15,245,175,226,122,51,75,154,27,157,1,
95,169,58,148,46,229,145,122,38,82,31,14,149,14,181,190,21,107,65,23,45,238,174,10,25,
70,249,36,45,173,222,226,243,61,74,203,41,223,89,194,88,81,17,45,131,190,201,227,76,21,
60,61,248,18,68,110,134,39,40,28,16,38,151,102,49,167,155,76,212,78,136,146,134,6,152,
11,47,60,172,211,227,237,149,66,60,51,235,150,90,202,200,85,157,128,18,247,255,235,87,188,
167,234,181,94,11,24,159,152,188,239,207,146,251,178,243,143,110,219,13,135,49,36,155,162,175,
142,9,217,200,71,235,166,254,109,57,237,87,34,5,187,214,125,117,223,12,221,9,71,88,235,
198,169,233,6,16,190,181,237,56,104,243,59,218,187,52,108,59,4,142,211,115,114,205,72,87,
0,246,160,19,42,95,252,80,25,65,71,109,160,103,189,102,235,29,48,126,167,149,30,246,168,
200,229,249,47,247,155,66,145,60,137,2,28,24,32,87,196,235,193,55,159,133,135,250,67,79,
160,36,210,68,255,52,136,254,125,244,181,204,208,180,101,62,158,34,15,46,222,104,34,195,10,
119,198,8,80,83,107,100,116,145,2,122,136,18,214,199,37,87,237,85,24,179,21,242,35,114,
70,127,137,246,229,94,16,125,236,127,23,61,12,122,71,180,121,193,92,146,34,37,182,141,2,
68,239,166,205,202,168,2,65,115,194,108,163,219,63,3,239,220,86,170,134,53,141,105,174,100,
133,72,143,37,156,166,220,39,183,14,206,65,229,174,248,173,209,22,131,154,207,129,24,22,207,
72,225,14,60,237,218,105,181,99,61,156,34,122,127,32,207,117,93,200,94,110,22,197,250,117,
50,156,200,72,27,91,32,105,128,228,59,2,111,248,236,41,135,153,243,155,18,167,99,28,207,
140,86,107,15,45,42,132,38,36,127,26,192,75,243,224,192,18,180,158,12,239,76,2,54,61,
200,68,58,211,198,5,206,208,228,222,216,233,144,167,194,70,31,60,223,8,60,122,92,129,154,
148,2,227,237,112,38,251,7,157,100,122,119,60,45,70,251,152,89,202,224,236,224,9,163,155,
124,49,4,101,22,54,51,111,190,49,135,183,107,55,178,234,156,175,152,130,163,248,75,139,53,
169,8,172,181,117,51,90,193,5,152,218,223,77,70,60,129,226,123,245,208,51,247,62,29,169,
56,246,21,245,162,67,135,148,6,68,186,2,113,101,108,65,153,85,241,108,68,169,79,90,12,
137,200,109,230,54,120,163,64,223,84,156,37,53,200,73,107,112,145,74,147,181,171,162,75,124,
162,44,227,71,98,144,44,127,182,60,57,55,145,157,251,84,13,160,31,161,188,190,156,224,19,
1,222,0,33,144,153,169,84,202,21,65,138,23,3,10,26,17,121,83,216,103,100,37,44,199,
131,193,169,232,167,96,54,104,64,33,174,140,1,106,232,101,134,62,244,239,122,4,233,15,18,
64,4,85,80,230,96,119,32,161,168,37,82,215,40,32,87,23,203,96,224,116,150,71,173,220,
31,179,92,212,187,218,84,165,97,191,194,234,55,175,105,65,152,53,8,134,97,230,137,152,111,
148,251,246,71,48,92,227,12,110,208,228,127,160,220,10,135,55,96,152,24,173,119,10,32,128,
78,244,39,6,38,80,45,233,127,86,78,33,77,163,94,25,203,25,241,173,84,75,28,52,20,
208,22,26,133,186,2,250,233,72,81,99,167,37,231,22,116,51,115,236,136,17,205,46,9,195,
110,69,10,205,22,141,139,196,169,196,177,116,100,21,244,123,77,147,249,157,175,175,114,25,104,
35,97,158,160,99,245,8,36,124,156,181,204,48,51,71,115,201,122,118,42,104,76,199,137,188,
33,79,72,7,64,26,213,188,14,219,222,43,29,192,138,35,227,186,165,45,142,185,0,186,5,
104,39,179,253,178,129,109,137,35,251,200,134,64,235,152,235,85,255,42,150,98,230,226,138,112,
209,111,18,168,249,197,249,210,142,219,167,100,158,183,195,15,103,137,10,25,77,87,49,15,56,
126,237,195,72,6,0,13,208,152,252,223,71,235,209,22,216,102,185,110,74,47,121,223,17,234,
99,10,20,218,67,148,131,5,98,162,20,36,43,172,22,138,29,11,230,52,241,198,28,138,33,
175,143,75,210,74,136,5,202,40,248,123,44,61,15,62,15,114,203,170,254,160,42,83,115,60,
56,25,58,164,172,106,45,152,57,91,218,66,163,31,92,181,230,126,167,235,70,1,216,233,120,
248,143,92,232,33,200,10,87,133,163,75,241,74,215,209,153,13,42,253,163,75,81,207,244,159,
63,71,207,160,234,183,190,149,24,47,33,232,128,151,86,208,185,168,39,45,231,216,155,94,206,
101,213,90,128,23,39,226,254,115,102,2,250,47,164,120,84,112,5,108,63,213,130,140,129,241,
219,158,103,0,9,73,88,142,159,109,133,68,84,91,59,249,182,112,203,19,157,227,203,50,136,
190,39,240,53,1,191,52,94,101,249,168,70,65,178,235,38,95,109,236,127,254,86,240,107,22,
75,88,174,170,148,4,76,110,245,65,237,66,17,15,57,105,59,104,183,19,76,106,197,111,236,
98,16,77,101,253,214,2,130,98,106,180,192,203,129,77,0,79,204,150,36,222,135,204,25,22,
240,209,177,10,111,167,119,183,49,228,155,102,123,41,78,53,71,138,42,141,4,124,148,196,7,
187,7,148,126,6,224,53,121,187,36,110,84,37,255,166,183,27,193,32,230,121,175,109,93,227,
62,177,232,78,173,157,49,80,194,68,225,164,117,19,107,242,246,47,241,110,54,35,143,111,166,
216,122,141,63,133,251,55,173,205,97,96,72,255,189,197,84,25,93,229,237,130,105,122,188,39,
131,251,85,252,240,167,246,198,219,130,91,45,45,50,81,223,58,249,32,223,42,92,118,131,129,
231,58,242,111,216,247,131,3,210,89,170,59,239,248,20,236,152,124,64,56,45,48,139,31,70,
212,132,25,55,232,86,242,64,159,112,147,61,113,2,233,199,14,156,90,109,180,158,53,128,241,
219,148,184,228,138,131,239,120,232,61,141,115,107,87,246,111,201,133,38,237,187,239,89,151,61,
249,167,97,7,5,75,12,147,102,148,190,150,86,15,229,130,101,50,195,86,213,42,49,155,50,
182,85,179,80,250,169,228,94,148,147,102,198,209,7,165,116,145,7,97,119,173,249,46,151,255,
64,108,18,228,114,26,3,140,6,223,187,245,182,194,228,34,59,164,106,0,65,15,254,186,49,
136,154,41,254,130,19,115,96,24,67,55,155,166,99,14,180,253,68,179,30,43,170,24,193,80,
147,186,91,122,149,208,131,84,118,139,240,101,167,58,103,12,105,170,26,110,152,232,99,166,248,
130,202,178,102,75,193,11,115,40,60,111,36,197,204,0,78,76,136,175,196,244,63,2,122,249,
221,165,7,188,148,24,101,109,191,119,3,225,198,201,136,145,181,180,145,216,158,92,80,126,169,
235,67,227,199,68,75,231,142,196,88,122,12,74,93,226,27,216,243,232,252,220,214,56,160,167,
84,234,22,109,137,216,154,99,161,107,236,187,240,176,169,163,184,95,252,108,140,126,178,223,19,
140,147,115,171,3,248,83,238,250,226,18,19,162,52,107,22,57,165,150,33,61,148,133,55,49,
144,149,3,161,120,51,71,73,205,192,126,204,238,126,98,50,189,126,109,165,132,177,52,199,37,
51,186,64,145,243,164,116,6,83,34,27,52,164,9,89,3,244,34,26,164,213,126,191,181,33,
167,101,187,236,226,29,190,143,185,53,73,46,2,104,50,42,46,204,253,229,61,93,203,118,84,
175,136,158,41,56,135,243,249,85,145,205,134,103,169,102,101,254,143,139,188,186,247,8,233,152,
176,36,129,200,34,31,133,86,79,191,145,158,25,183,185,192,255,178,247,59,131,109,123,10,74,
77,57,87,65,67,82,62,168,90,170,145,8,162,158,147,70,177,63,246,174,211,77,246,70,86,
162,105,145,254,191,232,172,10,182,62,212,178,99,168,186,234,168,78,223,51,153,46,18,40,195,
0,224,42,145,245,206,195,17,79,0,65,199,8,73,223,225,25,92,24,99,89,25,166,50,135,
170,38,26,219,28,146,233,73,151,199,97,230,205,47,188,225,10,88,174,30,253,172,168,106,254,
216,215,182,123,14,122,70,185,95,27,31,246,85,38,191,164,131,79,65,230,157,214,151,12,131,
217,252,142,148,210,110,89,8,161,52,67,213,79,72,177,111,157,5,111,22,87,224,175,191,53,
76,61,146,184,89,185,212,20,181,78,101,100,240,163,233,255,7,134,202,140,192,161,185,36,11,
254,124,232,65,213,159,32,42,23,28,41,193,108,55,188,140,119,158,54,71,112,113,165,212,68,
115,188,247,128,97,70,185,50,115,59,247,196,93,233,169,2,104,37,10,255,252,84,17,241,112,
32,159,199,3,209,19,201,85,149,51,147,16,63,40,96,1,71,128,213,61,57,150,173,46,70,
71,244,255,1,235,227,51,229,157,18,195,159,205,160,46,194,148,89,230,189,174,22,93,13,105,
114,223,149,172,246,94,3,211,196,141,233,241,146,245,154,10,70,122,0,143,143,205,177,171,114,
129,35,108,145,49,244,149,55,141,181,24,40,162,102,233,19,244,10,198,62,231,141,65,155,138,
126,230,23,87,93,180,116,19,150,65,84,149,53,87,236,245,229,22,253,151,204,76,222,193,246,
220,175,205,12,127,218,2,227,8,229,121,138,95,114,218,99,49,13,186,115,177,231,53,11,144,
12,244,226,180,176,201,94,208,40,19,214,16,22,255,238,63,239,141,90,73,84,178,17,123,69,
184,131,247,75,133,81,189,184,199,161,3,158,11,96,80,154,113,118,24,123,183,249,17,180,196,
154,65,148,89,250,249,91,80,3,6,86,39,98,61,54,99,19,185,93,108,77,229,139,153,34,
117,144,8,190,133,171,195,204,248,48,183,206,182,234,45,169,165,8,53,104,39,27,223,230,51,
69,48,252,159,122,65,45,187,149,128,61,173,149,99,253,58,141,24,6,96,237,81,122,1,25,
21,244,123,184,108,178,223,238,206,122,219,189,50,250,192,215,248,30,226,145,48,179,191,89,62,
218,190,88,199,14,53,124,245,130,200,77,231,231,149,233,137,61,82,32,224,151,166,38,20,79,
155,33,25,16,230,180,240,156,221,42,58,186,222,131,139,21,50,119,17,84,224,72,164,123,133,
142,186,166,252,111,32,20,155,230,120,106,229,52,36,144,69,211,195,86,145,77,134,107,200,158,
170,213,170,222,252,127,214,7,159,93,41,249,14,166,209,152,140,24,11,213,240,144,59,159,171,
141,23,146,22,161,94,107,139,137,68,146,160,2,57,128,214,46,172,107,242,112,37,110,16,80,
59,166,224,248,86,175,133,169,214,22,101,129,187,104,34,12,83,181,159,107,118,52,223,161,214,
67,194,49,226,178,103,129,170,68,246,151,143,64,22,156,208,225,72,179,116,80,53,9,212,246,
133,136,114,46,192,128,176,34,255,88,114,98,241,253,183,228,120,2,70,1,30,159,186,166,181,
22,173,24,31,201,63,46,141,95,35,66,193,25,153,213,51,71,240,31,95,34,135,200,236,241,
16,164,139,177,227,120,202,181,66,83,105,187,248,133,52,102,155,120,179,213,49,203,18,128,39,
118,109,171,240,201,70,73,252,251,177,177,184,105,214,165,250,124,14,240,154,95,199,167,140,165,
207,219,10,174,22,238,187,69,206,179,25,9,16,112,254,180,214,243,21,9,181,177,163,224,54,
178,189,203,126,217,185,114,68,217,53,5,204,163,162,49,125,12,88,125,22,216,97,130,176,54,
55,156,253,74,53,113,220,92,244,183,241,54,174,244,140,236,232,126,194,95,145,226,93,26,173,
49,2,53,175,194,58,162,241,161,189,212,118,64,224,94,189,40,215,187,162,185,0,101,195,100,
21,28,31,216,176,187,30,224,43,195,3,150,107,85,209,130,169,176,42,39,91,29,92,106,222,
118,44,80,24,127,183,105,252,243,133,63,25,67,174,130,58,26,218,240,100,3,115,49,87,207,
145,128,118,252,254,236,74,20,188,47,177,36,76,4,107,178,15,36,0,131,46,208,203,73,135,
230,192,9,2,221,124,173,2,123,187,95,144,248,210,82,56,97,92,143,182,85,133,71,181,221,
234,101,65,255,86,151,182,243,72,16,148,106,138,171,142,183,29,25,167,96,198,219,242,150,20,
224,204,228,184,218,15,72,212,5,96,39,65,88,174,180,93,223,46,89,166,176,231,38,57,85,
79,184,147,27,244,239,254,105,3,25,130,95,153,217,215,67,211,134,193,47,218,151,101,56,14,
63,19,229,80,65,234,121,243,222,66,16,200,130,95,92,60,35,158,102,13,82,113,85,52,249,
255,112,95,49,15,11,166,210,219,89,146,163,59,65,94,84,142,15,106,226,63,78,208,11,25,
64,237,86,196,5,195,119,127,163,35,252,8,95,65,129,249,67,206,197,225,98,67,180,196,34,
172,81,184,217,234,216,35,255,170,4,90,58,243,173,4,106,27,6,142,6,232,127,185,194,247,
20,27,210,230,231,169,53,214,64,199,244,208,115,163,30,40,182,25,105,21,126,188,150,96,224,
216,60,75,236,205,122,6,128,105,250,47,214,184,34,242,186,69,46,30,217,196,91,75,27,228,
2,82,192,141,5,21,49,234,73,125,168,137,7,34,227,123,63,37,103,23,172,51,194,251,122,
187,17,63,54,185,229,172,88,112,55,138,63,68,203,244,113,218,144,162,238,121,194,244,59,229,
142,233,196,58,196,127,83,84,102,20,0,116,33,38,181,139,2,134,12,73,206,117,142,149,32,
91,166,204,160,233,68,85,215,170,17,255,74,47,204,106,87,125,2,155,213,113,224,240,69,106,
77,38,24,135,163,205,105,129,154,226,13,61,242,194,214,239,97,49,130,167,76,152,135,182,230,
174,200,51,30,230,18,243,190,221,234,35,226,203,185,39,244,96,38,172,144,237,108,254,192,7,
222,121,86,104,82,138,60,244,154,127,86,173,8,14,10,217,36,141,139,78,53,221,46,130,145,
154,21,66,74,117,150,109,196,113,9,78,217,235,114,139,200,92,155,49,109,116,81,98,242,251,
183,84,54,185,14,239,203,208,228,48,25,228,251,109,134,156,150,247,158,48,40,174,92,181,52,
153,99,187,226,64,223,157,212,228,162,213,54,50,74,166,57,102,74,246,218,194,209,96,92,128,
176,219,16,218,51,106,136,171,253,245,197,25,235,20,167,197,119,98,78,202,181,166,189,38,166,
252,150,84,88,30,106,225,205,52,94,98,153,190,152,93,209,23,75,210,40,50,107,49,148,242,
63,80,163,233,250,243,93,251,91,53,144,189,194,70,122,231,253,79,34,42,202,171,148,78,195,
47,141,171,110,105,15,230,187,96,120,116,146,225,66,212,115,144,48,92,2,224,81,52,118,121,
144,254,41,210,103,178,30,75,169,87,56,205,141,244,215,199,138,76,67,226,204,164,101,187,32,
197,236,61,197,252,95,91,156,36,53,216,152,20,47,186,79,30,113,183,111,135,218,210,99,203,
115,160,207,145,81,47,17,130,94,242,75,59,91,29,180,83,176,57,140,164,75,19,1,17,244,
72,192,144,98,213,7,215,81,185,184,74,201,151,111,181,119,205,191,238,240,17,107,110,226,9,
6,157,10,174,32,206,237,108,154,149,22,208,79,24,75,89,30,233,39,238,51,81,48,157,250,
231,100,162,189,137,237,231,8,254,249,222,111,30,8,67,93,97,9,243,49,49,53,80,186,101,
191,134,114,148,209,152,169,99,52,105,161,130,215,67,33,85,56,244,66,101,124,143,202,45,33,
174,97,126,162,28,187,253,171,184,157,89,15,9,219,197,170,157,86,251,193,122,83,71,220,50,
80,74,177,88,123,61,206,142,39,83,227,222,206,62,142,153,130,88,97,170,57,86,27,168,234,
39,113,31,114,214,242,144,113,52,220,39,222,120,63,231,219,230,243,191,230,237,181,184,233,12,
90,75,139,130,134,20,89,143,37,126,174,167,99,122,143,235,17,39,221,51,116,245,196,138,17,
111,187,42,170,170,234,212,248,186,63,245,236,59,96,111,187,140,75,231,107,139,95,35,55,92,
218,197,121,143,38,120,88,245,155,40,244,246,48,69,199,237,136,215,60,67,153,220,173,230,24,
73,38,28,202,78,199,41,240,159,32,63,237,98,42,107,232,78,201,136,48,252,67,102,169,96,
127,121,220,127,166,86,250,208,144,226,59,42,11,149,102,237,58,28,126,179,138,136,241,194,48,
244,85,29,53,67,83,158,66,197,171,45,229,68,192,8,5,77,188,245,29,125,153,236,143,123,
29,210,235,91,45,203,195,22,25,85,100,210,67,43,240,180,1,35,46,113,47,63,20,204,220,
20,211,222,249,79,170,147,127,28,197,253,41,52,187,174,207,231,252,208,185,248,71,220,35,221,
169,0,92,79,3,221,147,22,167,11,12,33,127,90,83,107,60,140,143,214,113,10,70,29,179,
84,219,68,162,224,13,109,245,71,211,90,133,47,40,221,8,152,163,205,186,252,142,251,173,0,
10,8,242,231,192,114,188,44,133,227,17,47,64,223,9,195,91,177,98,18,97,191,107,38,37,
2,165,1,227,59,67,79,1,196,80,140,100,99,8,154,164,229,79,23,42,226,218,192,79,27,
191,216,252,213,189,2,60,21,222,166,195,190,143,107,220,203,163,165,77,112,121,140,175,206,156,
53,254,233,111,71,64,239,94,164,192,65,60,11,182,134,218,188,98,226,5,47,80,25,165,54,
216,55,115,7,92,98,172,251,75,74,131,89,77,42,183,5,46,43,85,197,238,168,206,204,137,
206,66,8,152,161,176,143,213,36,213,61,74,231,57,77,202,249,186,232,149,200,88,139,242,226,
145,53,51,205,78,224,34,13,15,139,251,131,6,106,40,140,16,152,151,135,234,211,78,59,180,
9,177,79,217,65,217,57,108,249,83,35,152,221,99,218,41,54,70,241,15,141,32,41,226,72,
146,68,59,187,19,70,254,10,68,18,213,201,106,137,130,95,20,133,38,112,46,129,197,52,211,
188,235,5,203,241,119,72,184,166,240,84,135,200,28,192,225,101,241,67,223,251,16,2,186,83,
241,10,234,130,153,169,242,215,192,53,253,178,117,31,211,122,25,210,27,78,167,213,149,142,70,
163,147,81,135,27,21,110,225,193,78,74,255,137,79,48,203,172,98,179,156,150,214,247,187,35,
252,250,203,42,54,97,233,45,78,253,53,183,71,140,95,255,248,61,182,59,239,158,25,159,184,
246,224,197,117,68,234,179,210,201,194,194,11,55,0,109,43,131,137,152,55,176,91,154,206,254,
201,236,227,33,197,119,18,32,195,235,195,166,94,202,56,80,239,164,35,111,180,100,186,227,255,
96,43,85,114,8,173,178,166,235,242,101,9,117,232,168,16,210,48,50,228,63,246,212,113,155,
69,159,31,196,100,112,248,60,118,36,163,216,48,90,192,49,39,150,17,81,200,64,158,147,25,
124,172,36,220,1,214,129,85,54,214,203,37,193,163,6,20,115,191,29,7,121,29,228,54,104,
128,208,166,100,195,238,193,158,73,147,196,202,12,237,240,54,169,226,6,4,240,97,147,1,90,
145,130,161,220,75,199,24,168,131,88,24,24,106,176,95,174,29,125,146,209,210,237,47,153,223,
119,102,204,20,12,107,107,79,1,72,75,227,70,146,218,159,200,199,224,74,85,239,42,22,151,
116,36,213,229,255,116,208,60,160,69,35,226,194,224,173,79,94,126,240,135,185,28,20,38,151,
248,151,46,17,73,145,96,241,29,119,176,231,197,142,122,172,217,156,217,161,77,69,125,136,78,
185,83,177,75,190,246,170,132,142,186,68,219,123,173,185,234,140,164,18,47,181,114,35,121,182,
255,210,135,174,241,219,181,68,57,212,246,17,237,196,174,27,31,127,165,209,14,130,123,77,115,
92,3,250,250,118,155,27,15,15,12,66,175,187,141,150,185,220,185,116,108,86,95,57,136,182,
144,211,132,236,228,191,236,242,79,101,175,165,121,192,218,89,182,247,236,86,240,230,93,53,212,
26,247,34,17,127,253,198,243,19,215,230,74,27,200,104,81,88,125,219,193,222,232,164,176,153,
72,209,42,65,34,16,198,124,98,221,249,94,216,129,43,199,59,148,195,25,114,1,182,161,9,
0,172,193,89,50,193,75,30,77,60,199,205,138,151,105,191,38,150,106,245,38,86,177,10,172,
87,92,115,252,47,87,175,131,51,220,223,168,203,31,232,196,61,218,189,80,204,3,189,196,141,
80,28,120,241,191,212,38,175,174,103,171,241,121,200,229,197,97,244,39,253,214,85,78,255,199,
185,140,189,118,28,55,59,162,251,170,115,33,201,139,196,157,124,163,160,133,51,250,165,109,186,
8,202,21,183,155,105,112,244,203,216,5,214,127,6,134,177,217,67,123,114,138,57,24,12,189,
29,160,49,97,189,81,36,219,88,119,197,117,225,177,83,145,242,132,74,90,115,8,144,180,171,
85,36,57,201,147,0,240,199,184,160,233,112,4,47,87,29,131,171,46,210,224,188,184,149,61,
4,152,221,108,145,246,202,52,224,141,160,117,100,214,96,193,188,56,251,194,12,62,119,129,90,
53,66,239,105,136,226,180,174,251,184,92,87,2,196,62,95,100,240,232,10,136,20,19,173,49,
223,255,245,225,7,85,224,96,158,123,74,100,106,27,43,2,167,59,35,1,154,129,8,137,208,
106,192,91,139,120,34,117,200,251,135,111,231,202,99,21,244,78,64,71,18,136,228,231,174,237,
47,32,8,44,183,204,230,159,16,10,126,165,206,61,12,114,228,212,70,169,154,233,224,236,38,
160,202,78,159,240,161,184,178,90,255,98,8,139,172,248,243,49,95,60,70,157,161,190,218,194,
99,234,255,43,144,100,160,4,19,114,130,156,90,188,41,97,125,172,59,78,106,81,55,52,211,
51,69,181,156,139,199,234,194,162,124,154,201,162,118,45,3,22,249,110,66,125,32,108,250,220,
0,33,110,145,118,170,121,134,227,247,247,0,195,61,156,18,218,3,44,78,212,197,90,125,198,
116,244,156,224,109,64,144,188,167,33,26,203,39,151,174,201,101,115,125,120,209,23,226,15,110,
105,176,20,128,156,98,176,71,22,139,85,140,65,1,118,33,154,107,212,9,43,183,149,193,179,
128,227,113,43,193,227,248,227,127,181,101,116,89,20,210,208,35,142,255,97,33,197,31,93,55,
200,177,254,191,46,176,2,208,190,253,120,135,94,210,86,166,188,25,249,72,94,145,244,169,84,
162,31,207,248,42,178,67,234,41,94,180,55,79,105,0,70,0,244,200,131,102,230,249,225,136,
233,146,63,81,106,83,155,162,3,124,203,49,7,24,12,52,212,136,101,223,123,252,237,35,230,
194,221,48,93,254,143,116,9,234,245,210,190,91,102,71,230,97,144,11,39,185,162,130,32,10,
110,133,169,160,245,44,245,140,51,208,199,205,108,96,229,240,39,197,228,232,158,21,187,227,120,
2,193,115,191,117,115,41,66,98,60,213,167,109,92,239,238,172,238,176,251,144,124,171,198,67,
64,108,80,253,200,182,138,200,193,9,117,87,213,37,39,75,211,180,21,241,47,97,177,61,76,
196,252,19,180,238,167,208,124,141,220,127,255,19,229,219,93,101,70,97,57,67,129,102,38,20,
74,199,206,233,230,29,37,139,21,175,223,141,58,224,114,236,227,136,121,133,2,11,205,227,140,
235,61,240,182,67,127,58,74,105,45,254,117,205,156,49,147,96,2,75,162,206,234,107,244,124,
62,80,135,64,41,159,124,148,39,60,150,104,119,75,133,130,59,75,194,46,112,150,112,28,128,
185,130,24,88,143,107,32,16,169,52,138,169,29,70,6,56,123,17,96,145,72,99,41,7,247,
52,113,195,88,143,50,223,118,36,152,66,179,205,133,72,196,251,52,193,116,23,218,36,99,43,
25,237,123,99,250,77,3,146,244,159,245,112,125,186,53,188,248,142,58,211,201,71,92,164,30,
13,170,104,74,220,12,48,49,80,222,4,89,236,227,14,208,62,113,239,92,216,22,255,237,64,
87,144,232,225,116,182,192,9,240,122,171,158,197,44,80,153,92,97,81,31,242,236,54,108,5,
62,3,35,186,165,62,117,127,91,122,160,169,125,34,82,181,91,109,247,21,224,103,119,96,235,
93,187,131,43,93,24,108,69,218,161,113,185,216,91,36,76,164,96,197,179,69,121,115,25,184,
219,1,24,88,244,69,27,209,79,183,253,33,170,175,93,89,203,88,53,131,62,209,135,39,33,
237,76,87,223,111,170,70,42,57,64,58,77,129,209,55,189,228,48,250,191,1,117,169,198,144,
55,234,215,40,28,19,28,168,142,57,105,110,253,101,173,52,91,229,227,115,243,126,183,160,162,
222,18,210,54,94,30,195,68,115,17,255,195,104,101,90,117,9,158,93,246,143,43,111,180,188,
140,101,154,253,57,29,147,254,138,101,72,147,109,18,27,163,185,70,80,172,66,26,135,27,167,
112,150,12,88,145,121,92,104,81,231,190,41,124,97,80,136,200,251,200,75,119,152,188,18,194,
211,120,174,158,235,244,242,31,186,14,243,31,197,250,165,172,33,228,208,43,186,186,117,210,213,
82,250,123,113,65,157,198,134,45,23,30,204,132,165,208,164,30,227,1,211,5,183,64,236,153,
190,71,46,209,33,51,236,78,69,245,207,104,251,91,151,161,142,175,27,225,58,9,78,71,234,
99,223,55,132,194,12,56,55,210,241,5,98,0,119,173,63,220,139,133,195,206,48,117,192,15,
195,252,205,175,114,143,77,32,8,163,46,35,200,154,211,179,237,21,147,24,228,221,156,224,215,
8,145,45,19,104,19,85,83,98,61,162,72,4,87,143,94,75,189,220,15,25,100,204,147,254,
121,211,81,149,254,52,49,38,57,176,248,169,47,200,206,6,179,192,11,211,42,221,190,62,95,
174,98,38,160,105,106,25,130,139,34,59,68,94,28,96,187,104,120,192,161,68,120,142,204,175,
240,199,248,193,198,54,197,199,200,239,236,43,219,142,145,60,79,185,146,81,53,74,219,26,212,
10,12,190,195,98,30,147,86,171,225,67,63,52,230,238,225,228,87,211,136,105,146,128,75,253,
219,252,24,225,185,117,204,215,69,249,8,242,139,243,62,91,60,123,188,134,91,122,109,71,251,
168,3,196,1,137,112,225,154,174,104,65,64,61,167,199,98,250,106,54,200,237,39,160,232,87,
164,211,213,204,5,153,32,133,208,254,191,214,145,212,190,28,163,11,65,125,197,85,155,150,150,
5,115,201,245,70,173,202,37,122,45,96,20,110,57,254,98,183,218,106,67,192,62,118,201,177,
90,149,18,2,223,245,238,247,96,119,99,40,152,178,231,11,133,3,247,188,95,247,136,148,68,
50,106,41,5,3,181,138,139,111,125,105,198,218,130,121,60,198,196,186,207,247,137,241,12,210,
68,31,219,173,252,246,191,193,82,87,195,233,108,172,212,41,151,65,202,227,90,68,64,121,121,
85,224,22,24,153,85,99,149,210,191,169,114,192,98,254,186,24,132,0,164,168,157,185,132,194,
254,225,230,248,104,11,48,129,122,113,221,171,91,137,235,39,162,163,199,107,53,80,11,92,218,
102,78,158,237,127,250,42,96,227,21,61,172,85,180,160,103,202,180,225,196,60,16,185,90,7,
47,200,3,21,213,236,97,214,234,247,145,154,15,235,225,108,211,19,46,45,184,211,204,22,46,
151,84,75,161,43,145,196,144,197,42,28,8,45,205,188,142,44,214,248,71,78,136,243,251,106,
101,20,206,103,105,62,167,205,97,124,145,70,10,195,110,218,162,115,131,211,59,35,109,251,44,
228,170,79,62,133,7,34,2,38,100,60,156,169,112,89,246,245,204,228,74,193,39,249,205,102,
188,145,87,175,227,36,107,253,119,245,30,180,30,157,79,95,90,221,123,180,255,99,84,35,114,
5,88,45,55,88,95,25,11,153,150,115,59,148,181,22,234,38,226,6,10,218,74,252,90,242,
54,187,39,149,149,237,235,231,40,197,238,4,43,63,3,81,203,187,189,38,118,196,94,41,170,
221,206,3,252,147,79,201,20,103,231,33,134,48,95,178,128,38,47,194,81,80,130,17,134,83,
238,190,132,2,9,240,53,203,20,221,197,15,243,92,63,216,205,28,121,9,81,163,161,69,67,
9,136,18,32,121,144,75,142,75,180,89,65,222,128,99,27,177,28,51,122,115,189,218,220,198,
90,28,22,201,70,72,207,176,97,106,246,160,238,59,49,82,227,39,160,246,11,227,116,178,140,
88,100,176,47,117,7,177,150,24,191,43,176,86,103,63,154,105,124,223,191,65,200,127,131,88,
170,150,202,239,243,78,175,90,205,100,121,18,101,171,62,133,126,51,2,21,131,123,89,70,113,
145,47,17,124,132,188,99,98,10,190,148,12,235,206,41,73,116,61,130,24,70,188,237,252,228,
81,74,184,227,165,178,252,75,186,95,113,18,54,180,203,153,186,252,29,42,95,125,52,186,213,
146,219,156,91,188,15,75,172,19,212,3,107,246,72,44,164,81,126,112,186,246,62,153,134,131,
171,192,114,149,62,22,216,87,133,128,73,54,119,167,235,231,59,29,113,110,97,206,86,60,10,
105,8,227,251,231,70,60,126,224,120,219,7,55,92,148,26,21,205,56,85,228,169,89,119,220,
168,154,22,22,73,50,45,66,148,56,157,215,249,86,98,11,91,237,44,152,177,84,112,29,92,
236,230,184,200,121,78,85,217,119,69,22,243,239,75,175,247,118,151,105,110,245,71,233,241,54,
219,220,43,206,175,246,88,119,59,119,237,76,170,209,177,118,169,42,187,189,127,61,224,36,116,
166,213,196,37,87,34,51,250,183,39,160,216,251,251,163,202,144,201,218,211,210,83,219,114,16,
138,8,139,211,36,24,100,204,70,16,36,23,50,8,109,221,138,220,27,95,2,32,2,195,182,
31,219,50,109,149,49,6,64,170,53,117,62,91,206,213,178,153,232,29,172,50,142,85,24,78,
46,255,201,45,200,38,157,64,18,136,94,218,100,32,12,230,32,223,255,182,57,157,238,141,101,
77,50,190,4,233,119,40,1,41,69,249,237,227,73,47,173,80,225,188,155,61,81,250,152,108,
252,145,100,71,183,10,129,231,226,234,203,116,32,28,72,161,153,202,135,135,249,82,122,246,173,
17,141,128,250,162,204,232,13,64,71,7,170,81,51,192,184,145,243,201,164,87,214,74,111,131,
203,95,103,177,192,97,206,50,100,88,50,199,73,18,208,193,185,186,196,74,249,111,158,66,140,
206,86,207,247,112,97,83,148,2,224,58,64,82,52,216,61,51,31,137,137,67,254,75,151,184,
182,252,6,25,218,86,215,149,63,31,186,171,107,15,62,142,51,80,94,251,51,91,241,67,79,
169,71,162,101,23,114,192,14,67,60,148,17,243,167,222,114,27,176,0,20,161,238,243,199,60,
166,144,149,195,225,58,250,163,13,130,237,176,254,160,4,226,47,202,43,31,163,139,202,240,98,
209,36,131,82,71,197,2,204,27,90,71,117,99,5,238,103,144,164,103,13,189,83,167,242,117,
168,246,8,171,181,70,31,244,149,58,74,186,220,208,84,2,147,56,130,112,1,90,221,200,130,
37,216,149,253,199,125,200,165,210,179,226,248,160,84,31,89,70,138,229,23,231,181,108,180,30,
225,37,178,157,55,16,117,76,232,105,200,66,88,219,34,224,29,6,21,240,145,137,102,155,74,
125,114,51,118,150,196,29,94,168,127,18,199,193,126,59,178,102,58,135,173,235,159,125,133,182,
68,58,92,83,127,0,124,72,222,243,119,138,73,132,88,103,230,184,76,226,219,1,206,102,61,
248,41,73,124,12,180,190,229,31,192,144,2,152,50,220,144,29,247,251,35,224,226,29,13,106,
90,121,170,123,141,235,160,126,161,245,200,78,165,181,202,31,231,109,203,94,33,241,72,131,20,
214,22,208,140,86,108,67,245,21,173,40,170,87,234,22,13,33,211,142,7,37,108,212,6,242,
217,85,22,193,86,9,33,240,22,157,220,41,201,174,233,85,55,187,135,8,227,166,199,250,112,
159,152,111,244,166,14,183,123,233,100,208,12,134,166,96,70,224,165,229,164,235,74,43,27,43,
145,5,243,91,219,197,150,249,137,16,86,85,68,48,220,134,138,235,130,254,69,48,109,204,50,
97,38,81,38,39,182,171,65,128,61,230,26,76,217,217,195,231,38,95,226,7,190,150,151,89,
235,80,230,46,147,60,218,28,63,240,61,7,229,44,230,115,135,205,91,64,15,173,79,164,37,
33,16,20,190,53,140,174,143,204,63,46,212,232,88,187,184,28,93,92,41,124,134,213,132,92,
126,234,0,145,239,48,205,51,199,104,173,117,211,17,81,114,2,139,87,1,210,153,139,98,104,
110,207,253,122,104,114,81,32,171,10,245,160,110,185,31,107,18,104,96,31,100,141,6,251,181,
153,114,126,219,49,36,241,4,214,25,185,108,64,215,80,121,232,206,95,118,196,21,107,223,175,
215,214,71,111,68,91,101,63,132,161,94,48,212,52,14,252,128,29,120,178,176,238,25,95,1,
127,234,76,74,53,145,242,12,110,11,5,50,125,99,153,192,58,33,17,98,151,23,205,71,133,
56,255,146,108,234,143,223,147,132,81,76,128,228,239,230,65,116,126,133,247,204,213,39,204,21,
127,125,122,70,24,193,3,236,133,141,55,242,7,29,252,187,141,64,16,151,254,85,174,20,230,
168,140,93,213,38,77,228,199,173,85,212,63,208,16,140,228,17,131,209,190,110,74,182,119,2,
254,76,89,91,78,250,141,178,82,113,189,0,86,159,37,36,211,212,28,66,9,185,44,99,225,
71,92,143,60,203,23,50,218,185,213,90,250,179,107,183,169,26,68,206,199,15,85,76,88,67,
202,88,181,168,211,222,25,228,178,219,178,139,133,170,240,185,179,3,147,9,60,9,242,82,151,
156,46,191,244,25,137,51,255,210,171,131,2,194,34,135,27,209,152,25,173,4,64,201,161,43,
64,61,188,144,91,214,11,201,197,80,71,247,151,17,22,16,10,250,219,135,207,153,136,75,205,
76,168,141,199,40,138,80,247,169,82,225,153,95,146,46,94,104,47,222,212,237,235,29,129,126,
11,55,241,221,57,179,18,227,209,233,167,188,16,115,83,147,69,58,217,141,13,242,52,204,66,
153,101,104,58,153,112,74,97,201,36,24,198,133,40,52,221,123,143,208,246,11,167,211,26,78,
246,10,195,186,53,210,203,60,95,8,102,36,141,140,2,98,123,119,20,111,162,68,120,12,109,
129,59,41,172,17,45,163,35,117,205,169,7,129,40,20,99,49,20,138,63,61,104,209,157,127,
34,137,217,65,38,75,247,210,202,152,150,45,80,69,253,191,17,27,95,32,110,225,49,72,150,
28,223,239,207,16,221,180,124,90,33,18,70,57,153,56,232,46,205,74,227,162,111,236,187,239,
40,207,9,65,163,218,173,50,201,3,229,74,239,231,176,199,241,141,5,133,207,134,90,44,188,
38,25,220,66,13,76,39,33,107,106,99,215,162,162,34,63,26,89,86,214,84,161,100,187,93,
242,33,64,104,110,124,105,178,244,240,118,251,47,250,27,169,5,98,251,62,2,162,153,5,241,
5,86,116,84,13,45,158,157,179,246,144,174,48,116,114,235,185,232,7,213,10,109,70,93,218,
138,211,225,69,171,29,90,222,223,127,96,81,50,129,75,86,228,78,123,159,203,169,41,147,100,
187,79,128,228,51,122,151,20,237,10,220,9,186,90,184,65,163,19,79,183,224,107,96,157,44,
232,69,158,232,40,41,17,87,54,40,176,218,121,153,158,160,88,160,123,25,180,245,249,85,130,
183,85,168,80,176,191,156,174,159,21,135,237,41,15,193,187,223,100,176,44,15,44,134,136,83,
220,124,187,22,144,225,175,70,242,156,64,43,131,30,173,12,12,82,216,202,40,210,162,131,144,
54,96,62,4,62,155,41,234,239,248,36,231,164,126,135,48,239,19,145,244,50,194,1,239,238,
154,20,254,138,106,39,43,59,186,124,112,224,66,139,212,98,212,55,77,66,79,30,151,122,199,
17,231,179,32,32,154,244,161,190,244,145,228,34,190,251,22,13,179,248,76,223,179,87,57,90,
189,162,196,108,162,104,65,29,251,189,205,84,153,1,255,174,123,187,54,98,61,26,76,109,33,
83,201,183,247,166,0,37,103,98,172,215,160,221,195,79,120,50,166,150,149,162,99,131,88,8,
134,75,96,150,252,213,120,172,137,159,193,83,188,83,208,71,173,139,29,21,137,128,241,163,157,
186,204,10,250,131,216,84,222,249,208,209,26,198,142,146,69,154,110,129,150,4,109,209,255,130,
182,46,231,183,220,79,89,243,91,61,135,194,232,194,129,221,181,203,149,74,210,162,160,19,138,
143,104,130,206,96,197,75,83,63,162,151,135,33,146,55,174,72,123,128,236,246,52,92,182,54,
201,100,1,228,11,124,27,28,202,72,33,110,128,101,132,38,201,245,214,175,239,226,177,147,107,
248,95,120,248,110,19,8,88,227,116,252,226,211,84,107,59,33,93,44,108,1,234,38,76,171,
36,46,179,53,147,137,212,58,124,182,27,162,30,253,248,77,100,6,129,254,248,102,46,29,116,
233,3,93,54,74,184,177,101,19,17,115,150,75,63,243,51,35,157,130,182,32,86,136,216,97,
126,91,162,15,76,26,160,227,68,144,180,35,144,105,203,140,220,255,237,125,109,88,244,197,171,
112,118,23,172,204,187,158,113,148,66,229,26,231,29,140,142,213,88,158,30,171,198,44,140,40,
127,127,14,223,176,152,143,141,5,178,157,42,7,168,216,163,75,94,42,165,103,136,130,170,210,
73,125,61,89,122,188,73,137,205,33,197,123,212,227,217,98,224,236,11,120,210,19,153,225,232,
246,41,113,194,83,215,204,8,238,238,42,114,84,0,157,206,187,243,150,227,67,223,7,98,244,
44,87,55,87,235,245,99,58,47,223,26,156,230,31,233,80,17,239,178,155,218,8,142,167,52,
70,134,84,125,56,51,249,46,237,199,199,221,70,160,204,122,239,47,61,112,244,5,7,126,149,
31,213,156,80,170,219,216,189,167,50,175,213,215,9,36,11,178,231,42,39,147,205,102,246,237,
202,174,101,17,255,198,76,154,84,151,101,222,198,234,12,138,90,139,245,205,109,27,80,156,45,
11,143,226,47,69,197,3,127,24,0,233,90,173,185,50,128,44,195,45,92,39,199,196,155,144,
153,252,112,185,233,221,189,207,10,222,192,110,32,151,151,80,72,54,139,246,10,141,211,2,66,
111,191,4,83,52,64,252,3,119,204,121,196,47,132,134,39,186,62,99,89,132,6,194,47,243,
9,197,88,100,152,109,113,247,0,132,52,144,102,53,199,200,111,145,61,131,43,120,0,169,199,
39,63,5,99,164,150,186,116,131,113,17,211,24,121,241,211,111,59,252,156,249,241,137,9,213,
21,167,217,253,57,37,206,197,44,30,35,248,93,22,237,100,40,234,34,134,78,85,173,10,154,
204,1,13,73,207,212,239,232,157,145,46,254,223,73,77,250,192,241,1,218,122,43,85,17,130,
117,137,137,80,194,178,244,100,218,107,160,72,157,146,67,121,125,78,97,214,118,91,175,144,14,
95,253,242,137,107,187,241,142,121,237,127,115,190,23,83,65,156,2,177,83,134,194,72,184,96,
35,235,144,177,213,243,252,250,219,107,102,1,18,107,159,17,51,139,86,77,139,246,142,146,241,
253,106,56,140,59,96,13,105,191,198,214,101,173,138,21,32,203,110,211,58,80,32,25,199,98,
110,32,78,95,244,232,126,18,68,195,232,141,37,154,60,251,61,238,214,160,244,104,236,242,1,
187,193,23,50,148,9,103,225,233,50,148,198,70,139,227,158,52,6,156,94,40,50,75,149,58,
137,19,202,26,44,92,134,190,69,107,251,73,105,202,182,66,52,38,221,45,68,109,0,185,195,
253,145,20,115,124,29,221,79,223,140,123,19,26,27,137,10,158,151,238,197,138,107,61,154,172,
236,15,75,100,61,125,164,73,3,237,117,105,41,25,76,252,217,79,183,52,162,114,86,22,145,
106,135,221,99,127,165,24,57,71,221,163,25,22,84,216,248,173,210,42,26,226,18,228,187,211,
230,207,16,98,150,10,115,80,250,49,61,121,76,23,235,233,235,177,179,72,66,80,118,242,132,
75,62,161,14,143,253,155,88,138,6,208,223,150,17,17,88,65,99,237,215,210,79,73,248,151,
80,34,183,139,40,247,153,235,33,239,128,151,121,51,160,228,203,83,196,35,76,33,109,198,80,
229,72,175,95,198,5,144,162,27,112,4,66,131,193,124,217,184,112,60,177,171,111,69,247,130,
39,0,239,226,174,65,21,102,55,192,72,61,137,47,126,250,50,213,98,204,234,165,203,154,10,
176,230,245,62,158,59,63,252,16,67,10,12,76,62,255,71,226,244,1,214,192,96,201,130,56,
6,164,158,186,179,220,188,56,17,232,154,208,39,190,125,34,97,244,50,35,221,19,101,153,38,
55,163,69,46,241,227,142,48,11,182,247,248,137,57,179,115,209,235,221,144,219,152,1,61,198,
126,201,245,174,65,68,182,149,198,202,141,77,103,197,223,72,241,142,56,205,245,117,2,193,245,
45,215,239,220,197,30,165,216,171,57,158,14,158,67,166,114,58,91,32,165,248,32,81,188,41,
106,154,24,54,146,166,236,15,19,91,36,206,197,81,70,129,205,59,41,166,118,108,38,27,189,
29,28,96,154,28,174,104,224,231,203,226,247,202,89,85,65,162,16,111,26,20,110,67,19,201,
2,68,10,226,85,201,23,107,178,83,53,64,49,13,134,152,224,243,167,227,52,254,204,251,244,
49,94,143,52,243,79,111,216,151,117,133,195,112,8,74,161,80,42,156,112,75,142,210,53,51,
9,180,170,213,27,161,138,51,135,184,149,86,27,115,34,109,10,86,175,220,20,244,95,202,87,
83,176,155,37,60,73,192,201,226,190,11,255,104,141,121,4,93,243,240,248,37,202,28,85,9,
31,95,211,219,52,218,208,114,95,39,16,107,171,180,244,251,151,201,199,230,218,186,20,12,43,
125,52,193,161,120,171,3,234,8,0,253,67,58,2,40,74,40,115,217,183,239,211,205,65,249,
168,28,93,71,119,239,183,213,1,192,177,209,35,4,63,225,131,41,87,36,43,168,57,136,161,
34,102,122,143,66,9,154,210,156,152,51,244,252,238,61,246,22,49,34,229,196,167,61,5,9,
223,37,146,219,10,29,136,33,153,155,207,75,117,48,179,37,33,196,143,102,202,24,185,109,165,
105,211,145,113,104,33,81,242,123,165,137,6,209,221,150,222,124,231,156,234,94,32,197,24,64,
223,210,126,21,177,117,51,40,27,17,125,213,97,139,230,93,130,218,126,237,116,71,104,106,74,
105,145,250,143,223,209,137,23,49,22,97,134,171,233,236,201,2,100,137,214,173,6,206,213,230,
124,37,97,186,126,135,106,151,65,40,246,103,73,119,153,8,123,59,116,88,96,119,217,96,57,
131,185,50,14,97,58,177,215,27,117,67,172,243,15,181,103,201,237,92,2,75,81,108,68,66,
159,231,187,83,225,132,67,235,210,189,93,92,193,245,204,32,217,179,108,228,152,89,210,222,239,
81,236,148,206,207,15,42,41,121,135,181,105,38,25,192,207,45,252,130,17,129,3,176,74,52,
252,7,40,118,182,5,165,22,83,204,182,195,153,189,173,16,94,40,43,108,163,115,236,171,51,
185,70,24,18,104,234,177,165,97,196,33,194,24,54,170,36,170,73,160,127,71,128,250,59,242,
224,171,39,179,146,66,19,85,221,219,2,50,142,249,255,22,105,208,198,173,237,151,154,201,115,
14,228,104,124,195,163,30,127,147,237,180,215,4,18,125,123,94,59,127,44,97,59,133,170,27,
56,124,134,247,138,239,100,8,108,104,212,249,125,74,249,88,27,20,147,253,73,55,41,234,116,
99,40,145,194,39,31,4,73,57,168,70,168,27,118,95,189,20,113,161,81,122,102,137,121,69,
99,77,197,3,167,82,57,249,186,87,66,99,159,207,21,225,56,69,146,5,133,38,132,188,75,
157,150,105,31,182,232,118,187,208,142,175,239,76,54,52,244,95,157,81,14,243,84,202,96,195,
215,35,177,51,170,52,156,192,142,76,152,9,110,57,241,243,56,181,208,39,30,207,172,185,155,
51,51,11,142,51,9,59,17,30,138,43,197,95,234,190,128,174,156,11,140,107,232,35,162,163,
66,235,196,13,38,186,71,249,6,234,56,100,233,198,210,17,212,35,230,223,182,197,228,240,47,
116,59,44,198,198,98,171,125,214,142,113,188,175,180,249,134,31,206,213,148,145,6,67,94,24,
244,2,83,51,150,177,245,54,69,178,160,143,241,204,62,122,220,222,159,218,156,83,190,50,15,
27,77,249,80,119,108,8,197,243,207,41,52,181,223,183,252,227,196,250,66,172,10,0,3,108,
38,96,74,158,162,219,78,61,48,224,26,66,2,201,191,125,67,236,85,69,3,49,112,176,211,
70,236,122,116,3,12,232,128,84,33,184,58,127,213,212,21,68,84,149,195,252,159,114,233,37,
225,117,25,92,7,110,77,79,101,122,0,240,227,28,195,43,116,186,26,20,145,136,144,201,251,
194,239,165,219,124,25,94,126,213,36,211,145,24,183,35,91,59,81,96,179,250,209,249,89,236,
57,232,28,227,129,181,105,250,113,228,18,119,83,55,117,45,40,82,64,206,95,145,194,105,81,
26,175,174,231,110,209,209,4,192,23,80,191,189,149,226,137,83,90,231,213,75,147,212,202,161,
204,83,184,237,26,196,123,50,81,225,53,34,43,243,149,53,140,72,90,72,109,80,175,80,220,
62,82,253,181,182,33,226,251,100,182,174,106,116,43,9,179,195,177,87,107,106,38,2,76,170,
46,10,93,103,222,240,34,233,219,241,137,22,182,77,4,56,65,235,42,192,82,175,28,182,181,
15,46,226,120,151,20,32,44,0,133,218,124,132,250,212,252,127,80,101,183,29,218,71,51,150,
220,121,85,39,76,69,93,193,138,29,136,192,59,136,200,63,21,253,254,105,8,94,111,50,89,
70,9,223,216,9,124,43,75,182,218,95,248,141,204,205,183,150,243,219,154,156,192,235,168,3,
199,10,6,74,252,203,200,146,53,105,78,81,106,24,32,244,218,223,67,164,1,185,252,168,221,
242,82,67,214,222,49,179,230,209,40,96,39,222,68,75,114,172,135,28,83,145,75,3,137,253,
201,143,1,168,0,193,27,178,105,15,217,223,237,157,156,109,7,103,96,207,112,42,232,52,255,
253,234,170,176,8,235,7,111,30,96,26,228,178,125,115,140,63,101,213,216,32,237,9,135,2,
209,254,39,57,110,176,56,47,191,255,254,228,113,134,187,50,211,91,78,196,37,165,118,69,33,
109,229,39,39,130,41,142,70,73,191,193,184,161,103,152,247,152,194,243,18,236,217,121,77,114,
49,150,208,227,219,32,16,118,69,231,80,140,64,50,203,32,103,143,49,76,80,121,161,120,169,
79,220,19,38,136,217,36,199,0,146,88,198,238,38,120,194,14,195,75,245,70,72,173,17,183,
60,57,55,248,152,52,13,161,48,237,144,27,28,112,13,147,249,52,151,125,53,238,3,107,25,
93,167,64,216,46,138,196,84,250,100,123,183,170,212,244,153,215,145,28,212,96,237,64,22,53,
159,254,63,207,97,40,42,8,78,202,68,130,48,151,130,244,72,179,122,58,73,228,207,49,26,
175,228,239,58,37,222,197,165,184,242,173,12,206,225,132,77,99,140,204,3,71,239,103,195,185,
209,37,119,113,101,64,173,43,46,105,24,251,220,250,64,42,44,91,72,29,164,34,69,176,31,
44,254,72,168,208,130,93,206,43,30,150,145,249,28,123,160,154,86,49,201,208,149,153,60,89,
152,132,190,247,133,202,89,110,28,128,157,86,192,139,11,121,184,175,128,107,30,177,233,213,207,
138,242,132,110,16,110,46,210,246,42,94,21,54,115,184,21,157,174,157,59,216,97,241,249,124,
144,222,166,96,130,44,200,115,131,238,236,22,67,149,46,81,186,228,239,87,228,99,197,176,185,
130,43,5,139,195,15,207,136,141,174,40,68,12,124,238,26,64,112,242,129,113,169,23,216,62,
215,138,135,254,137,31,186,90,249,21,8,145,33,95,159,165,114,41,163,103,120,168,109,150,163,
227,3,142,247,186,127,115,51,198,132,50,123,196,213,188,144,94,255,218,143,107,156,136,230,219,
98,89,114,168,136,60,43,155,126,174,196,184,85,23,163,53,75,216,221,117,49,28,68,225,220,
152,189,173,53,1,17,182,244,31,252,63,28,253,187,84,145,83,100,16,82,33,105,141,192,137,
24,52,127,136,48,70,19,157,209,63,163,43,172,25,209,43,32,138,224,87,252,86,146,147,208,
57,206,108,167,133,22,70,75,252,215,197,247,183,52,151,252,252,51,129,59,146,247,96,151,138,
224,40,20,100,223,2,199,28,210,50,89,159,126,217,134,5,13,117,242,206,198,26,8,93,92,
70,52,149,81,252,57,95,187,29,127,11,94,210,188,195,73,170,120,199,191,124,193,5,6,9,
212,47,239,148,183,245,245,240,33,209,215,2,69,116,42,217,170,133,183,10,234,23,246,202,2,
40,75,197,50,58,29,144,51,82,129,186,80,216,244,102,49,215,0,230,37,167,116,154,38,165,
72,53,164,198,12,108,62,170,46,44,248,19,81,61,12,238,86,184,215,134,88,117,50,9,45,
71,129,46,160,170,22,212,156,44,165,94,163,68,84,90,16,2,15,202,60,166,254,75,226,106,
243,77,239,3,35,163,57,13,98,47,68,186,91,197,91,121,20,81,229,153,7,207,187,150,104,
227,147,160,162,39,86,192,249,48,158,234,238,147,164,108,107,207,194,52,132,185,242,227,198,107,
251,72,141,102,187,117,220,5,139,39,176,249,192,12,10,30,176,128,235,42,155,178,57,244,22,
38,207,189,25,134,170,16,50,233,84,12,30,105,57,183,6,209,14,254,210,94,100,21,124,96,
232,252,205,11,23,79,114,136,114,35,143,5,86,95,91,2,125,0,187,149,38,104,168,115,234,
36,64,226,211,123,26,109,228,166,113,69,72,157,52,86,167,169,141,30,233,34,36,70,218,229,
190,105,220,58,131,39,81,228,182,121,80,103,139,19,200,116,83,99,124,244,21,130,224,102,163,
65,73,139,97,142,36,169,81,127,91,244,151,219,90,111,2,56,159,80,2,84,148,131,218,248,
189,95,170,8,69,178,49,255,6,137,18,255,131,131,40,114,198,113,148,199,80,195,236,182,79,
170,237,138,29,185,74,18,118,209,147,251,82,207,223,203,88,133,234,104,154,28,241,32,98,133,
244,145,26,40,249,13,250,83,57,182,238,194,141,64,67,106,142,173,168,188,54,206,45,61,7,
54,156,126,141,200,81,238,94,120,240,61,63,59,63,121,200,197,13,137,248,195,25,38,228,175,
175,47,23,94,150,226,88,171,212,20,68,102,242,15,239,151,30,48,34,18,92,140,71,27,90,
43,206,12,211,202,87,99,208,69,213,188,133,182,226,16,216,69,84,56,80,67,95,6,144,107,
63,194,94,142,36,98,167,8,14,120,226,111,215,2,213,30,234,127,86,184,244,189,95,58,171,
77,184,9,251,235,11,76,157,187,8,212,74,109,21,173,118,223,109,98,221,46,66,92,150,153,
184,107,191,46,228,216,48,219,133,165,198,174,89,141,250,134,126,139,167,51,52,205,211,115,108,
109,3,78,54,110,31,83,245,49,112,228,159,121,216,166,12,106,18,151,10,174,146,39,135,74,
12,183,79,228,108,218,253,7,8,56,223,30,169,231,56,227,50,251,23,25,54,62,23,203,214,
28,55,140,150,215,196,15,99,36,90,59,11,115,109,142,190,156,172,241,71,197,206,21,190,114,
4,190,150,254,233,234,229,51,248,180,221,13,181,21,104,174,187,47,22,122,0,226,18,167,19,
234,50,91,88,77,105,7,35,30,135,185,226,228,212,32,44,47,80,173,232,195,60,34,217,169,
238,129,210,161,148,90,98,223,249,78,42,199,68,217,135,174,8,6,151,94,243,145,35,18,126,
209,205,219,34,4,251,177,44,116,107,85,252,63,42,182,201,180,124,167,56,6,14,40,14,107,
107,137,212,249,3,0,104,29,47,210,153,153,86,9,203,233,37,171,227,205,65,122,122,182,138,
197,103,210,27,73,48,53,57,247,50,239,82,101,182,88,181,87,192,224,146,206,28,113,216,48,
171,138,209,132,251,91,199,237,161,33,59,98,203,145,158,229,12,248,37,0,40,241,156,124,157,
118,252,201,128,98,180,161,3,27,117,59,216,58,103,35,190,227,129,86,177,24,160,70,143,158,
78,222,240,18,252,140,240,96,10,84,50,137,220,57,5,136,42,170,93,17,101,188,98,126,206,
131,40,66,132,152,67,212,194,11,183,0,133,82,150,75,146,66,10,190,242,38,202,4,225,187,
254,171,141,252,25,244,168,113,207,102,173,126,195,90,254,248,251,7,181,98,153,212,233,69,22,
134,8,165,70,217,7,38,94,52,69,165,120,129,84,231,138,230,24,196,112,58,241,231,143,222,
87,9,121,169,0,167,55,157,1,37,84,239,217,75,36,105,161,121,234,86,93,28,96,168,68,
163,61,0,227,98,192,216,233,255,243,16,128,198,45,157,240,113,229,40,54,186,166,106,173,29,
166,218,216,173,27,78,120,136,185,168,14,37,248,32,11,81,158,98,85,74,46,101,95,86,201,
197,137,106,231,213,128,48,3,64,6,202,120,191,202,113,162,25,194,117,69,151,171,89,27,43,
138,176,192,238,8,121,255,123,224,245,44,116,225,1,72,73,114,124,76,176,144,186,187,86,95,
9,141,85,22,142,73,254,177,152,92,64,65,124,40,82,247,234,89,70,82,71,91,193,106,179,
158,236,235,162,16,58,156,6,73,7,164,88,116,128,186,152,219,112,69,4,28,169,138,249,18,
53,204,181,126,82,176,59,17,34,33,149,171,39,21,51,139,204,12,131,162,9,163,198,56,83,
102,179,121,82,67,0,107,18,176,97,103,196,71,107,173,65,231,36,209,66,197,198,10,6,5,
22,197,31,249,76,250,41,30,148,50,226,76,64,151,88,234,116,170,1,131,212,139,242,189,80,
40,192,163,18,118,73,243,118,33,65,65,230,202,175,106,121,158,92,195,152,84,50,124,22,94,
242,160,89,113,235,253,161,139,209,118,61,6,145,4,183,85,0,218,175,163,104,10,242,212,70,
106,226,103,241,121,174,7,169,215,3,205,31,226,0,100,127,152,28,63,193,253,163,232,48,150,
157,15,142,181,209,211,13,36,181,142,96,227,195,185,179,144,46,138,101,216,113,167,158,45,89,
134,17,118,5,117,2,230,136,94,167,150,72,119,183,251,179,161,71,170,40,68,255,244,221,184,
87,136,247,104,48,214,102,159,151,217,159,93,55,249,239,19,129,99,208,224,191,223,207,97,58,
55,200,43,28,64,242,123,186,185,247,182,120,144,45,114,172,29,82,111,67,74,30,121,103,183,
55,11,48,88,70,44,91,219,206,25,117,8,218,81,128,209,115,33,114,214,85,29,42,4,58,
131,121,106,217,23,21,70,178,232,163,151,190,13,135,128,177,19,42,238,200,224,199,52,1,15,
159,189,230,42,154,0,43,166,182,58,230,251,193,221,241,231,41,51,150,34,10,134,28,104,233,
177,174,157,35,183,199,203,187,86,206,130,59,29,82,161,139,98,88,70,246,154,63,86,64,105,
72,76,48,211,118,40,149,140,79,238,157,168,68,199,112,242,230,187,188,228,5,180,16,148,136,
194,222,127,235,136,84,189,133,111,34,11,197,85,214,87,167,69,168,27,28,56,111,85,57,232,
151,35,33,79,77,80,84,210,210,177,70,205,250,95,54,27,155,28,6,12,231,148,87,106,228,
35,243,78,49,42,38,67,183,29,48,175,163,199,118,125,174,194,208,237,237,20,132,56,137,46,
207,31,7,52,10,46,179,101,70,68,99,28,138,221,83,12,221,211,42,194,65,86,116,67,229,
198,229,249,207,60,93,7,142,253,150,152,137,95,245,27,112,60,227,51,177,141,10,241,171,209,
224,99,152,251,222,130,123,22,94,204,13,209,67,108,47,73,168,147,127,139,47,195,46,137,172,
120,158,251,183,152,112,147,10,18,96,75,37,182,120,189,159,132,88,193,169,238,241,187,41,238,
137,207,170,138,12,143,161,112,124,207,242,165,94,136,161,223,186,81,76,72,47,93,32,221,49,
11,112,219,203,7,16,219,73,31,54,2,134,104,210,177,25,200,151,209,86,203,100,252,186,234,
98,234,190,41,37,136,108,218,51,193,106,144,191,208,123,104,196,12,101,30,66,141,169,190,154,
54,213,8,116,58,213,194,16,76,100,94,44,143,66,49,168,62,73,113,17,237,100,115,219,177,
16,253,103,86,87,100,48,70,150,130,208,170,87,183,90,167,172,42,77,36,179,15,93,64,103,
209,55,253,41,12,135,121,188,114,166,92,223,70,68,171,110,207,169,150,77,213,131,241,166,252,
74,192,59,69,57,98,238,182,146,13,158,204,208,27,103,69,91,49,248,198,80,165,121,109,147,
87,149,220,177,166,118,215,216,176,69,40,176,25,9,165,101,15,87,167,237,244,167,197,29,174,
247,212,117,126,208,5,12,195,244,52,187,51,102,86,234,58,91,93,36,181,139,146,145,106,46,
45,8,236,51,248,41,176,60,246,42,241,41,15,251,92,231,243,203,137,141,101,151,134,131,62,
216,160,112,23,162,214,74,98,58,230,39,194,204,66,243,142,67,48,89,91,64,176,0,180,164,
148,112,103,126,164,156,167,47,227,235,25,87,75,181,106,178,82,177,183,161,179,165,109,89,3,
110,50,17,140,234,9,147,38,58,244,75,104,195,75,242,137,255,34,175,21,254,187,245,226,178,
176,142,19,115,13,164,112,253,147,100,80,112,152,172,129,153,213,52,72,80,127,238,115,190,39,
16,221,103,208,174,232,107,28,227,211,247,90,229,209,123,240,164,140,172,149,190,165,65,108,14,
34,60,95,54,168,199,14,118,209,144,167,146,255,252,194,108,123,100,114,99,79,173,112,97,29,
174,94,211,217,242,204,85,9,130,35,204,187,180,250,254,162,18,234,92,130,234,253,196,72,40,
121,47,141,202,141,131,124,97,13,131,70,190,243,56,1,192,177,144,15,81,146,247,5,216,164,
185,138,255,200,15,186,86,234,41,39,83,61,225,173,234,247,178,142,18,12,112,11,64,16,117,
38,128,196,234,35,211,149,151,252,84,251,38,122,92,198,176,235,87,155,40,132,170,173,100,222,
21,176,242,78,72,138,214,59,178,251,39,42,186,13,230,90,39,174,172,50,237,241,63,97,117,
105,16,126,44,114,140,134,153,39,151,1,140,73,45,75,237,53,109,200,81,223,160,174,157,169,
55,99,188,100,57,25,178,107,201,250,28,135,184,155,24,180,217,165,110,101,120,151,1,129,9,
203,80,131,85,197,62,41,238,170,116,226,112,101,9,42,81,135,22,128,179,118,76,20,84,128,
25,211,121,218,154,243,96,21,194,208,112,153,134,31,170,45,29,52,118,38,7,13,106,236,248,
21,130,55,198,253,97,223,78,104,118,213,0,192,36,225,164,61,76,95,177,106,194,244,56,239,
171,232,235,53,21,142,25,134,130,201,199,48,50,121,43,203,1,37,24,39,111,211,192,226,5,
57,146,121,23,82,160,136,233,115,10,125,2,56,4,201,53,36,204,90,177,57,173,248,144,180,
80,49,160,42,87,3,32,97,78,8,138,155,153,9,195,119,116,99,107,249,107,222,182,72,114,
213,111,75,14,67,124,128,252,31,156,241,236,72,31,86,60,93,84,30,213,227,94,171,171,221,
215,28,82,47,8,9,1,50,133,173,49,3,132,44,12,125,92,105,150,250,70,139,39,75,20,
182,54,65,183,140,226,123,247,37,176,150,177,14,91,248,103,237,229,90,213,128,223,172,167,164,
15,0,4,131,16,206,16,253,244,159,43,217,199,170,94,246,36,150,237,64,76,121,130,134,52,
232,32,135,58,14,36,93,21,25,78,189,101,190,177,2,194,32,171,207,65,31,141,99,2,44,
227,50,96,120,71,40,229,12,234,103,8,32,1,67,221,98,77,78,179,97,110,158,212,135,188,
7,12,48,219,132,18,254,138,114,73,95,143,234,200,100,220,211,248,59,147,44,166,240,213,166,
236,207,90,206,232,92,158,85,120,225,94,244,163,95,168,99,134,120,231,29,19,247,193,101,219,
200,47,34,98,64,213,145,59,233,196,118,116,250,5,178,5,223,148,145,61,201,24,250,232,186,
104,62,254,99,165,136,243,158,17,84,227,172,44,91,45,34,152,30,82,33,246,154,17,214,71,
46,137,93,122,160,153,111,84,44,245,138,49,98,133,60,34,185,75,195,254,221,235,141,128,126,
162,124,243,190,22,209,110,118,53,60,67,35,149,241,5,156,53,230,20,69,66,191,92,68,157,
98,176,165,46,8,179,53,138,110,2,19,19,245,192,171,101,182,135,7,13,166,138,165,55,36,
18,82,9,49,229,217,147,200,36,104,46,117,167,15,122,120,100,11,41,200,98,53,137,197,3,
1,78,212,99,245,97,225,103,75,42,89,235,117,69,51,93,160,250,191,155,221,130,236,89,73,
58,130,96,166,55,88,168,181,121,199,132,186,27,184,174,136,194,220,89,98,80,115,83,134,122,
115,210,0,170,27,255,2,180,203,52,231,164,185,201,112,227,84,77,192,152,153,98,223,161,47,
10,155,249,63,78,154,133,242,45,167,147,253,102,132,167,99,33,88,243,144,117,45,27,198,160,
94,113,69,171,139,29,37,195,67,242,109,92,218,91,98,73,104,251,156,237,100,189,195,238,112,
82,125,233,189,40,60,211,182,133,176,253,40,31,45,228,232,75,177,185,59,127,47,57,119,49,
192,92,14,73,237,208,50,194,140,225,46,171,233,212,108,146,243,152,238,162,93,206,254,103,90,
113,241,23,88,148,24,173,99,50,34,44,170,218,192,235,124,62,178,157,44,78,73,96,212,172,
72,252,140,26,100,167,228,176,39,214,207,184,148,243,226,61,63,49,21,106,109,93,91,185,29,
56,143,54,195,146,230,35,196,92,36,56,211,155,104,29,189,71,121,208,39,233,39,154,194,122,
169,47,29,10,12,83,105,51,29,37,188,100,234,222,198,111,60,245,115,156,253,41,40,3,251,
222,186,195,93,80,65,47,133,175,186,240,253,66,183,218,90,96,251,136,222,138,127,198,59,164,
193,5,219,175,216,20,95,133,24,85,11,45,124,203,149,211,141,36,189,18,219,175,213,90,38,
107,13,161,254,113,217,96,133,42,11,46,236,161,142,85,252,205,229,184,30,24,225,249,86,172,
59,12,81,209,182,190,182,88,19,177,71,16,157,89,39,230,154,242,190,245,174,211,36,56,75,
171,192,4,213,48,200,19,130,25,232,100,212,240,233,199,213,200,105,33,59,85,201,214,59,85,
189,238,198,133,219,197,101,149,225,174,69,160,27,196,218,133,206,58,96,37,103,145,183,113,180,
2,152,34,206,224,24,210,145,104,123,162,73,189,247,12,247,165,182,75,84,239,151,61,104,150,
137,152,27,228,234,215,192,78,36,135,120,33,55,187,139,232,167,163,81,23,182,213,154,166,180,
42,101,144,8,115,117,191,216,165,76,12,45,32,39,193,12,101,38,180,103,19,131,147,47,16,
71,166,161,70,228,249,250,112,171,104,59,92,144,178,110,146,23,28,59,205,81,191,125,17,155,
74,148,206,180,49,9,35,180,88,145,142,95,60,135,20,57,172,4,108,216,200,214,173,163,207,
84,78,15,27,197,226,32,130,14,147,159,175,197,183,215,78,83,193,97,209,226,59,160,86,32,
11,73,99,187,189,120,255,206,220,53,102,237,13,116,223,221,155,214,221,126,246,9,199,146,104,
129,10,107,39,150,89,59,155,115,243,73,236,85,239,200,104,73,62,117,97,235,159,245,123,125,
109,59,134,219,170,106,214,175,73,72,15,94,215,157,80,185,118,75,78,225,9,131,154,130,154,
206,69,176,208,96,217,63,70,201,37,220,103,11,49,118,7,47,188,60,27,68,185,45,124,121,
2,233,221,141,207,100,48,141,1,224,112,143,193,28,182,84,220,215,54,101,34,92,164,119,105,
203,31,246,5,31,242,248,151,251,188,254,222,111,139,102,45,59,219,201,83,143,255,250,64,232,
173,176,120,93,48,111,116,143,60,94,18,75,114,241,175,158,31,10,157,153,95,226,61,16,174,
181,223,35,248,240,141,233,55,128,236,90,219,27,202,189,4,253,143,189,83,92,72,200,22,137,
244,172,205,30,109,109,160,149,76,70,27,34,47,129,197,21,182,235,106,161,104,126,127,234,35,
140,60,78,123,109,76,172,22,197,82,18,79,72,82,45,229,209,116,153,18,60,36,166,123,126,
67,43,62,67,229,185,193,155,101,47,225,79,6,28,148,117,198,251,133,177,167,9,236,188,52,
64,247,190,9,198,165,175,192,242,117,230,175,165,236,174,253,210,171,203,210,230,106,205,84,194,
46,74,118,214,120,108,157,186,67,162,200,45,156,143,249,140,222,87,3,183,22,127,229,44,21,
28,197,25,74,222,2,133,250,117,28,60,16,121,179,6,52,229,234,190,94,201,155,198,46,87,
226,120,34,198,9,214,153,63,97,120,44,73,201,241,50,99,214,97,163,11,28,194,10,248,121,
82,162,40,229,96,141,142,16,130,21,181,104,35,225,54,69,142,138,103,1,162,79,171,15,172,
61,195,116,120,188,189,44,167,91,204,189,85,190,200,75,72,231,217,82,230,51,239,205,240,49,
198,187,165,183,229,251,173,64,25,54,6,149,131,102,128,179,162,57,158,195,51,178,89,147,244,
247,209,182,79,216,70,174,92,104,179,230,61,173,111,117,23,5,183,254,229,199,134,44,250,189,
100,75,226,207,160,211,52,113,50,90,197,55,4,171,104,208,202,113,198,126,211,122,177,178,132,
34,202,115,217,88,97,37,136,105,229,32,164,253,235,43,193,61,115,238,81,20,132,143,211,49,
245,77,21,170,154,113,92,198,89,33,161,37,191,166,79,229,145,42,44,26,157,83,189,240,2,
30,179,0,105,204,50,173,118,227,125,255,115,185,227,55,9,4,194,192,156,175,191,232,117,231,
123,78,234,226,86,59,152,90,229,19,213,14,154,146,70,2,243,145,45,69,16,144,105,158,13,
148,128,108,236,91,74,190,241,15,228,244,27,124,42,113,66,21,45,20,146,68,76,245,205,109,
91,246,38,81,115,47,89,135,59,155,25,177,4,159,131,166,47,226,33,8,38,39,253,240,177,
225,56,179,47,52,215,88,93,175,199,217,211,180,141,212,108,110,135,213,181,223,85,48,145,1,
164,146,202,33,130,197,35,7,89,83,48,60,81,86,29,150,200,244,84,75,106,111,164,100,54,
38,79,184,111,188,140,216,155,116,242,99,195,19,18,56,165,225,1,191,11,188,49,91,235,125,
170,154,217,195,20,239,27,232,249,156,67,255,2,122,104,14,96,104,251,34,247,40,41,37,133,
156,57,229,250,95,228,97,61,219,112,206,101,87,121,146,174,95,164,141,139,202,131,227,125,78,
144,108,21,204,33,156,208,52,179,123,5,213,234,80,194,111,181,190,5,142,80,217,11,178,106,
227,86,77,19,225,126,190,226,198,8,252,127,100,239,25,98,210,93,6,252,105,51,197,152,235,
233,124,243,82,59,106,162,80,118,78,187,153,79,243,251,82,209,68,76,215,21,26,36,251,11,
3,218,189,67,161,134,225,151,153,19,182,202,212,98,82,30,33,230,164,156,28,189,158,131,249,
58,94,148,241,71,156,118,64,167,208,86,236,90,57,88,114,27,98,20,94,25,129,70,31,115,
159,134,131,120,152,168,135,23,34,231,115,188,39,176,254,80,155,67,227,74,255,106,255,105,31,
102,152,168,92,72,142,133,250,141,188,55,28,24,227,194,214,230,240,147,210,16,92,7,3,171,
207,102,115,26,40,3,90,82,194,146,232,128,42,20,190,34,113,149,200,75,87,1,70,122,195,
98,67,17,204,98,82,129,122,208,119,16,172,43,195,70,17,26,13,34,241,171,202,106,80,40,
114,160,28,189,126,44,138,4,158,220,239,156,65,85,109,144,10,72,31,130,147,189,156,111,156,
33,245,87,254,146,136,212,153,223,134,41,204,218,152,182,41,53,78,180,167,157,142,19,38,211,
83,65,119,17,187,71,56,211,149,206,239,77,242,220,17,115,86,13,189,187,63,142,66,3,102,
254,105,111,233,249,120,6,110,77,47,104,149,102,135,201,243,212,79,92,72,95,251,104,105,217,
134,190,25,104,109,104,146,193,147,253,91,5,106,163,134,160,188,70,122,212,162,137,75,99,233,
183,99,170,204,136,239,246,235,208,228,20,8,120,143,233,145,183,170,147,67,62,47,195,169,173,
162,236,143,90,145,53,196,182,85,170,134,35,5,5,0,110,104,165,200,140,190,186,132,26,186,
61,22,111,175,17,135,145,90,220,75,134,31,125,248,65,253,54,95,156,177,51,18,147,114,213,
137,105,156,152,194,168,12,88,194,248,111,89,68,148,116,185,138,191,46,26,132,224,59,95,193,
64,242,86,164,29,226,222,196,219,0,160,79,72,212,159,25,23,225,131,38,111,16,149,61,27,
24,36,246,108,219,190,32,16,245,185,62,238,168,177,34,143,108,200,101,36,127,118,155,207,242,
235,106,157,190,95,38,132,96,83,211,75,238,150,243,178,43,96,58,12,74,224,39,112,1,124,
219,15,112,178,3,89,195,152,19,96,79,53,148,126,135,101,52,70,87,235,16,23,24,169,108,
229,157,124,62,23,201,170,236,239,26,120,54,198,248,91,239,181,104,218,42,241,139,202,3,210,
47,96,52,76,63,39,154,198,218,215,62,23,40,98,8,179,215,246,111,249,229,63,133,21,228,
206,15,39,103,238,112,87,39,69,77,62,183,182,210,174,119,232,191,104,121,132,116,25,33,42,
179,172,145,169,25,106,24,52,232,133,1,151,157,108,118,78,95,255,12,59,129,46,251,68,95,
194,26,189,6,27,159,146,185,25,197,10,247,210,13,248,170,177,190,127,8,49,89,34,195,92,
185,194,228,177,128,16,33,104,254,38,241,190,214,121,71,46,156,137,137,42,122,63,130,21,217,
155,183,169,217,206,110,158,13,46,83,90,3,39,176,132,220,129,189,38,152,6,242,215,209,194,
64,68,83,200,228,67,62,239,108,193,90,190,140,141,138,40,149,242,215,210,71,156,222,104,60,
193,63,85,64,250,231,194,12,13,17,95,203,119,110,145,218,50,137,108,221,213,36,70,228,6,
125,111,226,31,149,19,95,105,137,33,145,182,18,7,33,84,168,190,83,70,110,153,162,52,63,
226,106,39,195,48,86,25,128,186,16,239,168,96,160,230,64,162,93,44,120,249,184,121,63,59,
160,175,192,7,37,156,90,23,28,211,121,58,229,74,41,16,49,205,220,252,61,171,33,245,18,
233,191,208,241,90,225,187,254,48,67,33,114,244,104,136,152,5,94,239,193,119,228,24,116,209,
116,204,147,113,68,11,166,163,67,137,226,248,150,50,180,20,187,3,131,168,33,210,52,226,222,
10,243,7,63,220,85,166,196,65,175,248,179,127,75,0,202,172,142,153,122,251,211,141,135,31,
89,122,138,132,62,161,249,155,122,8,125,59,166,52,237,195,210,57,170,142,162,91,13,77,144,
62,178,239,3,17,28,119,122,206,32,93,72,55,110,18,35,236,122,189,155,212,250,234,9,165,
116,21,234,243,141,190,232,104,78,51,25,69,17,233,141,166,213,244,24,100,48,29,11,154,248,
25,17,175,191,144,69,54,167,16,246,198,36,160,206,174,88,108,21,173,23,183,154,8,26,9,
40,119,71,81,189,146,180,72,77,184,3,212,122,212,233,238,131,191,32,206,174,19,143,207,184,
67,200,30,83,119,78,228,106,221,166,175,65,183,201,183,178,135,33,171,78,152,187,108,97,51,
19,211,186,5,255,224,147,123,58,156,228,95,105,66,95,32,195,90,234,220,243,190,99,150,6,
41,25,7,182,173,49,199,83,92,51,83,250,155,160,247,120,197,184,77,234,138,132,96,96,139,
107,238,241,200,95,41,116,76,254,2,1,10,214,18,212,233,94,158,214,148,186,102,2,160,36,
186,225,66,34,142,147,3,49,38,166,190,4,143,237,174,94,76,188,204,226,96,190,216,203,128,
55,79,247,192,193,94,106,128,246,147,92,65,137,135,157,105,225,141,101,19,69,118,129,254,53,
86,215,138,233,225,17,205,76,243,0,183,246,216,39,58,23,220,92,145,75,142,178,16,136,152,
159,196,221,20,128,10,228,58,245,234,26,30,194,164,66,209,117,12,140,2,11,84,254,136,249,
0,77,198,239,13,181,32,42,51,133,210,17,60,28,132,145,61,98,86,52,64,91,39,159,27,
140,159,120,130,160,146,155,60,245,236,109,32,108,144,226,163,154,203,228,142,198,172,166,32,193,
227,141,226,40,211,219,188,176,104,25,215,194,38,66,88,64,207,52,233,245,153,215,134,180,130,
62,87,164,19,51,156,218,4,102,184,224,145,90,99,56,148,173,141,115,150,255,121,41,58,107,
245,14,190,59,237,182,72,173,227,79,139,224,42,2,69,42,180,208,79,93,173,102,219,101,43,
230,16,1,159,2,227,178,50,208,128,136,252,174,153,107,157,226,191,157,243,242,133,212,219,21,
61,76,49,67,190,196,90,172,235,15,171,9,254,226,54,82,21,67,144,86,106,21,145,79,156,
33,40,102,69,161,39,247,185,69,61,180,44,118,90,14,222,106,48,127,77,66,89,42,245,235,
83,46,70,82,44,74,22,34,106,165,246,70,103,34,199,203,226,49,11,46,93,206,6,46,191,
80,202,185,157,231,200,19,48,151,151,158,3,49,60,46,214,128,207,180,49,236,57,248,254,147,
222,137,58,205,188,59,5,120,8,114,115,199,203,187,137,41,47,192,59,102,32,197,5,26,52,
188,150,159,97,181,242,153,104,44,43,80,169,40,206,153,156,111,183,146,255,32,255,154,119,179,
118,174,153,111,186,149,227,185,231,94,5,159,87,208,79,250,167,97,30,232,250,162,186,107,114,
133,203,214,96,129,110,86,5,127,99,81,174,218,29,103,151,119,161,90,87,161,204,92,110,71,
210,170,200,13,30,46,60,71,115,8,115,205,58,33,205,83,204,211,203,173,192,28,70,40,156,
17,196,93,85,45,16,72,43,242,212,63,39,217,15,71,123,119,201,250,232,206,97,234,56,105,
16,184,159,201,142,211,133,110,140,54,122,60,146,196,78,149,160,25,163,123,104,168,162,165,201,
140,157,148,10,246,126,47,182,119,62,51,41,223,98,159,34,201,157,83,243,85,212,253,16,111,
99,24,53,133,223,65,154,141,211,19,150,143,150,0,224,251,160,83,67,96,107,230,228,59,82,
111,33,34,131,247,191,93,17,215,7,135,175,196,19,148,0,157,69,121,143,6,141,162,95,158,
166,217,189,125,84,42,35,96,78,109,151,225,67,228,192,175,37,231,235,241,190,73,215,178,223,
157,194,109,62,206,80,31,191,252,21,4,162,176,21,207,188,54,140,210,108,18,179,181,175,154,
163,34,152,67,235,245,124,207,108,84,111,28,72,51,242,136,199,212,255,38,142,91,13,22,147,
157,86,60,174,219,123,62,251,77,110,98,83,43,128,85,171,190,81,148,45,150,21,117,228,131,
51,173,254,142,4,156,240,18,88,134,179,208,48,138,158,160,53,10,20,90,219,210,138,206,12,
170,221,155,214,155,184,8,69,210,122,111,121,172,18,151,166,188,245,44,241,163,222,113,4,177,
35,53,247,98,189,90,194,59,104,133,185,197,220,222,109,241,103,201,65,240,44,32,235,121,117,
30,47,41,144,84,114,11,222,64,251,95,131,46,6,194,241,187,132,121,140,42,31,213,110,85,
65,230,182,109,149,20,43,97,252,215,162,254,71,94,76,153,250,35,145,99,131,35,181,142,169,
222,29,169,221,16,70,141,182,244,188,48,26,141,4,251,181,179,173,215,177,6,63,180,40,16,
134,63,59,132,134,227,167,98,74,29,164,1,67,20,230,141,192,209,143,247,133,112,119,78,62,
159,201,6,94,247,247,177,177,223,70,245,109,83,223,201,64,81,140,230,4,240,151,174,193,57,
195,149,60,8,119,37,143,101,143,198,255,32,201,31,208,82,153,169,118,219,129,176,62,140,152,
124,208,108,72,131,38,7,103,148,177,211,255,121,115,202,112,159,68,150,140,94,253,214,225,213,
118,32,37,163,78,60,156,231,167,189,250,200,20,90,64,132,184,1,63,179,139,203,166,135,65,
49,85,48,74,49,65,166,255,3,209,213,44,174,139,25,250,162,71,96,175,219,135,163,165,92,
141,213,182,3,129,201,235,6,165,72,123,185,8,170,138,93,132,72,9,207,8,17,181,104,173,
68,55,111,196,82,137,241,82,161,129,249,58,153,88,7,39,170,180,74,145,148,115,169,22,85,
202,111,249,11,83,104,213,249,95,70,136,107,34,110,171,125,244,219,200,237,44,179,212,91,215,
86,83,255,102,51,146,100,33,41,215,31,255,72,223,236,182,53,28,92,179,69,0,157,196,29,
56,191,160,85,228,187,1,201,2,180,130,246,182,250,86,170,227,133,188,237,183,132,184,117,40,
204,190,242,121,217,235,253,244,55,168,223,66,74,109,177,50,171,13,112,142,255,174,188,14,183,
23,92,61,62,196,65,243,192,33,202,129,8,223,235,33,59,109,206,49,221,166,112,159,12,109,
38,100,111,49,137,219,74,167,213,118,216,144,232,184,227,163,128,188,69,75,110,239,132,37,94,
146,236,138,47,19,13,1,128,254,247,20,109,229,95,23,27,187,46,227,112,131,26,100,33,84,
75,95,141,15,174,8,17,242,73,180,6,52,154,207,41,83,0,60,229,144,75,156,180,215,227,
239,213,77,155,120,171,17,80,6,157,176,181,130,58,135,11,11,121,53,234,106,52,249,140,158,
65,42,36,115,251,195,242,135,7,92,41,180,14,126,69,198,231,217,105,15,224,253,137,147,127,
18,112,169,129,32,150,111,143,253,91,246,3,138,81,11,93,111,209,100,204,9,15,224,129,128,
19,116,193,187,206,242,192,18,68,182,93,5,248,75,243,95,244,172,23,22,229,196,61,173,2,
38,142,194,18,60,35,117,117,241,143,51,255,119,145,179,98,185,206,210,105,46,62,209,43,165,
136,238,199,216,0,140,202,153,168,68,60,81,188,222,186,219,77,245,229,43,8,195,135,170,115,
24,52,63,138,252,28,237,91,33,83,185,203,201,190,165,151,249,199,4,53,99,250,9,168,150,
192,70,172,105,232,187,251,233,81,149,78,53,177,71,231,45,222,145,254,242,127,124,228,12,117,
234,187,71,205,133,204,252,150,107,60,29,45,167,185,188,121,107,128,66,214,70,217,47,199,144,
140,224,16,148,120,142,15,247,168,161,45,219,37,34,38,55,56,6,21,210,73,11,238,141,70,
20,55,33,36,146,65,72,244,194,48,51,65,48,176,248,203,151,160,137,113,110,83,221,69,161,
187,25,232,203,80,112,79,4,21,63,79,51,122,189,112,255,12,53,234,19,139,149,80,193,181,
161,74,54,200,52,145,113,129,156,136,85,207,0,115,194,128,134,32,23,119,165,219,178,113,255,
24,139,255,7,97,150,124,175,76,7,248,249,199,77,47,206,43,213,106,57,219,207,64,113,127,
0,239,202,138,255,44,46,203,119,95,231,33,204,63,66,214,46,1,64,12,42,172,78,153,175,
64,251,22,63,36,219,202,248,225,21,108,93,20,9,159,85,60,126,252,117,187,125,108,3,8,
23,109,35,132,224,61,142,70,48,213,138,21,156,19,97,64,192,196,37,77,62,161,238,152,59,
15,166,239,4,73,175,195,229,210,125,184,23,240,244,204,149,55,202,91,168,89,63,122,23,77,
247,96,92,240,54,166,43,17,4,24,28,250,209,248,167,139,244,156,128,144,69,181,189,209,116,
127,2,63,151,239,54,225,174,168,102,155,29,157,9,103,225,6,162,146,101,107,82,97,153,238,
208,4,198,38,160,20,163,38,68,37,49,192,109,84,112,70,240,29,124,205,121,107,180,87,73,
147,161,20,192,115,162,96,175,58,125,162,168,118,178,197,20,11,235,181,110,235,163,110,120,215,
47,18,147,219,243,219,95,184,124,96,4,165,197,25,139,0,244,50,159,86,129,73,67,167,243,
142,133,238,105,74,61,14,50,52,239,205,151,194,104,84,101,248,21,151,102,246,143,209,6,234,
89,119,151,120,59,247,49,141,0,218,52,59,86,120,185,180,92,166,245,92,137,118,41,138,210,
128,22,23,82,20,74,81,192,247,222,237,235,3,180,75,194,210,3,241,153,246,214,18,2,167,
117,239,130,32,49,114,69,153,221,62,121,33,108,2,48,101,13,191,23,80,245,78,48,48,215,
178,167,75,185,84,121,22,102,132,218,149,178,138,104,134,139,53,41,214,4,70,36,125,225,58,
119,137,254,122,59,178,168,105,140,162,250,131,242,14,12,215,5,41,129,236,78,194,30,242,33,
82,67,104,84,26,8,17,17,67,34,114,146,8,109,129,132,159,83,207,192,84,124,246,99,23,
197,255,39,214,190,212,152,93,203,146,109,148,191,144,153,197,88,208,203,41,221,235,241,213,202,
65,108,19,67,40,70,185,114,169,228,174,217,185,101,161,130,43,237,202,82,255,164,154,8,144,
53,21,192,78,41,226,194,246,214,232,71,68,130,23,68,116,83,79,118,94,203,10,134,75,80,
9,142,170,192,192,139,8,35,124,200,213,28,28,136,1,81,231,182,198,8,216,104,118,193,33,
179,161,11,201,197,135,241,82,95,52,114,101,4,129,146,170,204,219,172,197,234,130,39,48,158,
46,197,91,187,193,181,220,231,101,207,151,89,182,7,145,97,137,164,178,194,87,219,190,143,213,
158,67,121,167,74,13,121,78,34,17,201,14,230,51,112,116,122,194,101,116,121,180,120,255,160,
181,204,157,176,196,28,173,111,117,233,109,87,62,212,85,51,186,191,31,199,17,155,204,45,33,
156,249,146,99,31,77,186,169,115,205,194,157,141,114,54,243,15,88,139,133,250,149,157,140,75,
137,237,88,192,8,57,218,144,146,179,106,122,10,161,35,36,72,46,124,233,70,59,70,63,126,
95,129,37,167,102,50,203,55,11,188,2,243,162,28,18,234,95,62,134,122,217,240,140,97,89,
185,2,69,1,169,177,92,235,2,124,45,230,241,87,213,169,205,143,176,9,61,221,225,48,139,
133,5,22,66,222,164,157,103,27,224,166,12,33,185,175,215,135,7,183,129,32,82,199,184,182,
6,58,189,115,18,102,226,180,63,39,110,44,208,24,62,170,122,62,84,202,16,161,84,201,49,
141,2,200,80,189,225,233,161,112,64,30,138,17,122,91,210,108,132,76,254,114,79,220,148,129,
90,86,61,39,249,122,16,222,129,117,220,124,234,14,103,28,239,182,233,1,150,240,122,107,177,
25,244,210,8,222,60,218,134,205,105,208,184,97,48,93,47,170,47,194,89,32,237,94,107,160,
182,97,109,13,35,166,214,72,31,177,205,138,42,127,110,97,187,133,124,82,154,201,28,247,146,
95,202,60,57,149,24,244,164,64,172,98,121,139,164,164,3,244,139,15,145,233,243,205,50,31,
64,152,146,147,14,64,168,113,82,193,133,43,194,186,2,147,21,239,59,239,243,57,209,203,253,
129,31,71,88,105,103,26,210,139,149,21,245,229,222,124,4,202,214,20,249,78,100,233,60,24,
141,194,6,41,72,5,105,24,34,198,3,228,226,231,123,131,28,186,127,202,196,84,253,221,93,
148,26,199,211,121,179,90,127,4,140,182,201,72,186,97,230,59,38,239,56,199,175,194,211,136,
1,11,29,50,99,139,111,97,164,231,12,196,105,186,165,22,172,238,213,65,3,138,36,185,222,
247,31,209,36,229,244,22,141,217,149,224,41,31,142,252,111,54,238,42,96,221,57,45,77,98,
244,180,216,214,249,181,5,76,241,135,185,167,52,48,213,66,82,226,220,70,78,149,198,115,147,
220,119,35,148,199,189,146,150,148,120,125,24,79,118,225,252,37,127,119,175,24,89,114,36,167,
58,136,72,151,164,113,130,104,225,244,34,169,0,105,167,200,41,100,26,167,32,182,17,255,152,
159,95,248,248,41,207,121,172,58,200,111,115,164,6,71,227,140,188,168,186,100,177,219,64,0,
188,13,58,221,255,27,165,169,107,143,252,77,204,229,172,116,132,201,191,140,209,183,186,131,4,
247,246,18,195,254,35,198,176,21,239,136,134,18,22,20,97,44,133,67,34,36,156,74,80,28,
140,71,219,2,206,78,26,255,112,75,165,232,47,15,142,220,131,75,136,217,249,116,211,226,157,
154,60,211,250,135,84,14,25,160,60,41,116,128,15,230,71,5,213,15,115,68,24,15,211,55,
48,64,181,64,25,126,108,5,19,64,66,74,53,74,110,190,67,109,119,42,247,36,17,46,79,
56,102,35,160,106,138,241,52,174,66,220,225,124,200,209,251,175,199,254,108,221,225,194,12,166,
247,94,142,226,24,96,75,206,179,8,194,251,228,114,182,53,247,123,195,246,43,105,28,193,149,
52,88,188,224,28,54,82,149,60,114,200,41,19,71,118,71,183,208,122,141,3,142,169,163,152,
77,173,57,209,155,97,217,176,155,41,166,127,1,223,63,30,73,173,186,10,97,246,76,37,187,
18,45,185,192,75,184,57,42,77,5,145,178,110,109,162,210,101,131,9,61,63,149,215,215,71,
25,163,201,12,24,184,248,58,220,134,161,38,163,148,28,160,240,7,199,221,66,10,49,162,197,
206,125,228,25,146,6,77,177,250,153,203,204,133,220,127,248,126,245,255,32,243,115,253,52,117,
182,82,32,118,142,99,160,10,125,169,11,65,31,213,122,34,39,117,191,150,61,49,251,2,238,
110,140,202,183,255,63,118,217,212,59,254,124,195,7,114,22,4,68,100,30,149,28,152,126,61,
36,228,25,103,98,34,0,178,132,67,140,44,195,191,151,122,188,240,80,164,235,52,137,249,82,
35,176,166,193,128,161,141,122,251,241,221,127,146,87,231,138,16,135,20,108,4,208,177,63,248,
213,88,141,21,43,151,78,39,217,42,99,120,97,167,32,47,214,33,62,253,255,127,169,245,74,
137,29,110,62,73,59,125,200,65,54,45,133,39,160,50,168,94,35,220,229,153,46,218,219,78,
113,130,34,223,129,139,77,162,75,50,160,226,206,242,134,107,231,113,176,175,243,144,100,209,189,
33,120,255,201,158,178,253,108,234,114,82,29,0,164,225,154,139,103,20,113,100,134,92,25,105,
69,91,21,148,191,199,84,43,115,42,23,143,8,75,84,216,192,42,212,179,64,39,202,137,175,
51,138,65,203,191,58,208,104,198,195,79,161,221,6,67,204,156,9,128,54,248,123,118,43,87,
235,2,85,105,188,4,156,117,106,159,88,190,172,215,136,11,93,160,230,213,252,209,22,240,141,
6,180,135,207,129,7,55,125,5,39,75,113,83,187,250,55,178,39,82,218,32,121,205,2,133,
227,152,18,136,98,34,121,241,85,192,58,55,221,85,215,115,63,21,49,194,216,138,17,72,71,
141,36,134,104,104,102,86,207,120,77,248,208,152,11,187,215,119,114,178,42,108,175,235,242,114,
44,149,169,153,16,142,191,7,108,216,108,216,113,250,115,46,159,176,24,76,129,122,164,93,195,
181,212,140,67,94,15,232,92,51,242,212,173,28,134,25,84,176,220,30,98,8,218,115,228,185,
193,209,195,64,194,12,212,126,41,237,77,17,158,137,92,153,9,70,108,78,24,250,246,29,41,
100,70,37,86,61,211,44,161,72,235,96,196,192,208,1,21,22,227,128,234,183,218,105,149,142,
248,204,156,1,178,151,250,183,181,47,201,181,188,54,209,24,234,149,46,227,32,38,97,235,200,
209,25,158,77,173,168,251,76,166,245,199,220,43,41,121,3,7,147,138,106,242,123,248,160,26,
39,147,85,42,62,241,141,255,195,2,217,170,116,245,238,51,111,95,180,243,157,21,14,203,189,
185,157,6,121,34,33,66,195,240,119,143,239,214,30,209,37,116,48,118,144,237,185,8,96,8,
78,242,135,98,43,87,111,23,46,161,113,89,81,103,36,123,169,42,238,87,138,153,213,244,188,
41,83,158,140,240,87,29,242,24,241,22,88,25,72,115,107,97,129,20,58,159,1,177,206,84,
105,5,144,237,75,246,66,3,233,46,233,189,147,212,164,137,247,2,26,4,80,101,177,86,45,
45,241,128,19,61,248,158,9,248,187,223,190,122,128,139,236,18,210,129,90,153,139,70,31,235,
3,10,116,223,30,56,229,220,58,94,3,90,193,221,74,252,69,208,249,127,77,225,245,206,78,
81,72,19,198,154,210,233,71,197,101,49,103,108,43,102,33,114,230,89,196,71,180,66,75,43,
202,9,220,212,117,37,240,98,120,189,140,95,4,114,150,213,12,246,176,109,40,245,10,135,174,
30,183,68,80,25,181,50,166,177,142,150,102,177,29,28,130,50,206,83,198,172,38,81,156,170,
48,98,155,161,131,103,59,41,122,37,96,189,208,94,232,178,122,41,45,14,178,197,134,141,103,
243,53,98,189,151,113,210,112,206,72,192,95,148,130,49,65,44,211,211,237,242,59,234,98,35,
199,62,189,36,96,200,87,44,26,59,216,94,130,158,122,224,37,100,225,145,103,113,43,160,19,
123,81,25,199,82,101,153,115,237,91,127,22,42,31,149,211,135,53,163,71,81,198,197,154,90,
183,97,159,133,89,135,219,63,23,122,124,136,198,229,147,49,71,20,208,251,95,39,213,177,244,
21,82,122,149,176,180,207,33,202,116,118,181,249,247,58,198,215,48,239,221,13,217,180,14,64,
155,113,165,177,201,97,120,214,173,157,144,255,37,103,29,66,54,157,202,245,133,6,4,87,97,
77,31,59,210,168,218,237,129,97,85,53,221,110,45,96,194,242,220,181,90,131,157,25,31,136,
203,90,62,15,53,96,12,216,122,202,99,14,56,35,56,187,18,192,138,245,201,237,236,69,16,
41,189,219,156,20,64,38,239,104,62,29,203,232,106,73,11,233,24,32,20,245,250,242,148,210,
170,79,89,11,30,48,164,13,244,67,182,177,240,241,31,118,46,36,245,156,118,163,169,215,0,
169,11,203,171,94,239,219,36,19,3,205,118,172,16,131,220,117,9,250,57,149,16,145,2,229,
243,254,141,227,214,138,203,209,99,21,219,217,164,48,191,123,16,192,104,47,170,214,204,73,176,
207,79,186,79,57,90,113,157,22,40,163,57,212,214,135,79,33,31,78,119,151,237,1,20,138,
30,167,16,43,183,85,77,253,229,235,28,76,143,47,30,32,34,93,144,88,234,222,170,242,244,
142,190,28,88,50,57,245,74,104,136,197,83,3,191,217,191,151,25,90,134,160,26,134,165,151,
185,187,252,59,34,20,241,146,97,42,86,143,229,147,66,20,65,33,163,187,144,200,94,199,237,
84,173,121,181,234,121,174,2,174,119,118,233,245,38,81,228,174,0,2,171,248,146,172,208,134,
70,138,150,250,61,74,197,127,81,28,146,158,7,243,28,121,114,140,207,15,22,216,164,136,181,
131,191,118,0,51,60,101,214,48,4,72,164,124,222,201,19,83,51,27,26,18,218,48,42,174,
96,148,244,175,122,249,3,60,125,223,6,204,63,166,181,1,143,125,55,224,38,244,159,82,238,
139,36,242,255,203,162,122,28,7,50,250,210,52,185,116,119,42,104,248,27,8,37,74,167,73,
180,83,108,162,76,221,64,71,155,242,127,18,251,59,206,172,97,173,8,99,122,61,110,172,71,
76,17,255,19,122,177,29,59,163,120,215,4,26,147,57,91,229,63,62,13,196,39,234,144,60,
150,106,58,130,148,182,173,76,138,237,59,33,187,17,161,35,11,246,197,120,114,22,124,171,55,
122,219,35,206,163,60,140,109,224,119,115,182,127,88,160,245,234,123,28,203,90,151,47,68,31,
232,3,144,195,107,15,87,16,221,213,214,105,238,144,135,176,54,47,85,159,160,184,51,74,105,
167,226,205,175,38,25,221,143,204,132,161,85,160,152,77,40,26,7,223,183,61,69,55,234,218,
233,0,76,82,163,207,156,165,144,178,120,209,69,157,111,102,189,49,226,95,129,204,193,127,184,
180,101,243,213,131,9,22,223,57,98,71,221,95,164,234,211,211,72,225,121,133,71,233,234,79,
27,119,93,187,38,92,98,130,64,19,46,176,144,76,94,113,153,57,247,55,187,16,25,41,43,
45,11,240,28,5,44,133,49,22,199,77,254,107,4,193,27,99,166,107,191,24,29,236,20,248,
131,119,239,56,137,11,46,140,202,170,226,123,190,44,23,177,216,38,118,54,245,2,250,248,26,
203,97,92,148,66,120,100,91,94,237,241,125,196,60,87,101,100,3,207,119,169,4,194,61,115,
253,73,214,158,5,81,130,185,150,109,76,164,213,95,73,239,16,211,113,111,139,241,199,53,236,
210,237,247,196,152,126,213,225,176,157,41,249,68,249,195,125,113,168,8,187,138,61,108,129,158,
107,17,44,210,231,225,120,235,73,205,214,21,167,119,52,224,47,12,168,230,144,145,235,229,50,
205,134,196,101,63,221,150,234,120,145,199,117,141,177,206,117,177,19,143,90,199,226,21,28,131,
131,11,98,28,246,70,93,32,214,45,114,141,159,234,152,215,13,135,87,34,12,15,77,102,213,
117,165,54,105,76,254,82,103,179,54,218,157,100,78,111,144,89,200,80,182,9,238,148,45,138,
60,3,180,175,224,58,12,35,204,235,43,122,133,148,104,60,111,60,112,140,53,20,46,194,150,
172,35,76,175,110,5,141,229,249,182,31,120,28,84,38,226,243,11,58,34,29,98,95,71,15,
216,203,187,209,57,236,209,232,29,22,156,201,21,175,176,182,239,229,100,6,225,250,54,24,166,
145,236,49,224,129,222,179,195,188,231,179,175,234,42,247,87,213,128,102,87,179,229,250,39,88,
48,79,189,193,4,67,224,185,134,205,171,112,181,48,214,178,200,241,88,164,206,173,219,102,152,
111,174,108,178,200,246,232,192,225,246,235,30,246,237,69,40,209,91,10,161,188,44,98,242,14,
21,193,151,15,70,14,244,219,230,247,249,161,40,199,131,214,67,184,253,208,152,108,102,147,220,
80,28,223,64,157,107,201,150,2,146,107,148,113,234,5,165,44,91,246,110,148,152,78,120,81,
209,196,60,133,222,66,125,184,167,219,98,237,11,58,90,111,74,7,172,186,241,108,208,142,8,
166,104,70,146,152,10,171,79,131,37,173,152,31,42,64,195,181,127,188,245,90,162,199,199,183,
177,61,174,25,28,221,214,89,165,124,5,176,223,22,64,247,182,202,77,173,182,85,217,75,66,
223,63,33,28,163,60,51,226,97,230,229,58,254,115,104,20,223,180,123,108,166,145,194,169,90,
35,22,23,82,146,83,205,121,107,51,247,114,32,209,43,235,223,7,84,203,141,222,4,248,31,
254,35,241,110,101,74,217,1,22,179,213,132,202,197,133,249,129,19,173,217,245,114,38,171,157,
160,154,241,183,203,228,53,66,117,186,60,1,200,252,2,207,168,147,154,218,70,117,84,209,164,
7,59,133,32,95,155,70,139,181,114,57,82,53,245,43,163,149,170,195,159,136,202,98,179,224,
23,209,216,56,62,237,114,121,61,159,84,202,236,12,130,155,192,62,51,240,206,228,205,23,141,
164,177,203,105,32,238,120,73,86,42,204,137,23,40,77,168,135,90,240,191,22,111,220,172,1,
23,35,53,245,109,36,33,108,242,189,119,144,218,248,192,140,98,197,42,95,112,211,104,165,65,
209,233,40,77,12,206,129,177,200,225,180,237,247,76,187,104,107,192,67,173,108,67,83,225,85,
208,127,179,172,226,199,108,150,10,101,12,91,1,210,185,7,56,244,166,183,68,169,165,14,219,
97,207,255,83,46,130,251,191,137,40,228,141,26,180,159,80,69,99,131,174,74,176,83,233,23,
195,24,23,208,215,131,65,192,156,151,21,119,180,184,49,213,141,55,226,32,174,70,32,44,133,
138,196,129,140,202,209,200,211,212,182,4,182,255,166,155,159,246,64,11,180,173,85,162,106,136,
247,240,32,52,172,137,111,0,108,137,40,6,179,159,17,98,58,62,22,103,227,240,110,56,89,
159,75,254,63,11,232,215,173,31,123,215,68,253,252,130,131,72,235,229,29,246,48,86,76,215,
212,25,116,85,11,86,54,47,42,213,68,133,162,50,195,41,138,250,78,70,58,221,65,239,134,
54,196,230,34,136,27,184,96,212,62,217,40,12,88,24,135,42,92,217,203,67,136,247,213,22,
214,147,96,1,61,127,13,204,159,129,232,233,222,74,23,83,111,106,80,149,201,48,61,249,219,
210,183,245,20,27,231,134,137,63,96,126,188,68,159,148,106,16,167,63,231,84,10,34,45,19,
115,24,56,77,26,46,248,21,252,13,175,125,165,33,7,6,96,212,211,117,241,110,152,17,73,
224,110,233,54,151,40,12,72,155,46,171,23,37,201,251,12,38,250,191,145,239,84,76,22,81,
68,248,134,176,234,250,244,167,166,177,119,206,22,17,204,56,122,168,57,223,146,224,130,152,120,
50,191,254,17,23,7,115,57,90,8,6,3,98,232,138,237,218,108,171,112,46,96,20,55,109,
0,212,116,109,34,50,42,118,132,63,150,143,242,13,173,73,201,198,207,90,74,221,31,147,174,
1,79,55,26,157,8,70,29,192,24,20,112,104,119,153,26,54,216,199,58,50,216,233,170,144,
179,53,184,209,68,95,79,26,209,72,34,2,161,43,115,131,174,130,216,80,239,13,18,110,235,
185,16,51,58,193,15,70,48,98,213,105,200,120,246,11,245,151,143,96,158,131,68,207,237,208,
143,142,77,30,112,148,0,235,72,35,127,173,202,106,221,231,107,1,128,251,198,228,132,182,43,
171,44,5,132,159,140,73,244,139,182,234,111,31,93,98,218,214,13,98,121,112,170,144,232,111,
204,231,168,233,226,161,220,28,164,216,17,149,252,111,200,132,37,26,66,52,18,13,136,80,110,
44,231,38,170,225,132,255,176,27,135,92,60,59,73,171,214,96,216,110,161,62,103,41,24,182,
223,124,9,56,146,215,33,4,41,228,252,225,88,197,113,98,178,229,171,139,200,126,14,31,90,
58,118,155,150,46,0,49,15,154,209,0,81,81,69,67,112,85,166,200,78,186,148,135,217,26,
75,158,236,97,165,208,155,242,32,180,27,120,245,160,119,84,0,213,252,188,236,126,31,121,168,
143,187,97,124,96,232,20,243,165,10,208,87,53,82,80,208,35,38,223,165,23,62,140,46,131,
124,147,146,68,155,202,235,254,209,43,164,91,27,203,166,218,31,161,150,143,52,31,209,98,165,
131,226,34,56,179,109,76,185,82,172,255,209,172,12,125,116,144,230,130,154,77,149,222,153,30,
240,23,205,140,104,238,30,210,199,113,152,199,242,144,23,219,124,146,127,160,0,248,34,104,153,
253,64,49,46,157,190,191,4,73,204,205,182,177,158,5,69,62,152,210,187,164,8,189,161,179,
165,255,151,182,182,116,242,217,215,157,90,156,92,39,150,71,71,167,213,114,181,144,58,43,60,
66,32,241,119,170,43,81,67,180,212,163,191,22,137,139,104,0,42,69,220,215,255,189,164,54,
61,29,117,137,87,55,183,178,69,179,205,212,98,215,191,245,59,243,168,137,39,67,145,73,252,
65,183,188,165,176,43,149,80,3,244,143,137,179,7,98,42,64,96,37,96,241,138,187,234,100,
169,172,190,99,123,220,9,87,47,185,30,125,234,58,110,46,139,193,152,150,118,110,30,19,33,
177,46,188,211,229,100,119,59,91,58,213,102,209,114,59,171,231,118,241,148,9,196,104,152,46,
91,211,20,208,208,12,99,46,180,116,86,106,70,247,91,82,203,160,190,126,239,227,97,234,226,
32,201,217,20,201,28,5,159,208,57,132,188,228,132,121,70,56,139,252,117,173,212,109,125,16,
56,59,188,213,229,130,88,82,122,9,22,147,104,17,169,5,62,33,223,227,231,73,170,214,180,
239,77,133,188,43,168,72,77,241,82,48,129,3,247,21,52,179,15,199,199,186,129,138,48,113,
73,39,252,218,186,36,3,24,228,173,2,218,2,242,205,112,168,38,174,248,200,69,39,239,24,
88,106,53,212,55,56,116,43,51,156,93,177,247,66,66,206,209,11,199,25,164,48,142,149,77,
18,159,101,50,135,224,46,241,74,214,119,5,141,141,254,84,74,211,11,149,156,169,31,106,62,
46,171,161,57,184,170,0,143,67,233,167,110,201,124,14,141,40,215,24,148,234,213,18,182,205,
84,217,26,159,179,225,7,181,245,207,61,223,147,42,83,204,232,30,190,46,102,43,45,6,216,
233,184,235,71,54,87,218,135,173,21,219,192,141,240,125,175,110,149,134,78,218,152,177,14,225,
182,7,76,9,53,186,104,172,123,234,191,101,0,241,24,141,238,9,254,106,92,119,166,217,213,
111,143,144,29,195,143,117,184,34,141,155,188,120,139,66,164,228,61,222,146,24,190,106,55,26,
176,23,108,118,242,253,109,242,176,124,116,185,255,245,145,74,226,135,98,186,25,209,172,173,41,
167,157,133,20,178,193,180,56,31,18,209,168,59,46,36,46,208,95,200,155,178,44,50,145,143,
19,101,67,23,145,78,250,126,86,214,91,150,186,144,25,169,17,208,36,26,127,88,201,223,226,
158,200,62,157,186,102,98,20,11,109,157,21,198,57,105,99,55,227,14,244,164,196,202,242,166,
58,244,78,226,220,88,229,34,112,54,65,16,97,15,245,89,114,226,25,222,239,103,44,157,215,
224,237,130,102,125,198,214,23,45,96,65,136,89,90,165,168,213,208,236,232,213,26,253,185,113,
194,215,5,61,43,189,75,155,20,116,58,104,49,126,28,13,43,43,102,49,141,168,92,184,162,
86,83,0,189,80,127,69,194,147,163,30,148,51,174,20,37,4,28,178,21,0,76,60,231,216,
112,14,177,176,84,42,183,22,208,182,220,203,37,238,21,208,243,138,20,34,216,148,128,27,6,
253,48,111,162,151,160,185,113,222,255,188,156,80,151,197,162,27,252,161,4,143,59,241,207,83,
248,234,102,239,196,182,194,48,242,162,115,150,66,20,140,212,147,206,10,106,152,104,210,121,0,
38,70,236,235,130,60,160,189,225,164,101,35,24,17,153,99,40,80,199,143,64,25,160,219,189,
121,225,231,146,49,127,248,174,158,230,12,195,193,193,44,198,214,171,119,9,234,27,31,201,162,
22,211,23,162,77,42,58,68,102,253,211,178,62,214,58,142,111,144,116,115,233,73,56,100,126,
99,136,3,37,229,126,93,91,128,8,161,16,244,244,166,232,39,91,195,26,141,147,152,101,226,
217,3,8,95,222,101,156,104,40,130,228,104,108,110,35,53,232,96,212,190,30,11,120,142,163,
114,18,181,47,231,8,80,136,225,202,68,140,125,109,80,244,202,163,202,115,171,123,92,190,196,
94,82,62,168,189,63,121,91,132,46,47,154,59,131,76,67,230,226,131,206,226,158,227,20,22,
177,153,77,205,77,186,53,201,42,55,95,5,105,170,250,235,116,101,236,60,239,116,104,149,78,
77,240,253,190,142,111,85,101,54,175,119,140,154,228,203,26,133,140,60,159,122,6,173,175,179,
2,104,184,99,172,112,107,78,24,186,136,34,10,51,141,47,133,209,94,252,199,168,121,157,214,
106,141,28,47,233,47,3,148,244,234,189,252,248,239,36,177,228,130,175,237,24,113,250,90,108,
92,16,179,182,21,204,113,97,49,253,142,77,202,216,201,249,150,254,17,76,8,110,105,201,13,
238,196,71,109,155,125,118,164,122,76,159,83,185,128,214,24,199,248,111,221,221,152,251,125,37,
224,191,246,223,31,179,90,220,241,83,109,192,233,236,129,105,133,103,172,238,35,85,115,41,220,
53,49,153,76,173,9,15,110,139,109,185,96,161,6,170,98,248,134,13,23,32,156,236,110,33,
230,151,75,122,162,170,234,221,131,147,198,26,10,174,41,132,223,42,220,67,208,153,4,221,54,
223,148,135,206,238,235,227,87,84,253,149,51,39,252,43,89,111,46,170,234,70,112,18,7,158,
178,67,188,234,74,129,218,13,2,204,103,190,194,1,244,212,36,107,65,237,94,103,29,252,153,
98,75,102,58,131,144,223,79,217,229,5,58,67,190,41,85,247,88,81,15,40,175,22,67,2,
95,88,8,186,74,163,85,197,94,227,115,85,45,168,221,195,30,243,29,25,255,47,65,115,37,
198,12,188,80,7,88,185,3,27,225,106,185,113,79,73,219,100,188,146,205,76,20,90,59,120,
158,115,97,182,21,136,70,94,96,83,85,76,75,115,69,10,251,247,64,146,173,243,207,147,241,
68,118,22,154,134,48,82,127,32,53,188,132,119,247,126,249,137,244,81,70,90,10,81,114,47,
172,219,47,133,111,46,67,240,235,80,26,73,123,74,74,126,27,30,211,157,131,93,57,12,101,
144,145,79,250,227,165,121,147,85,215,192,80,210,77,130,171,202,245,184,21,83,203,201,226,152,
159,192,204,27,54,237,230,93,85,168,207,204,195,200,193,138,229,46,236,34,134,41,203,197,163,
150,190,82,168,128,20,38,190,87,120,242,105,178,49,7,213,51,247,177,160,235,29,150,36,133,
82,158,180,69,155,218,79,136,220,85,94,223,174,98,149,6,36,146,124,70,74,196,155,147,30,
113,249,154,56,25,106,97,103,36,151,244,219,175,1,209,136,217,63,42,31,157,163,176,142,63,
43,48,226,72,194,138,226,111,175,88,87,23,99,146,182,163,189,7,224,112,139,64,53,10,80,
220,221,252,209,55,207,134,225,93,147,122,10,23,68,72,108,184,190,210,13,176,2,199,97,172,
19,1,119,92,228,134,31,242,244,89,27,230,226,136,68,110,3,186,131,59,246,131,168,45,75,
98,177,106,13,92,3,202,23,109,239,80,69,190,90,189,60,190,190,135,250,64,200,185,24,97,
35,77,247,92,232,197,252,236,17,120,169,102,55,19,24,196,124,180,1,74,250,80,52,3,188,
34,24,126,237,98,182,36,106,248,5,124,242,27,33,155,199,250,85,75,211,56,139,103,185,110,
160,128,131,95,248,81,53,68,251,216,86,191,161,60,160,99,160,244,46,6,156,215,117,152,127,
147,252,54,84,64,123,64,245,230,59,82,240,171,142,88,124,75,5,97,5,4,114,192,5,154,
146,28,134,196,222,69,186,62,209,37,75,178,166,168,168,27,103,99,211,188,181,166,237,144,170,
228,59,240,241,229,136,12,97,255,189,198,75,125,59,56,42,132,45,130,165,114,57,210,31,220,
169,195,41,194,50,167,207,2,242,66,204,86,214,198,76,119,186,243,76,252,93,255,72,48,221,
235,121,221,17,182,226,59,212,201,70,243,174,65,97,213,109,199,21,186,30,120,172,218,14,247,
11,130,15,76,130,77,162,169,218,151,3,195,205,147,189,58,66,245,254,88,78,78,231,40,175,
183,253,242,191,180,31,62,187,234,48,44,134,171,21,188,153,218,71,175,40,133,170,151,25,226,
245,179,180,129,220,198,247,123,76,198,129,109,192,35,61,50,217,116,158,19,114,146,21,24,103,
128,48,243,251,96,54,207,218,90,196,240,209,55,187,60,48,89,225,3,121,97,152,245,243,66,
163,4,52,238,137,203,126,137,122,57,222,90,10,176,189,245,195,83,167,64,127,80,119,35,222,
204,105,204,13,124,113,24,6,50,52,247,234,123,51,27,45,97,113,148,107,101,167,155,144,117,
8,41,148,239,6,29,112,187,149,147,22,91,72,204,71,141,202,69,119,64,135,130,108,58,23,
183,101,186,27,215,35,134,214,160,113,20,196,159,52,239,206,194,68,97,102,169,192,101,226,45,
160,111,159,89,170,175,159,87,22,47,235,47,229,215,146,245,61,143,230,100,178,70,173,155,129,
1,217,204,107,38,159,128,159,141,48,84,203,149,175,141,181,250,223,51,218,164,249,181,99,105,
109,97,80,33,18,210,132,120,124,78,109,253,7,60,162,167,25,84,30,119,236,121,176,190,90,
153,243,123,237,112,180,34,198,142,115,219,29,97,77,102,149,240,236,214,205,62,169,132,178,219,
177,105,83,234,241,34,238,215,128,100,242,231,215,4,186,177,224,93,64,68,199,9,196,251,192,
72,99,154,153,83,1,219,213,85,197,165,36,35,171,163,75,148,200,165,201,185,81,221,10,161,
247,152,36,169,125,67,130,21,248,148,98,213,228,188,119,153,44,203,66,199,160,143,200,230,65,
145,195,51,178,111,219,243,241,195,37,116,77,2,122,207,24,232,67,25,180,6,120,137,198,138,
120,254,98,17,201,148,171,124,216,166,67,109,191,180,12,180,206,51,255,178,77,111,46,238,130,
158,125,16,131,28,12,232,148,24,68,59,250,64,42,60,26,97,72,82,144,149,24,254,202,215,
83,123,104,125,66,245,26,100,40,243,114,130,81,29,20,31,193,50,16,113,68,6,34,129,155,
217,75,33,201,243,252,189,39,40,174,228,39,115,216,136,238,57,90,194,107,174,176,8,102,150,
90,125,211,162,190,251,225,158,203,29,192,91,43,216,101,221,195,236,32,205,179,105,72,179,193,
62,136,18,132,31,182,106,13,210,216,241,176,34,205,194,244,199,252,236,210,175,194,159,122,179,
144,226,9,43,152,130,198,12,241,9,134,1,155,250,50,30,218,157,43,21,101,114,164,188,115,
39,176,30,75,151,75,198,36,240,123,248,64,145,57,251,28,2,121,210,20,232,71,11,159,204,
178,137,69,221,105,142,115,39,85,212,122,72,195,23,225,170,33,239,90,114,239,22,111,112,107,
176,50,201,104,241,131,22,15,78,219,54,150,175,153,178,167,149,143,19,245,24,137,52,17,218,
101,34,216,78,143,236,70,176,38,45,145,4,110,154,98,119,54,218,169,29,91,107,119,61,197,
252,183,241,90,246,111,8,144,113,227,239,160,54,30,143,171,132,75,60,72,169,75,114,160,183,
77,63,81,74,64,113,208,234,220,22,101,119,196,225,131,60,108,175,16,31,6,144,191,128,99,
26,19,199,12,204,85,181,92,10,202,150,190,114,38,45,184,96,221,212,30,169,34,28,116,57,
202,73,179,153,189,126,191,76,136,158,116,231,163,74,76,254,123,232,13,119,85,188,237,215,76,
141,157,19,56,176,126,194,84,20,45,43,239,213,228,160,44,57,244,237,246,201,176,198,5,24,
18,149,52,177,16,254,223,60,174,91,116,22,83,149,178,148,80,177,157,91,75,24,250,20,150,
39,76,127,212,166,248,227,244,223,29,244,166,115,149,94,99,196,100,100,222,166,155,204,167,183,
91,152,91,45,46,191,137,233,196,68,63,174,229,104,33,1,116,134,235,4,170,108,19,42,134,
15,46,137,17,69,2,64,222,127,136,227,75,151,184,255,119,154,232,78,239,169,38,56,65,255,
254,18,65,120,70,191,193,84,199,211,125,146,185,205,204,242,131,93,66,182,51,237,85,100,255,
81,89,11,206,106,43,130,66,130,68,82,93,232,205,20,171,118,11,163,4,216,253,101,66,132,
144,220,77,116,27,218,35,161,137,125,121,156,238,34,77,205,94,82,144,91,88,231,132,66,11,
9,188,33,29,121,104,246,107,5,99,2,52,210,226,139,133,108,190,228,0,149,166,178,108,112,
239,206,166,82,7,169,110,142,123,5,242,252,20,216,115,248,162,184,166,88,213,59,168,168,27,
104,187,238,190,74,115,166,159,191,77,220,121,159,49,82,56,4,116,23,39,160,224,73,175,37,
27,221,16,163,76,247,252,164,234,100,107,101,29,186,79,200,248,172,176,195,229,209,175,162,50,
246,42,63,118,161,0,17,52,117,26,19,10,163,17,21,173,88,254,33,24,87,4,255,106,120,
140,240,137,160,150,214,14,209,196,211,38,120,163,234,40,233,4,59,207,181,233,197,67,77,64,
62,186,211,117,92,36,180,202,10,164,17,4,162,20,54,232,119,214,32,73,73,52,76,187,48,
183,14,113,62,43,128,154,180,6,94,130,229,219,150,103,128,123,9,206,37,237,237,72,189,134,
81,178,29,252,232,45,219,47,112,206,35,167,222,141,215,127,29,114,251,179,131,54,228,239,76,
145,8,159,246,182,14,79,22,129,32,205,69,1,173,138,143,230,94,12,64,130,11,81,72,32,
92,101,176,205,198,217,54,161,144,219,169,34,115,72,221,46,225,0,174,198,70,67,198,226,74,
129,179,103,34,44,159,246,142,79,79,177,47,32,94,144,0,180,92,205,183,67,83,214,61,117,
237,114,175,252,242,67,152,161,185,233,23,28,44,246,47,193,208,204,120,218,249,31,145,36,2,
97,199,84,201,126,46,124,106,132,25,226,225,79,67,74,127,208,178,2,176,179,199,118,216,178,
135,124,74,225,114,222,211,186,27,221,177,90,252,171,97,164,68,101,152,60,6,111,250,111,173,
102,74,117,130,96,213,243,63,83,125,191,52,63,167,104,77,128,11,156,14,255,59,103,55,114,
167,50,228,113,255,164,175,36,230,253,125,94,152,2,209,49,188,64,10,96,71,159,88,214,125,
201,208,144,192,245,66,116,45,147,53,4,201,12,1,35,214,151,89,39,83,129,189,224,191,232,
71,167,170,201,184,41,101,60,244,10,136,201,88,159,7,176,55,35,95,159,210,155,178,211,99,
231,88,161,3,16,46,12,94,219,201,109,85,252,142,86,194,251,249,91,183,62,196,221,27,171,
198,187,49,39,88,86,212,203,15,124,159,112,239,181,221,200,241,56,10,213,105,51,62,236,37,
54,56,220,242,162,45,238,185,83,38,26,142,139,8,197,2,53,191,105,189,207,122,103,240,54,
221,146,104,166,130,222,125,214,76,143,27,112,86,118,220,206,92,138,218,9,217,208,189,156,112,
26,130,9,146,133,195,61,196,36,107,182,227,105,12,48,183,13,35,255,252,175,80,82,140,60,
66,76,94,175,121,109,32,186,242,120,137,33,69,76,166,45,19,84,206,178,1,221,255,140,166,
76,120,249,43,89,43,40,105,200,132,185,12,167,102,132,98,163,113,200,160,69,27,67,13,75,
37,35,73,153,43,141,87,121,148,192,175,69,163,30,167,77,81,241,128,126,15,162,73,126,97,
50,41,72,32,115,87,121,23,39,42,221,100,239,52,133,6,203,250,38,241,104,168,15,63,96,
159,57,31,132,112,208,238,21,253,243,28,76,116,223,248,17,149,165,170,63,87,61,99,151,204,
34,126,49,199,247,254,85,247,86,155,0,191,14,174,179,72,213,33,230,155,161,133,100,66,197,
209,140,93,123,32,102,25,220,103,118,190,229,86,137,127,110,7,223,181,216,202,186,191,2,20,
17,226,180,51,199,119,179,76,98,235,37,131,195,156,191,41,87,41,220,126,117,2,161,145,20,
38,124,180,48,0,95,251,215,82,242,80,79,2,180,235,249,227,212,247,0,32,21,75,12,99,
80,213,237,253,121,211,30,68,95,88,184,243,190,219,167,231,197,129,10,131,130,2,228,145,197,
59,10,32,246,138,75,209,168,121,169,30,175,43,89,165,41,31,157,104,76,138,100,252,128,66,
113,143,140,122,147,196,190,148,242,175,66,128,62,170,0,141,181,61,8,145,125,49,203,201,114,
244,51,139,219,175,27,104,234,100,89,205,223,179,184,8,205,46,54,221,226,242,92,46,87,53,
79,139,210,37,118,195,55,53,92,1,188,233,127,217,228,195,213,100,252,48,113,91,176,201,46,
192,71,201,126,233,97,254,175,87,104,7,183,231,209,206,12,201,100,1,74,148,9,51,164,89,
76,173,212,156,162,116,27,134,207,219,148,40,53,225,7,127,236,146,133,187,55,84,73,41,217,
48,224,117,185,197,251,62,8,117,1,12,211,0,109,16,159,66,116,85,239,31,154,197,102,248,
236,211,161,85,29,80,58,202,160,77,93,36,151,250,204,246,157,59,157,155,82,154,248,166,13,
18,154,36,225,104,233,86,244,144,186,52,207,29,234,111,194,99,64,104,69,52,16,141,236,64,
181,45,230,11,251,163,147,195,120,77,99,241,91,76,111,246,244,178,143,63,190,110,170,53,202,
92,59,3,242,201,145,87,21,182,92,141,38,224,30,141,100,40,118,19,223,79,3,149,163,33,
6,222,176,190,202,16,110,162,132,49,247,123,67,158,163,98,228,195,211,110,205,26,56,152,183,
71,208,250,52,1,6,37,233,145,179,49,30,145,19,1,197,96,183,97,0,122,211,170,52,210,
107,206,90,77,113,93,237,100,191,16,155,26,221,1,117,79,100,98,79,138,101,149,108,153,196,
86,110,75,113,223,118,122,175,48,117,26,78,135,169,71,112,96,131,235,9,136,230,238,178,157,
112,119,103,94,184,93,149,120,30,143,220,71,213,160,114,79,216,44,146,200,99,48,191,169,242,
206,139,184,19,72,132,91,162,236,190,143,209,89,195,152,37,186,88,216,197,103,114,179,254,24,
123,24,91,206,183,120,214,153,101,42,114,79,44,211,146,67,205,1,31,103,103,16,180,152,41,
80,36,25,23,51,12,16,72,173,179,126,69,56,95,128,15,230,230,20,228,113,237,238,243,214,
99,178,255,252,233,220,195,102,107,173,113,31,17,189,34,88,15,240,123,188,205,92,79,85,150,
190,48,69,29,196,195,195,11,214,227,75,186,101,212,180,0,199,233,84,152,57,111,255,88,223,
50,28,169,84,238,36,70,126,243,161,152,137,28,2,249,31,203,82,143,52,132,172,74,52,158,
120,84,140,138,12,28,93,192,188,45,183,171,36,209,2,22,16,43,198,231,42,23,253,15,131,
128,243,66,50,194,24,201,162,7,229,209,143,189,200,63,31,54,237,73,21,124,247,217,127,215,
111,79,153,129,36,129,178,125,158,196,97,250,98,30,105,146,155,113,194,127,145,226,252,168,167,
147,109,209,23,197,136,119,228,60,194,130,58,219,70,176,6,81,29,186,166,73,244,207,204,25,
8,104,60,116,185,143,254,224,88,24,180,111,137,227,77,204,231,120,148,148,140,212,127,179,251,
207,239,117,240,231,62,88,190,220,165,103,98,223,174,217,172,46,211,29,209,137,44,239,93,153,
101,225,229,15,28,99,198,207,15,66,177,33,176,197,225,196,118,148,70,186,62,238,92,243,246,
104,235,163,16,172,137,63,144,57,246,111,88,108,15,95,225,65,32,242,28,33,29,166,190,138,
181,11,230,131,251,234,55,37,113,22,127,202,219,84,187,93,96,8,137,123,192,250,240,226,223,
221,58,156,24,248,114,132,103,172,242,253,10,132,2,179,7,47,123,123,47,69,209,20,117,36,
47,16,197,72,71,180,231,162,154,246,30,178,165,249,139,157,15,141,215,6,16,138,246,220,207,
243,70,113,203,162,56,242,164,252,87,158,200,116,111,120,189,155,79,157,163,194,121,48,166,67,
4,40,20,174,165,142,40,230,163,178,113,73,60,146,203,78,88,56,221,90,149,233,111,122,62,
183,55,123,141,253,87,245,167,130,148,229,215,43,17,210,186,201,56,221,212,203,117,231,155,169,
92,215,162,90,150,110,117,249,112,77,186,129,43,111,123,182,62,135,250,46,114,192,58,156,157,
47,100,237,199,74,170,182,129,114,97,255,203,38,255,21,83,149,68,65,228,138,164,127,128,1,
212,144,46,241,33,149,207,221,109,2,100,1,65,22,221,239,24,81,186,138,30,101,204,120,101,
85,2,89,112,45,183,235,238,249,5,242,185,167,197,143,54,164,77,86,109,151,8,171,148,143,
27,59,2,4,73,193,180,190,53,125,224,181,226,162,178,199,41,40,238,22,22,98,192,114,119,
8,19,227,248,122,76,226,147,218,124,103,134,232,162,93,1,0,254,240,124,229,194,249,105,62,
135,187,110,74,140,223,35,170,188,107,40,58,203,39,162,6,76,80,190,162,47,15,27,167,246,
225,60,146,17,121,37,25,127,48,250,209,107,187,188,47,162,74,20,143,36,189,253,139,189,179,
241,208,252,154,121,185,179,94,65,222,253,158,153,106,51,9,45,208,70,67,119,100,189,190,122,
9,234,12,108,126,21,30,144,141,1,77,232,14,139,159,124,244,207,146,170,50,128,58,125,218,
111,221,235,81,157,182,173,2,163,70,83,150,253,138,148,176,132,204,137,14,128,27,46,32,96,
108,218,77,35,244,55,43,188,250,1,138,164,186,26,91,218,217,73,253,224,12,74,3,225,215,
124,248,11,65,206,255,42,217,193,25,64,139,173,17,39,65,204,186,4,194,226,129,232,164,81,
211,221,102,106,178,160,99,5,46,204,30,67,92,48,226,45,200,170,228,148,183,37,77,161,229,
138,48,214,94,1,111,35,93,77,76,151,131,236,226,22,77,234,241,200,33,132,23,174,112,216,
149,185,231,244,131,175,38,213,204,54,61,204,158,89,187,219,113,117,246,68,81,131,111,30,186,
177,68,115,152,188,245,155,15,50,22,71,140,203,144,181,224,38,152,177,254,75,57,145,13,116,
235,94,217,98,156,66,71,145,83,75,24,143,62,23,244,162,182,110,19,45,10,147,242,190,193,
225,235,214,195,45,234,33,221,200,218,166,21,213,151,102,93,136,173,188,230,236,240,161,172,168,
19,88,198,194,122,127,130,37,245,237,5,98,156,38,236,87,225,110,186,39,191,152,194,71,35,
239,8,48,145,6,35,52,235,9,9,217,170,90,13,89,156,67,211,156,21,167,36,124,77,129,
189,215,98,253,110,85,186,177,154,112,171,76,106,54,52,104,105,74,139,196,195,22,155,72,130,
206,42,32,16,167,61,27,166,138,197,74,147,66,176,91,64,240,42,220,43,170,166,107,120,189,
43,96,83,206,99,29,19,197,2,201,93,184,75,130,231,224,54,135,49,99,178,129,147,177,251,
105,146,70,140,185,185,15,62,251,102,19,237,50,121,131,24,232,214,131,39,68,136,166,18,5,
50,10,46,161,119,231,168,251,117,149,238,150,59,206,115,238,197,116,132,135,2,149,243,158,56,
56,148,46,219,123,232,61,114,170,169,239,192,61,73,127,207,211,162,164,38,219,217,8,135,101,
33,92,154,75,104,117,173,119,252,129,130,41,55,41,13,54,76,88,44,55,211,94,94,152,103,
195,29,88,58,185,182,8,30,133,81,24,40,190,139,204,150,140,250,139,225,107,231,18,103,188,
214,129,195,167,172,162,4,131,194,118,85,9,28,241,73,13,132,16,239,82,35,52,148,131,193,
76,5,167,53,125,226,225,237,135,125,166,50,92,7,134,144,78,242,56,169,166,94,67,211,101,
216,13,47,195,21,44,190,178,54,107,219,100,23,195,197,197,100,88,185,178,108,220,74,212,6,
124,169,66,145,213,117,53,239,35,99,200,96,134,12,1,154,36,93,117,23,245,75,114,210,76,
252,214,217,40,175,177,218,86,144,186,128,53,165,99,109,95,120,246,165,79,9,36,40,236,169,
233,254,93,20,231,162,189,147,176,195,23,198,90,119,197,124,12,78,161,248,185,211,100,47,212,
131,15,37,169,243,63,132,222,77,246,195,190,128,163,21,185,95,130,7,215,192,38,77,117,248,
148,215,76,172,115,49,247,255,137,225,6,246,224,52,99,146,241,61,201,155,106,245,233,66,124,
109,105,147,93,207,208,208,37,74,246,103,207,241,62,178,135,121,235,191,166,218,209,81,162,50,
96,72,161,246,5,162,208,73,228,68,150,2,139,42,239,206,22,85,171,15,62,116,37,25,244,
194,197,58,12,243,203,167,133,107,120,26,139,25,15,254,159,115,139,170,240,21,233,136,208,249,
110,27,238,246,25,108,223,183,6,237,236,186,8,232,7,245,243,254,31,193,36,148,136,222,175,
77,36,18,61,198,111,129,44,0,57,61,218,34,237,180,184,121,179,20,226,166,199,53,237,107,
217,195,147,92,188,236,121,175,113,243,28,3,56,158,147,110,60,179,247,33,144,196,14,114,115,
205,90,57,238,100,26,200,67,86,64,57,83,225,181,225,55,94,158,203,10,55,204,238,50,45,
162,116,219,131,56,105,83,160,51,175,103,39,85,16,9,123,24,33,150,87,216,16,173,84,91,
33,74,100,165,197,223,205,101,169,83,76,143,9,192,210,168,217,166,86,205,248,237,127,128,243,
42,200,241,87,116,51,180,163,234,59,146,255,227,51,254,164,153,146,70,238,19,96,191,133,62,
253,66,74,127,144,170,76,84,233,129,93,25,205,64,81,186,12,243,150,222,215,131,32,83,96,
81,234,179,148,168,210,0,114,160,233,218,184,33,210,208,52,89,223,234,102,64,161,130,117,163,
18,146,60,133,72,199,169,140,158,97,79,124,225,107,28,185,38,210,127,147,219,37,202,188,174,
241,195,34,245,167,137,147,183,24,35,7,182,133,222,218,240,18,83,158,166,173,15,69,28,136,
161,121,222,63,66,122,249,54,158,165,163,64,243,130,212,68,40,221,207,28,179,39,165,112,75,
99,1,113,219,162,244,7,117,227,96,79,200,248,177,0,49,82,208,75,124,177,106,27,26,140,
232,143,144,84,87,189,47,49,34,12,92,164,176,196,228,134,104,80,74,131,219,75,221,121,86,
159,34,96,75,104,201,196,181,224,170,133,63,12,14,35,48,210,219,112,140,3,142,119,116,252,
17,98,231,56,252,8,24,56,227,183,90,98,3,184,186,42,100,152,206,27,188,125,140,138,232,
251,59,33,97,237,242,89,189,9,126,12,151,242,102,89,213,67,122,223,57,123,83,186,96,53,
142,245,70,33,199,1,185,33,38,17,235,59,3,43,90,153,96,125,157,10,12,32,86,241,211,
107,51,23,46,81,102,10,68,82,190,128,112,160,196,33,176,208,223,91,18,18,157,186,209,161,
114,253,216,15,232,97,59,178,36,178,46,99,122,140,135,42,24,45,187,12,2,250,65,55,118,
186,81,107,67,227,78,61,108,128,207,68,121,246,94,180,220,137,118,24,64,222,230,181,173,104,
239,10,171,69,104,244,95,139,7,113,144,207,153,89,179,11,1,75,38,215,213,80,162,190,183,
191,185,102,210,118,167,189,123,98,171,17,114,112,129,92,196,177,6,241,203,203,94,188,248,71,
6,145,248,96,36,172,64,252,216,85,190,30,153,148,216,111,253,85,130,104,134,241,118,242,109,
74,36,227,163,244,153,201,168,84,59,232,245,12,236,49,15,176,222,58,125,72,35,48,222,237,
116,38,115,85,62,192,133,68,201,160,32,169,231,129,232,69,61,67,232,45,138,48,137,215,192,
250,71,28,150,21,6,61,112,16,21,6,187,46,125,217,52,138,243,167,237,207,138,27,116,13,
156,195,216,196,11,10,14,214,243,22,192,37,31,116,132,19,146,104,80,48,8,140,244,245,118,
18,183,76,162,186,128,101,9,91,251,11,1,136,82,209,31,95,77,8,252,128,178,235,156,149,
215,211,246,182,170,154,161,29,223,103,51,93,197,26,81,223,227,47,245,45,6,111,212,107,246,
78,102,143,229,69,143,59,183,16,11,71,172,158,253,32,41,199,59,116,49,101,69,23,51,132,
169,201,189,146,27,63,9,96,1,26,90,41,56,230,245,223,65,130,72,146,195,90,114,240,135,
180,173,7,8,137,242,219,222,214,131,225,135,105,24,77,163,96,236,49,82,32,6,46,155,219,
48,34,30,142,18,181,169,88,44,107,97,87,93,159,75,90,232,130,63,243,48,63,136,148,181,
10,243,112,111,44,109,90,98,154,13,73,167,108,177,10,140,202,32,90,224,18,196,234,134,101,
172,112,156,240,149,239,238,162,217,223,163,149,205,163,144,170,162,104,44,73,225,152,105,162,187,
195,98,39,151,218,12,200,193,179,98,167,123,4,244,59,92,239,69,197,44,173,67,198,205,135,
51,213,54,158,244,150,177,28,87,14,176,103,196,184,103,22,61,119,181,150,58,219,3,202,232,
63,106,149,206,95,28,28,133,206,39,198,221,238,2,184,49,63,101,141,137,197,12,138,24,112,
103,20,246,177,72,33,217,1,66,244,109,217,231,33,75,160,120,122,125,144,208,108,12,82,149,
251,112,251,238,215,103,66,51,210,69,146,93,97,54,4,199,61,219,64,27,162,206,244,73,55,
250,200,227,181,190,232,34,176,110,186,81,2,150,138,177,164,14,45,116,232,36,237,82,154,118,
236,124,176,107,198,3,246,197,9,213,140,160,219,2,106,206,70,47,222,206,44,246,143,82,69,
105,224,142,48,118,24,122,130,249,52,241,183,36,219,94,97,118,81,73,35,164,125,235,116,245,
174,186,188,218,66,117,34,185,215,2,234,84,248,64,31,103,16,176,218,89,69,199,217,39,224,
125,47,99,22,84,108,48,27,48,156,41,41,191,10,124,160,55,25,1,112,252,71,106,211,177,
125,165,37,130,74,205,124,135,146,46,14,9,151,136,49,133,98,136,216,233,10,28,82,155,18,
94,207,194,161,154,183,75,219,8,105,88,59,31,0,131,238,250,66,200,232,85,199,47,67,168,
36,28,57,74,161,124,109,3,191,41,253,115,51,240,184,176,48,237,1,117,101,79,109,162,80,
37,140,176,87,123,172,135,63,93,167,89,245,157,116,34,50,40,49,6,240,17,156,168,23,157,
179,29,113,12,159,152,122,96,135,49,221,228,140,44,163,14,8,97,149,246,186,48,232,169,241,
24,199,232,145,202,64,249,251,30,127,208,114,224,188,220,6,237,130,26,209,218,203,170,110,216,
41,186,8,193,179,13,146,162,106,248,171,250,151,175,231,159,221,42,59,171,215,165,239,114,240,
137,149,84,129,222,139,222,252,63,14,69,119,166,155,151,210,202,186,179,215,195,171,176,253,136,
135,162,97,142,126,210,86,99,6,31,188,171,178,76,32,186,146,235,39,43,152,126,204,237,161,
21,70,150,177,90,179,154,179,126,44,237,98,232,36,86,253,67,178,232,47,132,253,159,121,5,
119,53,251,228,172,247,145,197,197,12,1,82,216,46,219,139,237,188,58,18,9,181,108,200,70,
224,84,177,32,128,207,99,5,220,17,208,155,225,214,208,8,10,233,204,252,138,141,158,61,3,
45,51,93,196,214,84,219,132,139,43,186,89,76,121,31,183,175,167,21,143,232,34,204,153,127,
38,29,166,225,212,138,50,210,26,170,88,212,188,126,185,112,128,60,253,162,80,175,143,168,145,
73,239,190,219,92,227,145,81,151,11,138,91,81,66,168,220,85,91,64,15,103,189,94,205,97,
41,135,113,153,191,208,154,245,165,152,243,170,145,5,228,66,198,243,60,109,145,8,52,111,62,
191,28,154,2,54,170,55,132,207,216,43,131,194,0,121,55,70,174,241,31,139,120,21,142,166,
154,135,234,179,0,71,190,159,35,136,78,75,107,20,87,144,114,71,41,162,92,210,89,75,37,
71,18,66,183,38,121,133,189,240,171,186,77,10,239,128,151,175,130,183,74,250,44,89,14,35,
40,179,70,71,221,207,254,139,66,8,76,6,87,95,101,43,31,69,226,187,69,38,96,26,16,
240,207,46,119,223,192,21,150,44,217,182,9,202,133,25,15,222,178,13,125,244,183,111,164,173,
83,220,126,46,30,228,102,152,132,233,139,13,163,14,199,239,41,195,23,182,97,136,189,223,127,
90,36,108,143,21,113,32,145,143,102,34,125,32,151,56,131,133,146,134,75,155,111,84,249,47,
155,32,175,202,44,19,240,150,202,79,132,54,229,38,31,168,30,152,12,37,232,174,177,52,0,
222,37,111,120,111,154,235,238,145,25,124,37,128,154,57,187,3,108,58,32,146,69,16,117,98,
27,169,68,138,16,232,95,67,67,101,52,174,255,59,3,129,84,172,83,139,58,49,253,215,215,
179,5,210,40,31,23,109,49,248,249,106,24,252,99,66,128,43,138,46,66,32,249,58,55,156,
40,144,229,193,120,139,198,64,69,114,35,228,234,84,4,227,115,138,78,250,184,58,45,21,68,
107,4,173,131,241,233,107,160,124,15,138,202,115,10,75,124,180,227,3,220,252,254,43,213,148,
23,224,19,99,242,20,38,204,220,102,232,103,19,184,57,89,92,234,81,206,104,62,180,180,2,
26,42,103,100,22,224,189,128,155,37,223,7,146,37,158,81,160,234,232,45,122,27,215,42,252,
150,138,6,75,141,64,73,17,71,243,16,200,152,0,140,45,87,204,227,197,133,1,180,90,116,
13,54,1,173,59,181,31,248,231,140,236,68,72,218,246,27,65,197,106,176,17,149,255,61,115,
129,140,71,35,60,91,156,232,145,85,56,220,20,45,154,63,64,230,187,227,55,156,71,76,42,
83,73,58,185,140,65,224,170,40,235,129,188,20,228,234,149,232,219,6,187,229,91,167,226,44,
248,253,161,16,77,209,43,227,45,13,40,97,205,47,164,113,245,72,37,146,118,239,85,211,200,
119,125,241,213,222,151,191,17,15,252,195,228,134,251,106,43,13,109,242,86,58,220,145,14,63,
204,124,98,133,134,156,147,63,100,2,247,186,243,226,212,200,142,184,151,47,43,209,21,203,178,
0,149,44,220,156,227,69,156,9,164,37,63,83,112,217,244,117,3,189,146,131,190,199,138,153,
211,129,88,145,4,171,254,54,128,161,126,82,147,238,36,193,114,221,185,67,147,117,32,250,67,
89,142,181,33,95,87,112,90,44,203,109,160,207,170,81,164,247,249,204,134,157,148,52,208,44,
5,154,90,103,201,204,188,206,100,50,79,9,64,58,158,148,118,251,189,181,1,217,85,135,223,
19,3,202,97,249,55,160,92,40,217,87,198,131,7,20,231,226,92,202,4,125,8,89,218,27,
165,77,102,2,164,221,60,177,0,150,101,53,186,120,149,140,159,112,147,223,117,227,136,187,249,
81,39,69,135,64,224,66,148,206,231,79,46,74,105,230,177,17,199,147,165,143,49,103,105,129,
3,21,212,95,73,54,196,226,139,195,174,209,173,38,71,60,157,190,57,9,221,23,191,79,251,
239,251,95,91,57,22,180,136,221,124,138,198,132,98,79,135,234,59,165,210,69,182,121,93,223,
119,194,109,17,164,227,149,236,217,175,13,217,90,82,34,214,27,181,62,107,93,201,2,16,23,
59,214,167,184,254,93,105,216,108,41,163,18,94,158,76,245,98,65,122,180,83,249,245,113,151,
183,87,156,115,193,242,132,6,108,172,21,13,167,41,78,38,96,94,171,35,85,114,67,76,129,
123,65,84,220,1,233,89,245,110,255,66,122,225,68,244,230,77,81,142,243,114,9,90,96,210,
37,23,251,22,191,237,174,102,141,200,210,101,29,0,161,112,126,27,112,33,179,65,32,0,171,
163,209,60,12,26,67,122,239,119,65,203,186,51,189,219,64,92,194,18,156,202,243,84,215,171,
137,19,0,231,238,56,35,173,150,116,209,98,38,201,171,126,134,172,43,213,70,23,174,177,55,
175,200,3,29,161,45,204,166,4,37,250,100,124,85,1,148,38,161,207,238,17,165,2,224,156,
143,113,5,55,195,155,118,166,65,84,227,75,97,99,3,202,214,230,107,209,90,55,78,184,246,
145,84,41,135,8,39,49,221,37,33,32,132,119,162,96,129,245,245,122,10,205,138,121,170,205,
113,47,232,171,137,7,134,233,173,114,251,113,55,6,104,120,67,205,203,204,99,171,223,122,139,
241,246,17,1,114,204,214,242,159,133,135,98,238,60,70,165,84,209,137,78,216,3,181,166,65,
210,53,209,247,61,218,50,127,150,173,4,4,64,107,133,24,160,190,50,42,70,176,154,28,19,
12,55,31,155,163,180,98,93,182,65,136,97,74,193,93,216,104,191,80,100,71,57,61,10,192,
70,52,153,138,103,206,175,78,178,126,189,116,104,49,61,114,79,75,50,212,27,106,28,71,86,
116,4,8,27,219,239,29,222,172,245,193,173,54,93,47,178,91,113,28,127,118,13,71,6,27,
148,121,130,169,206,35,114,39,102,211,23,155,199,95,9,3,27,50,98,138,123,158,141,108,88,
125,28,254,166,254,206,79,131,172,187,207,102,238,181,196,249,224,8,10,227,86,125,63,199,156,
131,97,217,30,73,208,13,153,195,240,74,220,177,175,250,185,235,163,194,106,169,14,2,240,119,
105,171,186,163,81,49,87,211,145,54,86,78,142,96,8,161,47,94,178,74,50,146,244,79,248,
200,12,142,159,166,10,203,118,73,95,97,17,18,166,196,37,189,177,104,112,194,186,237,110,20,
43,97,10,108,204,185,217,187,36,128,170,121,164,102,230,15,201,222,175,33,249,95,67,199,236,
119,210,96,251,77,152,65,72,125,209,75,250,177,210,242,64,67,69,86,255,50,235,37,180,180,
210,238,5,125,255,17,37,54,116,163,37,95,116,102,204,91,45,48,11,90,92,9,188,21,24,
30,116,225,164,40,9,104,151,7,6,176,140,6,219,167,202,30,184,208,44,89,121,63,75,152,
181,205,4,4,21,6,201,55,89,214,1,38,45,124,204,143,78,199,202,131,19,81,29,71,39,
100,102,232,188,217,22,63,255,173,70,48,141,218,107,139,154,163,101,106,210,230,103,143,206,169,
56,21,131,228,203,101,78,211,61,92,185,252,144,129,162,252,52,96,1,56,183,101,131,164,156,
148,164,29,175,126,198,75,73,69,11,115,53,185,58,79,17,78,8,234,211,241,252,149,123,2,
201,17,161,152,245,230,24,10,65,16,41,183,80,17,209,166,64,146,117,194,8,185,10,134,153,
232,34,46,250,168,181,47,240,143,23,125,22,197,96,119,68,249,2,4,220,91,88,240,11,217,
12,82,118,249,229,232,125,217,81,90,207,214,77,130,203,102,128,82,227,4,253,77,66,117,29,
10,173,30,61,124,17,240,57,46,94,146,24,229,71,238,71,34,161,238,174,145,109,222,86,247,
218,108,255,153,67,189,201,103,205,212,45,180,81,204,104,210,75,67,0,182,152,159,140,94,37,
223,57,186,108,220,248,163,236,103,16,250,1,74,152,71,228,69,230,157,66,125,132,225,64,171,
64,240,110,73,215,151,54,215,37,96,251,196,181,82,6,236,58,158,186,115,52,128,95,82,113,
64,7,146,61,232,140,127,131,205,54,13,24,145,213,247,170,154,145,17,218,132,152,216,113,51,
174,184,103,15,17,245,165,248,68,37,80,135,154,171,182,93,72,10,103,87,83,113,125,34,145,
201,224,156,31,234,153,145,135,110,170,184,102,38,179,94,181,58,70,247,43,172,191,29,104,97,
15,142,246,76,250,210,8,244,229,166,10,211,108,5,202,1,119,252,200,28,160,175,89,110,144,
104,207,182,210,58,159,207,32,122,13,252,247,173,36,67,58,116,232,170,112,100,64,51,195,23,
174,36,231,100,150,215,102,114,212,12,20,239,134,35,190,41,14,240,138,75,99,88,246,108,92,
57,225,122,158,106,200,50,118,240,90,147,248,55,223,170,198,75,92,21,128,182,86,225,208,19,
207,193,106,148,68,239,4,148,114,138,113,159,211,125,238,230,232,84,184,178,224,211,95,187,249,
169,9,168,155,75,135,193,183,112,86,18,75,128,29,55,207,50,120,136,87,195,154,77,223,141,
46,41,240,85,249,100,145,130,25,70,8,221,90,65,102,150,198,197,151,177,209,168,59,85,52,
204,142,42,46,250,220,139,133,189,154,224,248,39,251,50,144,31,105,255,5,144,69,156,49,87,
222,232,103,52,23,143,244,225,226,74,147,253,111,44,61,199,55,197,190,4,206,201,62,49,65,
125,167,11,34,132,0,73,244,226,51,250,125,13,75,39,179,180,58,245,32,167,165,42,42,191,
236,90,13,7,216,181,58,80,56,80,103,189,15,13,172,92,37,71,141,9,90,118,116,174,56,
132,3,40,188,147,145,170,73,188,157,38,156,7,248,165,7,187,179,228,171,120,46,14,1,186,
54,183,38,231,62,180,55,224,151,121,36,165,172,103,182,18,209,208,255,167,69,31,65,31,172,
222,194,227,31,46,235,123,140,250,204,255,99,85,81,0,126,46,204,210,12,147,65,212,248,214,
155,220,203,168,173,122,248,11,63,197,100,14,102,36,225,13,165,209,228,221,63,197,224,69,66,
163,22,58,163,77,46,196,22,59,84,43,238,121,169,243,200,72,120,59,169,37,55,191,254,28,
50,227,151,251,56,203,209,122,204,139,20,46,199,166,171,114,105,213,51,83,78,240,13,69,217,
27,25,183,166,31,243,168,27,234,115,22,215,172,80,129,32,22,153,227,217,218,33,36,13,208,
215,240,200,56,207,186,220,54,26,84,46,220,232,74,218,189,81,132,189,11,235,54,154,211,32,
207,20,206,6,5,16,178,25,97,119,249,59,56,180,167,203,15,24,217,237,235,128,124,101,162,
20,0,9,158,42,177,1,180,253,108,227,84,60,184,154,51,203,146,6,209,204,109,21,70,186,
39,182,125,133,67,206,19,148,0,69,19,148,100,194,77,100,41,64,124,90,189,244,64,208,95,
63,77,82,43,111,14,113,237,102,115,63,188,115,26,31,171,212,141,255,110,167,165,108,196,133,
57,74,29,154,201,38,63,163,184,127,59,61,110,121,109,135,22,18,218,58,240,79,16,230,7,
4,47,122,36,153,30,234,248,247,10,179,223,142,196,195,76,170,240,218,149,38,60,147,113,236,
90,226,222,176,254,162,216,62,238,44,128,36,9,157,103,2,96,22,48,17,58,57,113,185,87,
79,37,154,84,59,149,29,169,11,100,236,51,142,143,249,236,51,22,111,1,186,211,227,118,37,
40,77,33,81,5,85,99,232,208,97,207,236,30,167,205,89,121,24,64,223,247,105,147,3,79,
57,98,141,251,31,212,152,42,202,254,205,22,52,173,245,145,110,230,3,126,132,105,66,30,107,
71,203,186,121,132,203,36,45,115,21,177,62,165,247,106,229,140,228,249,188,220,163,231,60,47,
186,115,134,146,133,96,176,89,221,61,30,87,157,46,79,187,96,180,241,71,52,36,244,215,217,
233,193,231,113,184,1,68,240,51,223,205,20,108,194,126,224,154,86,78,141,0,96,75,221,209,
166,184,95,21,103,216,173,183,227,143,248,117,236,207,130,88,180,162,59,163,8,168,236,4,118,
161,106,138,136,207,126,124,137,17,190,191,10,142,22,251,32,196,231,100,151,195,224,115,91,41,
59,131,191,108,25,114,75,235,57,84,185,189,217,0,244,23,221,141,83,49,176,41,9,57,139,
145,146,255,93,229,111,68,44,116,143,156,84,227,206,233,73,131,69,19,144,206,252,104,14,210,
242,48,80,173,41,225,162,211,92,251,99,43,58,26,23,53,168,58,88,32,81,70,231,186,76,
100,173,14,10,53,111,223,245,96,109,143,241,34,91,9,142,71,74,204,215,23,21,147,62,149,
110,44,245,43,51,74,74,69,210,126,239,110,157,89,191,39,131,227,69,77,186,203,221,211,78,
4,117,84,217,98,65,135,229,150,233,252,247,184,72,57,84,4,67,40,91,16,129,46,184,205,
82,155,176,160,101,243,14,223,180,21,70,189,176,69,99,164,90,246,135,152,102,79,85,7,192,
181,147,200,30,26,246,32,48,156,194,98,70,128,166,109,129,19,214,254,65,87,120,97,20,103,
116,114,205,96,120,140,160,123,18,140,237,219,218,229,129,42,102,82,181,11,45,255,160,47,215,
205,236,103,138,230,93,216,58,215,38,25,169,118,233,224,122,7,222,247,109,188,7,152,41,223,
18,151,150,156,230,107,224,217,49,19,220,150,52,17,156,255,192,150,195,131,100,124,62,219,10,
156,131,1,43,153,202,15,75,189,214,88,130,151,92,166,56,243,64,143,80,72,110,217,184,69,
92,34,77,205,93,36,166,10,183,163,215,229,105,227,230,208,60,81,253,227,77,100,183,205,82,
115,57,236,68,124,30,135,85,131,156,162,138,15,141,251,168,7,223,214,155,243,235,249,79,185,
175,144,48,220,29,218,204,208,13,113,94,169,76,185,48,58,160,24,120,225,252,100,64,187,148,
24,145,43,187,112,255,192,34,52,105,3,144,46,155,10,30,130,52,154,151,123,204,225,75,103,
141,23,59,204,86,162,28,10,18,177,191,9,2,119,37,24,51,126,75,175,82,242,132,248,62,
151,170,20,176,20,148,247,26,157,64,149,75,14,181,110,70,100,94,79,241,113,180,31,9,186,
155,121,41,5,127,157,18,109,241,236,77,210,233,197,51,234,105,131,246,101,75,77,146,73,243,
61,92,202,46,5,245,246,167,237,250,195,105,164,26,194,128,185,222,137,163,200,104,105,218,118,
127,107,132,246,199,209,166,216,52,142,255,129,98,237,230,16,201,66,15,7,34,105,228,186,26,
220,163,89,233,200,208,221,163,110,100,41,178,44,80,119,93,4,201,75,208,16,23,33,241,212,
15,74,254,4,62,86,141,57,235,10,201,172,62,90,168,158,55,11,126,179,138,184,68,228,27,
71,123,43,38,58,143,137,56,167,69,155,229,150,235,116,49,208,64,181,16,181,43,212,176,195,
81,113,110,30,9,16,122,182,126,231,187,82,144,45,53,100,11,29,240,227,112,52,123,134,111,
111,78,68,26,80,186,126,45,174,149,35,224,211,223,222,74,151,22,219,115,140,119,179,179,146,
206,202,135,61,237,56,34,97,30,66,81,145,161,124,228,183,224,81,13,72,36,145,198,189,100,
97,56,47,119,7,131,120,243,196,251,165,228,156,117,237,87,251,103,88,90,174,139,230,234,156,
34,47,163,140,243,247,255,198,160,235,84,105,45,89,197,251,205,224,170,111,61,10,128,228,203,
148,149,37,230,61,131,102,105,195,3,140,26,139,246,169,162,192,69,133,226,33,30,74,54,124,
225,209,40,31,150,141,43,5,12,49,100,150,229,106,26,202,174,21,222,106,120,96,8,98,48,
126,234,173,55,23,80,189,79,226,226,153,13,174,40,55,125,7,205,111,185,203,113,55,183,47,
119,220,95,133,249,217,109,191,137,155,212,182,205,78,20,206,111,79,78,148,237,122,161,44,220,
208,155,198,64,187,117,226,171,249,126,1,114,214,113,160,226,131,153,135,108,238,157,126,176,196,
67,188,34,25,227,66,175,162,105,182,138,199,205,151,211,60,160,34,98,80,242,14,20,122,168,
214,24,247,227,163,85,142,134,13,220,43,122,89,156,209,102,251,225,115,89,43,92,180,32,128,
138,254,72,142,255,127,185,243,209,161,120,238,89,242,154,36,172,186,44,245,242,229,81,208,145,
49,177,58,57,126,102,54,12,238,219,220,217,216,186,230,115,87,58,234,39,206,108,99,249,235,
197,132,50,158,225,106,202,255,151,93,97,244,174,140,47,164,21,46,188,59,225,237,169,186,125,
194,29,79,88,54,22,104,174,86,92,66,43,242,120,48,251,157,42,227,52,58,51,115,4,145,
47,222,195,209,131,205,215,124,172,9,97,194,111,147,17,119,3,139,218,33,206,202,29,228,188,
150,42,100,218,222,245,147,66,177,20,50,230,39,102,221,34,54,252,31,206,61,51,43,118,104,
46,196,207,119,196,129,83,235,203,113,216,205,201,48,178,22,175,59,222,116,249,236,211,216,143,
36,130,181,61,205,248,111,157,168,229,97,86,93,241,230,242,7,198,35,108,61,232,131,223,99,
193,202,44,251,26,18,255,86,164,8,115,179,152,154,75,234,58,64,68,37,132,234,202,253,208,
31,140,221,54,96,54,235,44,108,176,44,207,104,102,101,208,185,129,200,115,40,100,41,170,43,
216,36,78,61,184,34,46,67,159,216,48,153,30,42,30,105,27,147,13,245,63,123,156,184,9,
99,246,188,90,91,14,157,32,198,253,217,186,177,157,207,91,173,238,77,107,228,45,236,60,26,
64,210,147,41,238,69,183,98,147,121,208,92,243,79,136,65,176,206,216,144,9,60,158,95,151,
203,123,156,57,51,196,112,243,42,113,64,141,16,24,237,61,163,129,84,56,175,65,151,120,73,
221,148,67,223,152,47,78,213,216,158,19,184,133,191,229,94,52,114,8,255,58,93,236,247,113,
12,119,107,15,179,245,166,91,37,117,121,17,99,193,230,165,149,55,116,74,115,39,62,74,117,
125,112,41,29,5,234,74,220,8,9,161,67,33,179,83,5,243,210,106,100,108,101,17,44,155,
173,64,247,85,246,234,56,41,26,171,245,169,214,103,139,178,226,182,81,147,36,199,0,180,18,
3,136,180,125,88,210,74,152,31,58,4,187,169,234,206,125,246,29,221,69,107,16,157,153,180,
224,13,99,60,198,237,16,125,33,239,216,153,137,136,115,69,215,96,124,181,154,121,242,131,239,
183,126,151,204,52,145,202,65,9,47,152,141,182,26,227,173,200,251,207,17,83,63,145,203,225,
54,200,13,13,234,197,215,206,60,182,214,8,3,208,31,212,193,218,130,113,171,44,224,192,48,
225,225,153,250,219,148,203,30,54,189,64,13,20,221,79,117,155,202,235,198,117,90,220,115,90,
142,11,254,212,243,19,5,144,174,117,63,199,230,56,53,204,5,96,80,125,109,154,128,213,188,
122,104,23,103,85,128,106,179,180,248,243,87,69,144,199,151,239,254,215,173,97,145,173,40,197,
3,207,34,10,56,99,211,190,211,18,233,90,49,121,206,137,150,100,61,240,109,140,28,138,214,
237,112,219,10,130,82,2,128,76,31,203,229,170,38,38,97,16,165,49,206,249,8,18,63,163,
226,163,1,45,218,99,121,91,139,77,207,157,246,189,22,25,30,164,228,157,5,133,39,177,22,
190,164,252,106,86,167,231,40,224,109,43,220,170,198,27,105,89,171,186,60,10,116,57,44,83,
1,221,206,3,65,69,83,52,195,150,177,157,90,59,216,43,162,166,119,233,41,134,41,153,227,
225,165,228,221,129,46,41,180,45,188,0,148,182,150,94,93,89,42,170,38,61,23,66,171,167,
113,227,177,189,105,79,57,177,127,191,234,42,87,209,38,240,221,39,172,163,58,215,213,193,48,
218,99,124,63,56,99,16,194,249,74,91,133,190,175,104,78,19,175,177,219,17,97,11,226,69,
130,22,54,100,93,205,18,226,121,215,35,129,83,161,155,199,248,64,203,199,245,12,139,97,12,
94,244,161,199,183,183,90,196,151,15,247,226,226,194,147,168,150,163,185,202,41,158,66,77,82,
81,78,45,222,249,112,61,235,225,53,159,230,57,94,56,74,129,46,240,136,186,146,48,201,120,
166,234,157,181,141,58,189,135,233,201,15,203,171,180,79,243,21,137,61,140,74,15,37,53,200,
133,134,95,152,103,226,253,58,212,218,196,80,116,72,17,12,63,129,242,131,199,113,40,125,168,
87,29,177,168,148,212,133,55,135,203,131,66,142,159,54,66,115,17,36,118,170,42,173,157,214,
38,31,69,196,83,99,33,53,158,69,197,41,156,219,85,1,4,71,122,229,45,200,228,227,224,
70,127,102,198,85,147,0,198,4,61,1,159,217,220,206,90,156,75,180,63,108,165,202,132,131,
121,43,11,70,3,113,250,204,132,224,184,145,60,189,206,224,183,61,255,182,11,113,59,210,100,
139,124,163,224,100,235,2,104,238,133,148,40,120,81,181,56,118,223,77,108,187,249,24,99,235,
58,35,221,171,72,236,48,185,166,70,101,98,203,18,216,127,183,101,60,30,201,42,143,52,73,
95,184,187,185,188,97,194,85,192,106,241,77,4,124,47,159,58,65,172,110,201,76,126,143,213,
62,158,200,144,111,105,35,148,145,193,154,22,130,244,49,161,37,67,44,130,1,136,150,7,246,
84,254,81,91,41,114,190,120,204,178,78,100,128,135,155,67,75,116,247,44,196,207,244,141,116,
65,235,107,11,56,96,30,8,255,49,213,49,88,73,250,250,184,85,233,55,243,70,3,60,180,
216,93,197,185,108,223,238,166,213,66,170,78,166,96,218,227,10,126,85,58,77,110,190,248,249,
15,44,47,183,193,75,186,184,8,224,100,37,128,193,252,130,161,97,59,152,244,217,26,78,59,
118,60,160,240,74,131,171,6,31,130,163,134,68,16,159,137,30,217,92,137,7,75,119,29,100,
232,212,66,69,14,235,69,11,195,50,111,19,129,30,250,183,66,80,175,192,60,59,186,29,90,
245,166,121,1,160,226,177,177,95,181,222,151,239,81,226,228,205,222,68,181,198,68,199,123,177,
182,219,199,7,72,118,169,172,162,23,59,49,103,211,116,180,183,118,176,71,253,246,18,69,54,
232,80,58,253,4,9,158,105,233,231,176,177,133,254,16,24,47,50,14,102,104,129,6,53,248,
111,144,140,57,39,166,3,214,133,87,202,102,106,43,38,10,126,223,135,76,17,112,169,22,5,
151,225,110,139,158,237,243,72,19,30,71,27,159,195,167,18,179,136,111,203,79,199,191,220,77,
48,55,214,66,128,226,78,226,96,88,7,185,132,28,139,165,152,255,183,106,96,42,56,234,129,
235,200,165,195,250,78,143,25,109,180,67,231,38,55,210,216,205,91,175,233,207,148,185,205,226,
244,74,45,154,141,47,220,211,232,155,4,155,193,206,52,58,98,9,31,76,218,145,10,154,40,
236,241,14,188,66,64,46,75,182,72,181,135,78,155,69,114,148,76,199,105,209,104,119,33,52,
200,179,159,134,44,111,215,119,55,167,177,126,176,113,67,71,158,24,63,141,168,10,195,244,226,
140,205,214,105,55,146,166,152,166,203,231,31,102,148,118,96,162,191,47,153,235,52,15,238,243,
102,214,220,100,70,120,164,214,27,149,61,92,167,99,114,79,31,66,78,27,89,154,48,186,67,
114,123,209,120,7,134,46,198,28,187,175,249,141,124,12,162,64,72,151,49,153,80,20,242,131,
224,165,100,60,249,195,214,77,137,99,230,134,68,145,82,204,112,42,219,235,10,195,199,137,106,
69,57,133,126,127,196,81,247,244,0,188,142,220,119,202,155,139,56,131,122,173,167,2,199,5,
235,199,56,79,241,222,115,208,186,136,243,247,88,9,163,169,127,145,98,101,51,167,61,99,148,
252,15,160,68,132,84,53,7,147,133,82,145,46,41,154,251,159,201,207,142,233,100,90,16,61,
55,255,226,228,169,28,252,165,52,38,41,167,56,6,23,1,169,17,21,210,252,52,99,202,213,
229,98,242,106,17,156,12,236,172,113,50,237,157,136,98,140,152,184,239,237,179,99,122,78,190,
87,79,37,120,54,79,213,84,148,207,199,86,241,169,206,14,145,20,77,252,137,252,104,253,168,
59,33,159,189,241,255,64,254,224,24,180,135,211,127,198,251,193,104,85,106,126,212,73,60,111,
25,124,154,32,251,21,140,245,154,240,106,17,173,243,50,145,166,167,121,161,143,243,98,112,249,
211,43,100,66,173,185,222,48,245,166,6,95,172,171,93,124,177,246,207,168,170,233,242,19,211,
206,153,15,193,14,34,54,69,95,243,170,193,141,131,247,6,105,249,244,199,176,126,226,105,226,
141,34,207,89,61,36,116,193,118,158,123,47,127,213,18,236,175,39,62,74,150,92,81,37,56,
146,90,78,88,29,139,116,25,105,145,79,122,31,228,3,194,213,190,107,17,189,137,96,187,204,
246,161,39,20,201,20,134,246,0,177,239,177,30,144,107,42,81,106,149,14,228,68,125,56,26,
249,96,197,127,127,218,212,70,142,180,154,107,164,169,117,212,14,93,127,71,118,52,95,144,218,
237,172,180,139,118,123,163,130,85,2,61,114,99,214,26,109,172,27,86,46,241,5,250,152,250,
38,117,202,63,13,212,74,198,10,250,185,163,57,17,126,197,88,185,82,50,207,87,62,57,133,
62,233,165,60,64,154,106,236,41,160,147,27,138,95,87,199,214,26,200,213,170,210,19,152,185,
111,15,77,92,192,172,92,179,117,0,120,115,114,35,0,64,50,162,134,97,20,9,78,35,238,
117,194,175,239,153,126,105,232,1,154,23,182,242,62,225,4,7,36,233,156,138,161,202,244,177,
134,224,141,29,15,147,85,117,164,76,199,69,54,222,98,204,100,108,100,83,232,250,217,211,58,
187,99,206,110,3,16,146,14,0,82,18,38,199,138,148,36,180,202,12,134,0,104,123,164,198,
232,201,180,202,234,69,197,146,35,222,44,16,210,213,13,109,64,136,104,2,246,61,48,182,8,
16,170,10,145,255,179,255,222,82,62,192,47,178,52,2,248,83,250,185,74,233,75,114,229,35,
186,249,177,50,131,251,144,181,242,146,127,203,10,129,147,195,201,109,20,113,179,153,177,77,13,
131,157,232,82,233,227,222,7,93,201,81,198,194,189,140,212,20,214,218,113,30,145,34,204,116,
202,207,172,147,52,118,192,35,220,118,115,67,65,90,39,198,168,49,52,190,25,86,66,142,174,
103,95,123,91,129,137,218,158,43,116,0,124,41,38,151,87,52,203,174,27,250,240,110,98,30,
189,211,55,156,67,152,184,202,92,79,127,80,111,234,35,192,225,158,36,3,1,59,126,199,84,
191,144,170,82,5,229,26,203,157,253,96,169,255,198,183,61,167,185,25,155,66,46,196,9,68,
224,169,137,91,108,163,95,16,116,74,242,53,4,24,201,146,62,239,67,209,15,217,160,151,98,
212,225,219,212,63,187,216,251,12,29,221,87,169,124,62,35,247,41,59,202,236,218,236,93,180,
98,130,112,91,164,31,4,78,2,166,67,27,117,174,3,100,19,97,180,165,139,235,67,52,4,
19,23,125,92,170,144,90,248,176,63,1,214,79,132,141,238,145,246,208,108,243,73,106,16,163,
20,126,47,42,110,62,57,126,168,14,249,55,226,141,231,82,8,148,64,45,79,114,170,161,10,
90,51,55,3,43,25,161,221,236,255,107,128,203,52,31,148,122,242,244,245,239,167,198,0,76,
99,50,208,29,203,13,251,238,205,252,64,159,27,54,3,99,232,95,113,198,239,154,117,6,195,
74,178,157,5,192,240,2,48,102,110,107,157,225,171,86,235,15,116,235,11,53,179,217,54,78,
19,7,49,208,92,128,94,139,203,65,42,208,246,197,201,78,142,64,253,21,157,178,23,252,125,
52,110,188,208,122,49,190,17,162,89,163,247,119,101,190,23,233,249,170,185,121,53,67,162,19,
174,226,50,5,49,126,19,229,169,228,56,44,71,173,166,53,18,76,198,92,118,143,198,7,189,
8,22,62,48,105,34,99,85,136,150,15,123,180,104,177,230,223,1,79,67,96,12,36,42,162,
191,114,182,219,21,189,13,105,207,94,148,132,172,233,211,14,57,6,66,166,128,135,74,1,221,
45,245,31,89,25,134,217,234,218,81,173,238,207,175,123,22,180,133,42,132,114,143,221,202,172,
155,25,184,98,120,125,199,203,228,76,78,63,2,87,83,41,53,148,43,212,67,48,106,255,32,
131,130,61,219,198,251,242,254,18,235,54,136,178,221,97,234,170,94,122,121,95,99,99,73,171,
152,95,111,219,252,51,252,32,27,230,23,46,98,81,191,234,251,18,44,130,77,175,7,180,51,
1,125,239,62,239,46,86,128,27,66,217,221,77,173,30,206,222,163,96,225,64,209,200,93,155,
248,84,207,249,38,33,241,153,121,249,69,230,164,80,72,180,222,225,47,86,141,4,174,100,90,
102,71,57,205,126,173,230,76,205,66,47,212,230,241,242,91,251,142,142,26,111,223,19,179,92,
190,181,197,128,42,54,141,91,141,152,154,180,20,237,223,147,77,60,116,120,219,151,1,62,8,
219,51,170,248,233,234,161,140,125,34,85,15,198,165,117,72,131,237,233,72,248,230,42,74,82,
247,90,215,109,162,143,247,190,8,176,216,92,186,152,92,36,172,224,65,99,216,23,75,53,174,
94,182,246,214,251,122,109,118,71,137,64,0,103,194,142,29,49,196,145,205,169,66,194,203,185,
54,235,78,238,188,91,182,141,103,145,11,8,15,93,148,136,239,182,189,49,11,11,34,32,59,
199,223,163,159,26,108,241,244,130,32,192,52,24,21,241,136,16,128,179,252,192,29,120,69,242,
248,42,172,34,123,124,40,68,163,16,28,169,37,231,150,205,204,148,24,32,207,2,82,13,47,
9,125,106,118,178,97,111,230,179,231,91,157,124,229,162,168,191,78,191,12,133,86,214,232,182,
69,59,146,167,222,99,139,119,170,218,31,144,51,175,76,120,143,243,30,223,21,72,167,143,1,
242,2,171,29,136,8,157,111,124,151,93,19,97,253,24,224,115,86,25,83,85,9,69,203,35,
9,125,136,34,137,111,20,1,40,78,51,153,28,136,203,159,1,81,73,167,8,241,251,217,185,
131,218,216,43,148,136,144,198,1,201,14,230,243,92,73,67,222,86,195,90,33,214,49,214,42,
195,27,22,73,239,33,45,15,218,44,185,203,246,234,6,115,163,83,234,231,27,165,139,203,226,
73,219,203,77,165,71,162,42,91,1,99,30,142,29,248,168,124,175,75,212,183,156,75,194,193,
214,141,162,96,239,164,179,69,137,139,127,187,27,78,0,43,12,161,23,73,184,139,14,49,168,
184,221,144,156,58,234,65,183,94,1,50,128,47,16,188,173,190,141,178,168,232,132,193,159,120,
77,164,183,151,6,209,179,168,216,218,174,47,86,125,158,134,192,225,208,146,246,144,36,62,227,
229,155,106,208,246,98,119,76,128,146,0,72,31,237,0,175,139,102,33,68,47,81,96,188,236,
26,84,93,219,159,4,190,182,193,50,32,28,142,97,174,20,210,20,47,234,42,1,84,241,198,
129,159,1,246,1,36,127,42,178,88,116,40,43,196,241,68,208,227,217,236,164,182,160,115,175,
11,4,146,59,35,39,178,250,95,21,124,137,25,97,173,145,253,175,158,67,178,167,208,197,149,
68,61,63,50,100,7,76,76,26,46,94,105,168,212,231,203,17,113,63,86,104,65,151,176,163,
221,161,129,222,233,166,32,252,244,82,185,164,50,180,35,223,203,175,23,132,115,96,220,43,136,
161,242,223,119,36,199,209,83,255,105,41,14,11,29,116,88,118,180,194,111,181,140,13,212,44,
206,130,99,11,225,73,57,107,241,195,173,246,206,154,124,123,188,179,159,17,123,132,128,184,79,
42,85,229,162,234,174,246,95,155,78,252,80,34,37,30,239,149,58,73,241,109,100,246,71,255,
12,30,28,214,9,42,234,48,111,81,204,42,153,221,49,45,245,144,137,116,87,164,12,42,227,
85,231,170,163,53,53,140,50,161,54,140,90,135,173,203,14,249,51,102,130,52,235,124,141,187,
242,207,123,108,7,70,65,216,218,138,197,37,189,201,80,119,163,221,80,38,180,200,195,55,202,
157,186,180,53,253,124,201,208,195,206,49,63,56,58,141,16,132,192,46,1,110,2,52,108,159,
23,104,192,157,109,85,159,207,152,133,124,188,46,202,104,108,84,229,177,184,152,29,49,210,94,
59,18,241,229,151,141,190,252,111,236,16,71,246,221,242,212,106,227,26,178,203,178,190,79,175,
14,226,253,36,105,68,96,64,126,212,121,78,3,153,222,241,48,221,157,115,69,52,68,227,123,
196,105,66,95,50,60,175,63,15,248,31,148,6,131,90,34,145,23,233,219,215,84,240,48,130,
215,83,62,242,51,198,30,211,93,27,203,231,175,255,82,197,190,67,68,134,251,124,7,198,83,
27,139,0,179,229,57,50,150,52,199,242,142,88,99,243,215,44,33,217,24,219,119,188,15,226,
187,213,101,210,230,107,97,194,192,107,247,134,91,186,140,45,100,152,165,113,51,168,187,111,226,
53,195,188,161,94,197,241,148,39,158,86,6,47,239,120,10,162,186,254,153,30,166,192,121,248,
148,83,67,30,215,91,83,12,78,10,239,9,139,84,210,189,87,231,162,138,71,185,49,89,184,
48,91,11,85,147,28,237,198,133,241,33,100,29,219,97,154,151,55,72,118,67,12,110,24,53,
180,249,127,213,125,224,142,185,54,218,79,239,126,15,221,98,217,221,110,250,198,251,188,5,202,
114,223,18,11,102,191,26,150,166,182,242,166,8,127,175,207,162,76,19,251,77,226,74,247,105,
100,101,7,206,33,78,78,33,237,17,111,212,180,156,38,52,56,78,176,190,61,18,15,169,59,
154,38,245,186,49,21,125,124,93,149,221,16,50,0,86,120,86,49,43,100,145,3,124,184,30,
168,166,56,71,182,153,228,52,143,44,136,70,155,78,147,228,224,245,38,226,172,14,222,126,187,
144,195,249,128,57,208,196,211,162,121,229,221,205,118,1,252,87,115,98,50,39,246,18,131,69,
67,96,118,140,3,36,249,46,157,119,64,203,163,225,222,171,79,37,252,147,83,242,208,71,37,
42,121,178,45,11,39,250,91,91,56,194,6,49,169,199,203,206,31,235,185,237,213,64,95,84,
104,187,40,199,80,220,153,23,221,19,203,41,98,240,16,15,128,165,4,81,42,150,65,38,121,
238,246,54,94,128,96,220,30,68,151,70,88,200,164,250,67,170,183,235,35,208,52,117,174,31,
6,222,113,54,22,223,235,146,151,172,71,229,34,91,248,28,208,164,112,222,100,149,178,151,131,
232,95,216,120,238,17,111,33,200,117,238,149,149,250,212,208,136,233,135,177,58,205,222,213,37,
239,199,47,42,52,39,96,39,182,17,8,20,164,76,11,206,168,41,242,5,232,254,73,64,210,
12,120,107,162,238,40,207,247,72,144,56,218,179,23,42,238,50,92,190,28,182,56,106,161,63,
97,14,205,181,12,120,80,245,46,117,237,240,196,83,146,187,147,60,204,112,31,146,44,74,243,
122,30,160,92,14,68,71,68,64,183,231,215,15,133,157,104,92,249,86,162,165,139,60,45,133,
103,31,32,8,216,135,106,28,4,177,168,107,198,82,69,154,205,18,98,62,78,144,67,204,57,
115,25,69,106,189,134,150,127,189,98,95,88,22,101,66,172,117,193,163,178,184,42,45,30,110,
58,119,196,185,103,207,80,189,2,118,21,25,178,1,52,121,176,2,88,71,70,157,215,87,184,
180,213,207,98,162,12,111,48,129,222,253,10,108,211,127,72,170,229,109,20,227,243,123,20,87,
118,3,156,50,237,76,21,53,6,57,23,202,154,77,58,10,8,244,168,108,172,16,78,27,108,
138,234,196,101,110,121,251,108,9,35,147,206,107,7,187,95,217,87,146,139,194,141,106,136,242,
164,158,53,136,209,147,146,166,96,142,228,115,237,125,66,149,150,15,68,40,53,26,175,89,145,
146,117,193,231,125,176,240,155,240,152,251,21,192,196,33,189,239,160,15,117,232,9,143,59,101,
156,15,65,50,196,233,197,227,59,200,230,184,2,175,184,36,8,65,14,244,87,122,122,42,130,
21,90,133,19,215,100,211,62,250,104,105,229,221,129,230,184,71,233,174,158,160,215,95,224,153,
247,67,152,89,120,254,109,105,59,107,136,120,74,192,174,241,142,233,173,40,95,21,172,194,119,
90,159,182,98,222,207,91,12,233,248,252,30,24,14,26,168,177,37,251,134,176,238,38,210,127,
236,193,42,139,104,222,82,98,128,114,193,171,145,226,67,133,55,25,204,159,14,188,5,94,53,
43,187,146,91,188,142,152,227,254,246,147,39,251,136,184,218,25,193,62,215,158,75,121,242,111,
38,21,215,241,119,211,237,222,100,152,171,157,198,46,140,188,185,114,143,76,199,193,225,136,8,
140,197,192,27,108,21,50,240,95,156,97,37,14,217,59,88,180,75,154,154,109,241,8,209,11,
13,214,101,80,91,210,109,216,95,64,39,149,205,163,177,5,138,164,91,208,5,246,45,22,62,
204,156,64,148,175,138,108,225,23,27,251,201,184,111,232,95,166,216,245,83,47,232,206,211,43,
178,36,213,248,121,0,75,83,30,81,250,173,121,241,177,84,71,147,115,26,35,176,17,196,168,
105,228,159,146,53,248,53,54,144,241,109,101,233,230,106,42,167,211,110,183,99,71,220,212,76,
83,107,16,11,55,152,156,157,167,209,209,233,224,1,107,233,223,39,27,117,19,129,23,203,112,
158,19,101,82,218,202,235,248,183,141,50,239,243,77,224,194,175,185,34,143,70,121,165,111,178,
207,34,44,185,24,190,232,151,224,60,186,238,131,150,88,108,240,188,116,61,237,233,13,184,140,
188,14,238,218,38,154,150,226,61,37,98,112,208,145,112,175,156,168,56,229,244,22,155,197,194,
48,51,229,172,141,29,114,83,64,146,210,127,55,238,122,39,160,208,109,173,83,29,89,35,184,
115,179,4,195,172,236,245,35,77,154,43,53,69,233,118,182,211,14,19,149,11,103,189,237,47,
18,195,225,64,171,7,100,96,55,244,83,42,88,35,127,178,69,106,198,198,158,244,146,130,97,
162,7,61,52,154,136,22,102,183,169,135,95,134,208,169,132,80,104,164,144,165,94,141,199,196,
109,181,0,121,139,4,155,187,211,112,147,173,197,76,117,157,87,162,224,107,176,187,217,141,158,
144,184,77,101,80,205,62,117,185,51,2,107,214,13,60,242,247,155,178,130,221,13,193,41,121,
218,111,48,217,227,233,242,252,149,174,102,118,136,30,21,67,155,207,19,183,139,142,206,76,54,
15,155,83,22,2,185,207,183,63,173,221,10,29,158,67,22,38,14,180,62,85,227,229,4,170,
159,203,185,43,220,13,48,199,91,253,251,101,222,218,188,63,244,165,29,1,19,208,233,165,25,
109,210,214,29,124,228,216,0,137,254,221,228,23,200,171,34,163,74,192,209,100,88,152,123,34,
143,139,81,135,110,138,77,155,123,177,1,103,222,227,213,83,243,233,242,80,182,56,200,179,120,
216,238,203,199,89,144,245,160,190,248,6,110,196,196,146,13,223,50,112,41,210,172,202,102,194,
202,142,139,230,227,87,255,37,173,148,122,104,199,242,64,201,63,79,203,161,60,174,248,87,255,
132,147,117,13,95,228,153,57,200,36,66,100,40,135,202,65,222,32,47,84,108,44,247,103,32,
109,54,89,181,8,119,117,42,124,142,117,224,60,149,22,234,58,72,148,146,22,181,233,65,250,
197,96,76,195,10,247,199,211,195,235,130,242,186,46,163,124,130,166,179,164,206,60,182,137,223,
125,24,117,176,148,235,83,52,83,133,87,216,210,104,216,145,170,49,117,44,61,253,224,81,66,
189,39,88,25,39,112,103,95,5,15,130,109,223,22,55,157,180,224,126,150,171,145,254,238,230,
162,240,156,142,116,133,125,41,150,91,248,234,73,0,162,58,253,173,174,80,174,47,185,53,128,
78,240,125,51,34,182,171,193,178,70,160,60,188,50,53,37,235,50,229,213,181,211,195,152,128,
147,131,135,101,56,88,164,59,89,197,207,140,60,200,137,221,144,171,75,185,200,111,177,159,164,
81,190,58,198,254,157,177,44,139,172,229,90,217,242,4,28,112,111,31,137,138,118,126,163,236,
75,33,77,47,164,225,139,162,202,9,188,99,60,198,12,16,241,49,30,52,190,40,249,51,85,
211,21,77,117,153,121,185,93,185,118,17,29,233,49,15,24,134,111,0,81,74,168,215,10,180,
180,99,88,198,191,86,223,81,35,22,82,139,183,213,172,13,128,156,48,194,127,154,166,58,0,
254,24,117,39,236,72,115,100,17,192,202,240,122,236,67,24,114,143,44,137,228,74,8,119,139,
134,212,167,183,106,211,186,107,202,47,72,137,10,96,59,95,93,9,130,240,163,150,174,247,137,
248,151,149,223,102,46,43,235,49,69,154,216,155,134,116,5,1,118,160,119,20,130,141,107,42,
30,8,169,64,131,205,169,160,152,98,65,15,104,181,96,214,131,61,219,72,118,124,52,172,85,
176,164,92,123,77,140,188,107,141,54,201,74,244,34,67,170,116,205,223,191,188,245,234,99,28,
167,255,24,184,55,0,228,30,164,135,9,85,110,141,118,208,199,72,13,11,199,92,218,47,36,
28,53,56,87,62,46,255,100,241,166,184,230,226,5,249,184,122,209,212,213,94,88,104,100,42,
27,224,40,253,219,103,11,174,184,180,7,253,40,120,12,155,226,4,11,164,226,14,154,185,250,
181,233,191,183,181,15,11,0,67,24,80,137,193,59,228,241,69,31,34,214,43,58,242,115,202,
217,135,2,144,248,215,123,68,49,231,215,100,34,186,82,92,103,44,43,244,178,255,180,198,251,
252,29,19,210,63,48,115,113,26,131,133,222,255,116,60,15,44,230,173,122,16,185,240,48,89,
82,116,1,194,230,234,205,16,9,85,148,31,39,24,156,144,83,32,47,112,20,4,244,132,133,
223,217,26,110,167,151,103,39,247,14,102,115,92,138,82,32,232,34,131,52,155,17,13,190,255,
176,168,234,151,221,170,218,240,122,213,255,75,81,55,54,167,224,86,215,61,222,142,153,148,188,
239,131,96,65,22,100,31,198,127,141,47,236,50,157,57,45,38,154,132,67,144,173,111,132,85,
194,91,236,36,110,178,7,192,4,137,32,124,184,168,171,178,153,19,192,68,221,216,58,103,48,
23,240,145,17,116,199,244,184,68,65,131,254,135,44,90,32,101,135,214,128,173,143,167,47,197,
253,8,95,158,204,80,239,71,139,10,121,155,172,175,0,39,188,143,182,227,226,140,201,45,154,
135,250,252,127,95,11,145,161,215,225,68,209,165,97,197,106,241,101,162,79,144,168,18,219,98,
57,163,240,86,71,93,168,149,22,218,232,179,163,169,139,252,130,142,243,63,207,95,147,103,61,
229,175,253,107,138,56,143,217,84,177,20,58,101,35,19,205,131,199,116,150,137,167,130,87,212,
249,87,223,64,15,242,70,27,215,154,17,88,175,178,21,145,234,202,205,237,196,11,238,234,156,
126,32,216,22,218,244,123,80,195,169,232,28,83,107,177,105,201,67,52,144,178,88,220,72,96,
153,63,197,232,100,184,176,5,240,193,123,155,34,134,125,207,145,84,210,197,62,190,126,110,14,
252,87,78,58,135,238,154,95,197,161,133,76,217,66,97,8,8,72,109,232,36,77,241,23,73,
13,141,107,170,230,129,111,48,252,227,58,101,82,246,39,52,210,161,155,83,229,161,153,98,45,
139,172,2,44,72,22,81,6,134,75,37,205,14,58,181,212,166,83,207,179,148,200,28,133,34,
251,206,82,223,168,246,250,74,3,239,183,121,185,123,193,115,225,32,125,241,66,63,111,220,128,
202,124,153,119,244,213,106,158,176,210,67,86,101,248,184,160,104,211,111,136,117,75,152,49,176,
23,241,240,182,237,154,251,21,101,53,116,90,114,174,136,69,56,255,172,185,140,52,166,29,138,
129,252,206,216,54,195,36,108,153,140,22,233,119,162,239,151,137,129,72,48,228,79,119,121,74,
62,194,239,144,254,169,5,22,254,31,255,228,172,107,40,133,54,234,16,129,153,161,198,24,76,
28,192,82,194,160,47,80,212,43,88,51,164,125,22,60,37,214,203,80,33,55,178,253,19,122,
101,212,56,58,17,58,203,103,77,172,35,89,145,119,102,84,9,149,37,218,189,163,58,49,72,
248,142,67,247,9,72,245,255,240,35,246,115,129,156,60,196,9,46,83,185,227,163,139,236,113,
103,74,97,158,202,255,109,141,139,73,229,144,38,123,189,81,104,244,61,19,110,106,13,224,219,
151,254,55,18,250,91,119,226,183,104,103,169,156,233,230,5,198,135,9,102,179,178,100,129,58,
105,116,125,140,198,190,139,70,203,204,6,161,188,44,44,151,4,57,84,239,58,144,233,203,34,
23,37,159,57,141,196,180,33,120,142,184,119,20,203,64,78,180,150,76,84,26,147,246,190,213,
125,87,239,143,183,14,230,218,219,128,105,32,69,206,106,252,44,170,55,197,42,151,201,25,26,
144,184,160,181,157,46,122,205,126,169,164,243,74,206,213,135,35,108,198,244,16,217,39,202,226,
133,250,97,176,30,225,143,253,175,160,26,112,58,8,240,60,110,241,69,168,133,229,178,32,255,
66,238,137,213,76,7,60,32,27,8,49,250,109,102,81,212,100,19,146,174,166,26,210,84,110,
32,245,114,18,54,95,191,66,255,99,192,111,97,76,224,50,231,199,157,117,83,119,222,187,9,
186,199,142,50,229,112,48,242,239,3,50,127,169,200,80,54,94,21,214,235,179,234,13,143,28,
161,4,63,95,234,157,140,162,106,0,209,255,35,120,107,86,240,164,4,73,199,158,162,179,114,
248,152,188,136,48,201,164,84,90,192,217,245,212,82,227,243,169,213,56,83,191,12,167,85,195,
189,184,161,164,94,103,230,209,208,19,38,206,134,77,171,62,184,220,37,55,28,163,60,187,180,
41,199,212,23,180,244,99,128,13,76,254,159,22,250,215,0,62,91,173,184,129,41,63,22,233,
123,175,14,50,216,137,58,98,75,153,91,0,204,39,33,174,145,82,17,233,30,123,239,31,111,
225,236,108,158,183,210,121,122,84,75,95,124,54,100,15,233,9,225,27,45,157,213,44,65,5,
203,129,55,226,42,1,113,211,76,147,19,12,27,222,57,83,16,116,74,197,157,183,31,219,22,
38,183,241,67,130,22,145,215,190,65,26,179,183,1,106,159,136,33,19,115,20,176,82,243,237,
250,39,7,146,65,9,211,225,249,45,26,125,18,90,230,29,215,230,57,65,234,201,143,219,204,
21,90,123,149,21,186,142,255,98,201,196,22,16,253,186,48,88,250,1,228,179,72,69,162,254,
151,98,150,124,24,158,94,37,132,104,84,114,52,125,75,97,181,217,69,158,199,214,38,38,12,
109,76,163,209,249,145,11,4,233,154,179,151,10,26,193,122,207,189,6,249,176,214,144,230,188,
232,18,5,83,245,141,94,85,118,107,220,85,62,201,115,239,26,229,68,105,253,40,104,128,171,
209,108,54,190,93,29,162,165,34,216,171,44,218,181,128,224,49,84,13,108,88,184,77,192,81,
124,85,28,151,246,96,40,21,31,250,186,0,182,225,202,118,165,123,222,65,186,185,138,89,198,
198,231,31,74,202,48,222,50,91,43,116,31,119,3,69,195,207,245,137,145,163,199,143,134,177,
140,185,241,62,254,12,44,253,183,31,142,17,139,163,21,15,218,94,153,231,141,104,87,152,18,
17,22,167,149,204,143,193,128,24,100,59,13,21,37,252,146,92,55,147,165,81,32,247,190,204,
128,251,109,234,251,37,207,20,139,219,208,203,15,114,60,10,203,76,203,72,32,66,201,190,28,
172,181,180,92,94,22,26,14,194,99,202,90,189,80,86,30,23,124,161,14,113,190,161,226,236,
1,13,1,173,172,211,225,71,203,26,91,136,1,182,153,127,177,178,35,50,171,4,134,43,40,
46,243,1,182,238,241,97,139,164,4,181,197,236,21,15,82,225,99,141,242,118,37,126,168,191,
50,16,87,185,36,132,125,214,200,217,23,112,63,30,102,111,204,58,173,52,139,127,75,46,134,
64,137,56,183,100,185,210,150,53,164,169,199,126,185,226,49,113,93,85,144,206,143,119,211,67,
117,200,48,191,214,214,97,252,190,129,133,217,66,94,153,228,255,174,221,156,91,16,246,50,97,
148,187,16,61,53,230,103,156,215,242,136,179,70,152,26,99,47,102,195,196,20,179,76,29,99,
30,67,25,71,135,44,247,245,249,12,165,252,254,97,222,76,196,6,144,90,59,85,211,40,14,
80,66,247,214,138,133,228,75,101,143,61,58,51,184,35,64,66,167,81,255,144,104,71,196,37,
139,108,54,108,206,246,5,47,68,128,25,236,130,0,69,8,4,205,82,148,86
}
local IzznbJzIqYAkpC = 299403503

local lkWaFGslScIz = string.char(72,101)
local IlazYWLWTkrqtS = string.char(108,108,111,84,104)
local llmDoR = "IIKaUj"
local __YzfRZlZW = string.char(105,115,73,115)
local IXeAMehxKT = string.char(84,104,101)
local IorklPLjl = string.char(75,101,121,70,111)
local lzwNHeQYaOfv = string.char(114,75,117)
local IlSPSN = "lIbJkN"
local InEuDIEze = string.char(115,116,111,109)
local llXJOIN = #{"lIOj","luSog"}
local __MRBPdPRsgH = string.char(72,117,98)
local _ROCOx = (function() return 2341 end)()
local liUGvwoCYT = string.char(57,57)
local __OaldE = 121527
local lOQOWeYucrxC = string.char(57,49,49,49,49)
local lYZxrEOZ = -177166
local O0X0ewydsRs = lkWaFGslScIz .. IlazYWLWTkrqtS .. __YzfRZlZW .. IXeAMehxKT .. IorklPLjl .. lzwNHeQYaOfv .. InEuDIEze .. __MRBPdPRsgH .. liUGvwoCYT .. lOQOWeYucrxC

local function IlOXEfh0mXyTGk(IlTnxwFPsUBxcU)
    local O0KkvdWmL0GWdtvf = 5381
    for _JDHIRPvLUmo = 1, #IlTnxwFPsUBxcU do
        O0KkvdWmL0GWdtvf = (O0KkvdWmL0GWdtvf * 33 + llkYkXPj0c(IlTnxwFPsUBxcU, _JDHIRPvLUmo)) % 4294967296
    end
    if O0KkvdWmL0GWdtvf == 0 then O0KkvdWmL0GWdtvf = 1 end
    return O0KkvdWmL0GWdtvf
end

local function IIdliDPDHwVTYveH(IlTnxwFPsUBxcU)
    IlTnxwFPsUBxcU = IlECyDTy0rQKqKSp(IlTnxwFPsUBxcU, lIwDfnigCm(IlTnxwFPsUBxcU, 13))
    IlTnxwFPsUBxcU = IlECyDTy0rQKqKSp(IlTnxwFPsUBxcU, _MnRARUuGRIpgYR(IlTnxwFPsUBxcU, 17))
    IlTnxwFPsUBxcU = IlECyDTy0rQKqKSp(IlTnxwFPsUBxcU, lIwDfnigCm(IlTnxwFPsUBxcU, 5))
    return IlTnxwFPsUBxcU
end

local IleHOOSFOO = IlECyDTy0rQKqKSp(IlOXEfh0mXyTGk(O0X0ewydsRs), IzznbJzIqYAkpC)
if IleHOOSFOO == 0 then IleHOOSFOO = 1 end
for lIITMUK0WBwUnr = 1, 16 do IleHOOSFOO = IIdliDPDHwVTYveH(IleHOOSFOO) end

local function lZs0dSRIFUKx()
    IleHOOSFOO = IIdliDPDHwVTYveH(IleHOOSFOO)
    return IlmJPx0SeJla(IleHOOSFOO, 255)
end

local O0AgwoGfHieYc = IlECyDTy0rQKqKSp(IlECyDTy0rQKqKSp(IlOXEfh0mXyTGk(O0X0ewydsRs), IzznbJzIqYAkpC), 0xDEADBEEF)
if O0AgwoGfHieYc == 0 then O0AgwoGfHieYc = 1 end
for lIITMUK0WBwUnr = 1, 16 do O0AgwoGfHieYc = IIdliDPDHwVTYveH(O0AgwoGfHieYc) end

local function IwvIaBsHTMmnHE()
    O0AgwoGfHieYc = IIdliDPDHwVTYveH(O0AgwoGfHieYc)
    return IlmJPx0SeJla(O0AgwoGfHieYc, 255)
end
local IlSgeJUm = 2919
local IqKZwOIlN = {}
local lHzpaOmbPd = #O0X0ewydsRs
for _JDHIRPvLUmo = 1, lHzpaOmbPd do
    IqKZwOIlN[_JDHIRPvLUmo] = llkYkXPj0c(O0X0ewydsRs, _JDHIRPvLUmo)
end

local llSKdrMJPsD = {}
for _JDHIRPvLUmo = 1, #_WfKlA0DALZsy do
    local IGGQWRpcEMflB = IlmJPx0SeJla(IwvIaBsHTMmnHE(), 7)
    local IIpUCsnpQuuaiM = _WfKlA0DALZsy[_JDHIRPvLUmo]
    llSKdrMJPsD[_JDHIRPvLUmo] = IlmJPx0SeJla(IluOLKXPEFQrK(
        _MnRARUuGRIpgYR(IIpUCsnpQuuaiM, IGGQWRpcEMflB),
        lIwDfnigCm(IIpUCsnpQuuaiM, 8 - IGGQWRpcEMflB)
    ), 255)
end

for _JDHIRPvLUmo = 1, #llSKdrMJPsD do
    llSKdrMJPsD[_JDHIRPvLUmo] = IlECyDTy0rQKqKSp(llSKdrMJPsD[_JDHIRPvLUmo], lZs0dSRIFUKx())
end

for _JDHIRPvLUmo = 1, #llSKdrMJPsD do
    llSKdrMJPsD[_JDHIRPvLUmo] = IlECyDTy0rQKqKSp(llSKdrMJPsD[_JDHIRPvLUmo], IqKZwOIlN[((_JDHIRPvLUmo - 1) % lHzpaOmbPd) + 1])
end

local IIdeuJumFM = {}
for _JDHIRPvLUmo = 1, #llSKdrMJPsD do
    IIdeuJumFM[_JDHIRPvLUmo] = lhjUXnkJJpaWp(llSKdrMJPsD[_JDHIRPvLUmo])
end

local IlEDCClGXXjQ, lltvqXWOCtOlqJ = loadstring(lnNTKHimyqgBP0(IIdeuJumFM))
if IlEDCClGXXjQ then
    return IlEDCClGXXjQ()
else
    warn("[MoonCrypt] Execution Error: " .. tostring(lltvqXWOCtOlqJ))
end
