--// MoonCrypt v2.0 Protected Script | KustomHub Secure Engine
--// Decryption Key: Encrypted with hardware seed


local IbksyPcYudo = bit32.bxor
local __AJyoOGOq = bit32.band
local IWYorRtCvGO = bit32.lshift
local IIevlkxliPuwO = bit32.rshift
local __lARvNhlme0d = bit32.bor
local llfMTHUhTNjIZkqS = string.byte
local IINuMtARTFr = string.char
local ljOzRJcJei = table.concat
local llYCPXl = (function() return 5668 end)()
local IIlIVgSUPsbA = {
142,118,110,63,130,193,156,56,64,143,42,68,13,168,185,185,77,179,239,243,200,252,163,153,188,
70,140,62,42,135,205,178,32,157,230,71,79,113,177,103,233,144,9,18,41,10,90,218,40,196,
97,91,188,143,231,25,165,58,117,89,151,202,123,232,92,69,41,21,48,227,176,192,133,223,91,
180,49,15,116,113,39,3,217,242,73,165,185,164,205,126,199,120,211,25,94,129,10,180,177,227,
76,167,12,35,241,91,14,55,211,111,34,127,174,25,96,55,17,54,211,113,72,188,73,10,203,
81,156,124,103,62,86,226,34,53,170,127,63,127,73,47,134,97,96,30,138,57,114,104,153,49,
73,82,100,99,30,129,54,60,1,183,252,194,75,80,228,249,183,241,42,27,117,110,251,242,60,
247,162,225,198,178,136,164,175,194,250,159,151,47,185,74,65,22,211,160,182,253,83,248,228,41,
227,31,226,181,178,18,100,124,154,254,203,51,253,157,17,94,112,33,35,125,69,233,240,92,195,
225,225,140,49,20,148,157,5,160,120,153,84,133,181,72,66,48,18,132,146,150,27,240,62,95,
129,28,203,51,19,74,255,142,138,13,176,19,49,128,241,187,206,62,171,131,45,67,176,154,182,
181,246,13,38,91,154,226,117,219,41,206,154,119,81,170,59,198,54,72,91,43,66,20,105,28,
74,111,63,241,62,161,248,208,153,151,123,151,35,30,129,206,149,236,211,76,82,5,247,164,56,
253,210,162,212,211,224,76,74,173,119,40,245,58,205,87,108,155,13,3,212,233,74,150,31,119,
7,62,31,227,42,37,31,166,246,41,179,255,29,77,253,5,228,98,56,189,108,172,125,33,92,
181,176,143,124,0,213,165,78,247,235,66,178,254,134,78,8,150,159,191,40,43,102,41,215,92,
231,47,165,194,199,108,152,151,145,145,176,220,212,249,80,165,186,230,168,107,215,3,76,136,193,
245,225,245,16,94,186,213,255,34,15,238,219,227,181,208,18,47,204,203,126,159,192,160,24,51,
98,37,41,226,197,135,111,51,68,1,97,78,101,137,219,55,150,82,188,230,158,187,187,33,155,
175,103,60,142,8,48,33,213,5,133,160,9,5,68,204,24,99,83,130,2,19,14,208,250,154,
224,178,174,43,32,8,157,53,96,245,164,225,10,212,141,167,142,32,56,235,36,255,47,144,197,
212,125,192,162,71,148,227,128,9,19,243,106,198,158,127,11,117,195,202,139,212,225,50,46,240,
194,244,155,192,128,57,253,108,108,140,180,42,220,114,43,111,247,234,223,82,231,218,50,195,10,
116,171,115,147,21,231,229,168,33,226,242,242,228,58,242,2,211,240,95,215,30,161,58,75,184,
173,32,43,182,194,33,115,208,106,0,122,33,11,91,216,59,99,235,219,69,43,25,123,50,148,
60,124,175,140,105,222,238,228,254,120,78,228,99,7,175,193,127,66,132,41,109,207,20,248,62,
178,115,219,25,198,214,145,219,5,225,2,225,231,231,206,176,50,239,140,131,6,112,19,159,199,
108,33,147,121,90,9,173,174,177,122,100,55,102,173,209,75,182,30,189,185,91,22,237,242,97,
244,6,96,252,25,135,209,161,105,247,202,215,5,144,68,175,149,148,211,96,9,166,120,71,81,
124,159,152,203,80,44,62,22,150,171,197,154,72,186,244,109,98,53,176,201,165,71,28,213,167,
243,26,232,191,174,79,201,34,106,156,60,21,77,105,213,158,185,152,224,77,222,141,19,232,242,
129,205,29,255,152,117,170,129,29,103,205,12,117,132,173,101,136,197,41,109,82,163,172,116,169,
146,221,68,229,217,238,180,162,254,235,129,59,36,209,154,52,32,19,206,108,196,207,51,92,117,
44,74,187,36,9,88,181,21,97,182,210,170,111,107,87,25,22,176,12,169,117,168,51,188,22,
126,69,33,51,73,116,143,235,30,194,244,76,11,145,30,3,162,51,168,68,196,237,8,26,230,
8,115,156,73,234,240,173,172,113,169,116,20,215,192,32,252,95,78,227,128,11,231,37,224,229,
98,214,32,200,217,163,247,182,88,61,184,182,8,181,169,46,41,41,32,188,188,15,34,36,138,
58,129,95,61,180,53,31,149,147,73,62,112,173,209,194,25,76,114,164,95,191,208,150,221,169,
104,67,3,198,75,224,251,33,230,47,109,78,197,40,198,52,68,93,93,135,202,9,82,202,128,
57,46,36,0,191,90,251,70,12,150,122,33,132,120,188,107,155,52,79,131,165,176,193,130,61,
66,133,36,238,213,71,12,125,64,108,115,227,65,206,193,131,148,222,212,30,117,7,70,165,0,
249,42,160,144,247,68,242,63,220,4,30,180,4,240,53,234,101,204,59,153,48,88,191,64,17,
187,170,18,157,1,101,186,235,77,239,44,235,8,16,157,161,168,25,217,4,11,55,223,83,100,
90,66,101,102,30,63,10,241,57,74,8,118,71,208,226,193,148,44,223,125,150,182,121,78,138,
70,152,175,49,66,3,68,203,178,29,23,87,105,151,207,86,30,237,215,121,75,97,225,220,146,
13,41,77,187,40,171,183,9,81,1,179,26,159,80,247,162,67,40,137,114,199,239,118,233,55,
92,62,110,81,89,234,146,200,99,56,190,40,214,4,25,119,3,71,198,61,105,76,211,170,168,
71,140,138,189,89,30,49,139,21,112,235,93,91,160,28,40,97,129,73,220,55,30,137,7,255,
208,207,29,183,48,229,244,195,184,30,99,75,14,195,188,227,118,55,197,118,20,158,136,83,37,
171,154,162,138,209,206,159,52,15,25,45,60,209,45,207,53,110,210,88,6,172,27,62,160,179,
125,94,203,202,137,102,128,147,82,228,154,64,188,146,83,102,94,159,209,107,38,58,10,165,73,
200,165,97,153,174,60,236,55,3,58,137,220,92,2,232,86,150,239,76,129,110,161,31,36,51,
136,42,116,102,213,227,13,8,229,248,223,109,223,78,60,5,212,232,50,81,112,56,120,33,229,
212,185,206,94,34,128,192,156,117,151,88,242,34,225,242,129,24,152,72,164,66,253,13,147,120,
95,140,99,165,242,230,117,27,227,164,160,11,39,26,199,31,133,72,205,214,116,193,40,108,188,
30,93,115,161,26,164,159,58,59,178,111,92,149,89,96,18,157,33,202,221,89,194,57,195,50,
78,36,247,104,40,64,113,85,170,131,164,106,174,172,208,122,189,157,129,232,202,159,156,223,104,
155,238,6,178,167,77,74,81,168,202,223,46,10,24,202,216,246,223,205,0,92,131,226,1,83,
98,199,176,110,53,211,155,142,147,230,197,179,165,92,19,238,203,137,228,191,227,169,169,23,80,
173,146,103,19,252,145,251,13,71,217,186,214,212,215,23,109,37,156,135,8,108,8,123,150,152,
81,82,218,131,55,16,173,113,28,89,240,111,219,252,66,69,32,134,140,205,97,109,59,34,47,
23,36,156,148,131,190,42,3,143,22,82,14,245,225,232,233,78,0,93,107,176,103,146,161,65,
203,243,228,234,228,34,187,51,212,144,232,218,26,51,244,101,208,223,219,47,144,26,182,57,116,
193,94,197,26,223,60,92,14,144,149,189,165,181,51,193,98,232,41,238,26,100,3,216,95,69,
4,237,128,126,182,55,254,84,199,209,212,110,138,89,12,141,173,254,55,5,54,204,226,64,141,
20,30,43,219,50,125,108,133,81,70,4,230,201,172,104,82,104,72,136,168,246,12,242,73,59,
4,178,220,183,105,193,152,25,229,81,88,161,105,228,154,205,19,152,102,72,177,24,151,71,147,
82,133,213,240,44,206,200,184,167,109,191,103,245,252,119,255,35,235,219,71,77,2,114,86,190,
88,217,208,179,28,91,71,216,195,49,230,11,56,50,156,52,175,60,176,211,179,80,143,119,97,
63,191,142,34,208,38,155,201,100,226,58,156,69,80,35,24,212,238,133,83,214,185,36,149,54,
101,139,204,60,47,200,177,55,242,46,230,12,231,79,33,186,193,152,71,236,6,138,223,72,234,
130,167,215,124,169,230,42,124,184,60,34,98,246,173,149,83,247,27,0,252,198,218,201,121,146,
228,192,238,163,225,222,77,64,141,150,139,20,67,42,60,41,98,164,30,69,47,65,6,165,229,
68,121,112,199,119,201,101,154,52,108,158,138,160,40,114,179,135,251,110,188,127,182,165,102,244,
92,39,44,14,65,113,99,54,234,248,127,67,201,55,10,52,84,165,150,192,148,200,35,71,31,
94,10,214,248,158,240,69,23,170,101,10,101,64,141,71,232,36,22,73,46,65,64,183,11,109,
53,199,124,0,236,19,53,171,198,20,209,98,206,151,255,10,7,200,97,250,29,241,111,158,107,
38,59,251,23,232,45,151,23,19,9,94,34,39,37,140,250,156,215,133,125,79,192,252,165,115,
194,36,204,23,140,255,220,130,131,124,52,49,21,49,148,41,150,72,241,246,227,225,2,242,43,
90,189,104,218,95,154,214,136,58,196,34,58,3,178,182,86,190,193,141,66,113,210,65,158,191,
202,192,38,114,235,34,106,182,248,118,4,38,48,227,218,246,119,225,47,14,192,216,60,2,59,
127,14,116,240,16,93,58,72,252,88,166,240,40,226,169,47,67,125,95,248,12,66,227,30,228,
133,215,244,230,121,133,255,240,253,198,6,230,237,205,222,196,235,209,111,128,200,247,254,194,92,
147,143,78,50,255,205,119,222,11,57,54,232,205,110,86,161,0,163,220,73,32,254,107,109,178,
215,121,160,193,27,201,211,77,118,32,62,177,75,220,115,204,102,90,132,169,16,206,228,211,43,
51,175,148,138,51,163,22,161,182,117,229,96,179,153,0,26,230,73,140,228,207,68,69,141,100,
169,205,10,242,1,180,104,147,243,0,124,251,130,52,179,70,208,94,190,137,110,120,20,204,164,
184,142,71,181,122,80,200,19,208,141,140,188,109,25,33,217,209,110,68,195,34,105,201,97,167,
106,123,110,174,186,186,162,100,163,11,90,113,77,163,59,132,15,132,118,249,112,4,16,69,174,
0,236,169,5,253,50,165,196,218,87,6,225,98,74,26,68,204,128,12,88,188,104,82,236,190,
114,95,34,181,45,127,52,242,30,25,157,239,201,241,166,80,161,97,154,149,75,240,222,14,214,
145,218,66,12,100,250,190,71,239,90,146,121,98,92,21,238,111,130,51,42,111,141,182,252,148,
184,94,101,39,165,155,158,102,209,34,174,184,54,97,237,159,205,219,162,5,56,85,99,52,185,
49,154,224,157,191,49,70,206,220,14,233,136,125,58,236,191,146,83,65,48,131,64,92,236,46,
1,175,70,129,242,184,182,84,23,235,209,9,126,200,210,221,53,13,125,220,147,159,196,72,49,
160,224,213,118,5,8,121,8,47,249,141,176,104,164,36,115,97,31,100,205,105,227,101,247,178,
7,127,179,148,52,225,23,82,247,239,8,53,196,121,31,119,234,184,159,145,36,254,171,80,132,
238,252,95,64,153,83,135,4,161,116,173,168,160,132,191,92,55,45,187,18,172,204,169,35,190,
49,216,31,79,14,228,173,191,45,105,181,176,195,85,179,139,71,192,190,56,58,149,88,165,95,
134,253,85,83,232,164,69,96,172,117,244,17,209,38,228,228,143,174,54,172,33,248,57,2,71,
188,20,208,32,42,88,180,223,49,92,24,2,20,206,125,184,185,173,79,46,84,233,156,76,69,
165,86,188,66,245,211,230,85,150,212,82,70,164,160,182,108,241,113,33,13,249,191,74,5,233,
218,32,198,52,84,15,96,39,145,250,85,170,64,183,21,3,194,12,39,177,108,248,78,122,32,
136,185,193,40,241,117,20,64,255,49,96,76,63,21,88,254,122,217,144,13,139,80,13,120,166,
163,249,132,102,5,83,117,158,81,111,111,228,152,105,117,130,142,49,157,205,164,37,45,134,79,
41,64,62,166,136,73,44,194,81,11,15,255,190,155,207,187,212,231,161,154,102,196,146,127,173,
214,205,112,89,198,23,190,145,221,253,124,137,166,239,79,172,73,6,235,245,144,17,229,174,19,
177,101,86,198,24,146,31,116,101,240,99,153,50,14,3,129,203,133,250,4,51,209,30,205,33,
199,104,58,25,16,167,107,82,244,235,166,168,86,169,44,85,174,240,152,180,162,34,214,204,5,
82,109,250,221,10,133,63,87,216,97,92,27,243,242,254,138,111,153,240,64,16,253,208,120,231,
175,65,133,223,84,76,39,191,201,19,132,120,90,65,26,162,58,242,95,232,42,116,170,49,152,
71,3,244,103,157,81,224,133,113,109,173,86,67,233,226,96,127,216,153,156,138,219,229,205,138,
174,192,151,115,164,198,239,204,7,70,205,20,141,236,110,249,252,156,246,161,133,49,47,129,192,
116,108,14,173,72,128,241,20,52,135,174,232,10,55,241,102,54,79,102,43,250,120,219,54,230,
131,121,56,43,128,28,239,152,37,210,71,122,112,170,203,217,251,177,204,1,162,76,178,57,103,
52,142,133,49,92,144,18,200,223,198,27,136,151,48,238,104,170,246,116,90,200,130,222,255,181,
124,36,220,57,39,55,188,225,136,77,149,17,242,112,172,129,236,195,218,20,39,250,59,74,246,
245,242,146,101,119,136,42,247,1,251,214,233,110,199,199,244,205,169,127,34,111,126,179,23,207,
33,88,21,78,64,1,11,152,47,173,119,29,232,132,157,115,125,170,29,215,60,1,182,219,17,
65,102,131,203,2,20,235,181,70,9,22,243,226,237,55,90,222,242,102,33,21,164,22,93,215,
41,191,69,102,71,28,37,102,132,251,199,40,108,35,222,35,147,42,91,129,175,105,77,90,148,
184,236,229,121,6,183,203,211,157,144,86,190,8,173,129,241,35,27,185,231,88,248,86,45,188,
55,129,107,18,155,106,195,24,133,223,190,199,194,107,15,169,228,158,200,201,177,78,254,15,79,
77,118,88,109,33,128,129,190,185,46,0,178,107,98,161,116,12,163,69,151,223,18,15,168,216,
138,41,149,93,223,153,180,38,223,117,54,224,100,220,28,142,127,21,146,28,50,175,129,22,161,
94,204,190,253,197,21,203,70,67,17,227,87,236,69,179,78,100,136,138,214,247,236,78,27,69,
245,145,120,39,67,255,187,126,114,60,9,131,58,116,139,224,116,119,48,62,153,7,18,85,230,
214,11,20,15,58,158,253,3,221,52,120,45,97,184,72,64,25,189,206,37,184,212,89,78,29,
90,134,244,226,248,177,124,247,204,204,81,87,232,114,207,227,207,119,245,115,34,87,120,219,93,
198,45,195,175,139,223,167,229,20,230,76,153,251,13,75,137,148,132,192,229,85,138,64,126,7,
164,225,132,126,66,21,106,168,237,72,70,22,148,57,70,149,149,10,165,45,68,110,111,45,139,
59,7,147,218,105,242,162,35,154,175,182,84,178,135,181,134,205,87,31,148,180,80,247,112,63,
135,161,97,181,138,217,131,110,36,38,161,213,243,20,165,116,59,205,105,57,50,55,174,216,50,
189,10,160,92,231,153,222,209,103,203,203,227,119,44,34,248,244,25,8,213,149,245,197,8,0,
252,182,226,255,35,198,176,239,4,236,200,26,225,158,180,41,90,157,140,171,69,94,9,20,26,
121,48,38,205,83,22,101,238,41,228,164,182,144,156,36,33,125,231,196,86,175,161,127,169,148,
221,209,199,135,129,220,64,123,18,223,80,164,156,81,237,58,91,242,56,232,241,70,236,34,68,
117,209,175,157,31,115,216,102,40,141,98,37,33,167,224,20,15,100,195,114,126,132,151,168,35,
128,26,103,215,185,225,55,50,175,16,1,149,85,117,121,7,171,179,138,78,46,189,208,7,15,
149,4,55,68,80,124,147,17,18,112,117,60,235,153,19,148,121,21,202,184,167,213,48,22,9,
11,156,34,8,124,3,224,236,198,159,252,45,27,24,64,178,134,186,135,67,95,248,172,163,139,
58,148,92,133,123,78,18,226,244,2,49,154,165,2,93,210,98,125,166,153,49,185,101,232,164,
199,230,239,139,187,86,186,107,204,228,61,8,220,21,37,233,222,2,112,48,189,162,81,4,160,
224,141,204,179,192,91,164,67,91,232,34,237,163,92,142,53,198,35,235,25,1,253,247,114,75,
99,123,117,181,241,113,245,190,180,222,144,90,233,171,81,62,132,248,59,247,63,207,40,219,2,
82,62,3,97,25,247,173,143,213,15,106,199,135,187,174,79,24,113,209,125,86,221,70,99,43,
145,236,89,138,194,178,22,250,64,68,204,137,187,245,90,234,248,43,44,51,22,255,131,171,136,
224,53,49,80,107,73,212,105,202,223,149,231,94,44,113,245,153,4,190,58,15,82,3,173,183,
79,33,173,21,129,24,34,5,48,212,146,110,82,46,143,45,137,242,63,159,204,34,137,158,158,
148,70,38,50,194,198,173,110,233,33,135,14,184,213,18,136,109,218,16,127,8,147,58,140,201,
133,122,40,204,101,213,135,143,62,210,113,225,15,167,108,186,182,85,70,116,174,91,47,14,53,
84,13,102,208,168,123,204,226,63,81,128,29,238,253,28,91,20,179,82,129,232,51,131,244,67,
181,218,245,200,234,60,24,112,125,239,191,127,236,57,91,212,116,47,19,72,128,70,115,241,96,
18,20,99,13,49,57,224,227,168,75,248,44,237,125,16,223,41,165,36,15,13,213,236,221,41,
157,90,31,106,79,118,188,237,161,8,122,26,16,140,183,124,202,84,178,234,208,177,154,153,16,
126,96,242,230,135,93,25,27,242,5,135,233,199,242,79,98,114,174,192,37,5,5,215,109,218,
190,20,117,146,69,164,230,37,112,4,220,138,37,63,86,165,163,196,236,60,250,201,238,248,68,
31,148,111,213,101,95,99,144,99,176,245,29,229,19,113,252,69,88,244,120,128,248,172,222,6,
73,6,153,213,91,88,154,61,159,95,26,95,133,192,26,90,194,228,217,115,246,67,48,67,23,
52,42,34,68,80,227,227,26,183,39,153,27,125,121,59,207,37,97,8,4,76,109,118,137,193,
210,0,72,106,154,89,156,18,204,85,39,138,45,118,201,180,220,96,226,93,94,252,46,105,14,
191,99,234,117,102,48,30,137,18,138,230,90,80,158,100,60,28,191,157,128,170,255,204,153,73,
21,135,60,33,166,73,163,74,194,182,96,208,186,109,207,144,117,11,195,80,25,190,132,4,96,
131,126,86,215,180,186,91,42,187,126,31,91,223,218,227,142,15,219,5,31,86,15,11,238,49,
110,144,14,250,160,74,107,128,125,20,13,27,71,68,71,68,127,240,103,12,195,18,17,18,175,
54,71,145,42,157,21,215,74,125,240,80,31,0,16,215,120,35,235,254,145,148,140,217,35,95,
71,198,247,25,42,146,170,148,127,55,156,193,165,222,211,184,183,79,46,134,77,105,130,189,21,
7,204,5,199,4,43,193,137,34,44,186,26,60,47,23,86,108,5,204,34,110,191,140,155,2,
143,62,190,79,211,124,236,39,134,219,148,31,13,42,229,214,74,114,232,218,117,122,145,89,151,
164,151,123,101,135,79,186,7,150,29,154,244,164,101,240,42,108,37,120,191,60,227,223,223,59,
155,91,49,218,61,76,233,64,58,247,20,216,107,102,56,120,56,101,200,86,68,202,111,142,20,
32,207,46,152,249,31,143,27,117,19,128,22,181,204,116,144,18,99,170,248,232,118,177,51,49,
251,87,54,80,46,229,172,101,41,212,240,39,148,177,204,112,232,224,236,13,90,160,147,233,110,
236,125,62,61,185,110,248,100,184,191,170,1,50,32,85,84,44,76,110,39,4,192,177,217,139,
157,140,72,94,217,13,81,212,70,247,146,106,159,37,99,36,233,34,188,114,203,89,250,153,255,
234,65,19,118,129,174,167,121,54,35,17,91,122,89,122,39,197,106,187,91,56,139,176,159,20,
73,105,48,245,17,244,167,204,25,45,67,65,251,171,157,37,178,139,102,118,70,65,196,219,185,
2,198,136,180,200,172,25,230,179,2,15,39,193,90,129,246,190,181,111,196,255,91,34,76,178,
63,24,178,148,98,188,14,97,53,160,99,224,216,232,22,67,31,107,23,47,198,75,91,13,113,
91,73,67,147,150,190,126,85,34,34,43,121,148,114,170,5,89,214,55,83,191,170,55,130,123,
70,187,185,25,46,127,60,97,48,102,147,105,237,46,109,39,66,191,232,35,167,199,92,49,217,
19,100,176,75,199,202,15,10,56,127,216,65,61,245,163,245,76,236,108,62,70,10,23,68,2,
101,140,221,12,123,49,179,158,218,50,119,94,160,183,182,129,131,8,112,95,134,77,232,153,220,
205,99,75,1,25,45,14,17,27,137,170,189,95,195,190,121,47,1,183,129,226,237,8,19,208,
61,86,212,91,3,40,218,49,238,85,184,14,195,142,198,62,237,0,143,234,22,43,230,5,112,
77,170,166,203,50,7,181,18,75,32,249,161,25,162,198,117,102,242,48,85,53,191,238,94,236,
2,216,6,97,42,116,47,230,239,78,245,75,212,153,147,214,190,165,48,195,185,199,49,47,0,
160,202,183,63,118,214,104,239,138,104,150,83,24,131,52,113,217,23,15,105,69,194,70,43,218,
37,194,240,202,81,56,91,62,136,202,11,167,18,97,197,123,228,142,19,187,99,40,30,50,61,
78,6,205,254,160,43,129,253,153,14,45,250,25,208,217,209,205,77,104,84,53,161,35,68,200,
176,93,35,96,37,234,206,9,189,254,40,193,253,118,58,181,150,63,218,37,39,58,40,171,151,
50,251,0,186,13,96,233,234,143,57,50,225,151,242,178,0,104,175,176,128,162,73,14,84,54,
175,136,124,254,159,223,111,162,39,38,231,125,164,211,32,86,125,157,98,8,180,56,151,128,229,
79,244,127,117,21,185,30,86,160,235,150,208,39,158,158,149,240,40,174,127,144,103,147,41,10,
229,79,227,179,8,31,243,252,44,178,173,155,123,51,90,219,144,211,150,187,243,73,184,110,40,
80,138,30,102,239,179,15,133,14,216,103,186,192,49,169,190,204,154,175,120,232,196,97,240,59,
193,94,142,93,34,34,31,251,194,255,46,245,135,195,98,77,151,34,142,192,146,74,13,31,140,
193,246,248,33,115,177,141,115,213,115,128,139,40,117,179,249,250,227,231,152,112,20,59,243,174,
96,30,12,200,198,128,30,203,16,190,143,151,180,76,195,213,219,92,22,254,225,110,71,120,132,
163,202,96,109,208,95,150,77,33,126,191,253,4,25,131,236,127,148,107,236,40,12,217,134,32,
117,27,119,86,77,201,37,115,198,20,47,175,188,36,69,194,234,68,11,111,143,22,226,58,138,
152,199,53,62,143,135,17,102,164,200,243,216,39,61,236,230,212,184,82,233,192,78,130,8,102,
136,161,132,84,44,148,140,67,118,12,211,172,179,103,126,216,88,86,166,117,42,81,131,139,48,
90,55,247,176,239,187,237,94,251,83,123,156,146,118,12,228,65,225,64,117,151,202,94,111,8,
17,44,35,39,87,78,21,18,56,225,1,144,133,49,62,196,196,145,231,63,226,202,102,69,95,
10,202,112,134,25,27,29,16,131,62,184,107,250,61,49,30,158,155,168,237,137,215,83,250,95,
196,177,224,20,5,144,124,232,123,15,40,29,75,252,67,83,254,162,164,60,223,86,112,149,3,
32,253,220,154,181,39,94,90,160,232,122,200,216,241,242,36,108,80,65,42,107,183,205,189,52,
250,221,122,32,135,126,79,92,131,77,181,32,6,140,116,65,5,179,202,131,96,120,216,174,222,
98,214,78,230,190,167,153,45,220,52,114,63,102,203,187,153,82,92,228,247,15,252,16,121,93,
53,109,45,28,8,146,233,221,248,1,152,89,122,37,198,212,116,39,144,176,80,228,154,133,172,
211,246,151,181,121,13,214,124,200,84,150,74,55,10,20,79,70,141,215,238,178,168,64,79,125,
141,232,132,73,98,209,237,36,19,168,241,212,160,158,57,68,255,66,244,96,97,79,195,135,134,
41,63,80,82,84,44,127,162,144,59,238,153,189,89,23,46,198,84,92,122,241,112,48,71,123,
123,70,102,79,203,211,96,38,102,103,98,134,250,144,80,230,63,94,111,151,32,52,181,65,26,
249,250,209,80,172,238,199,211,24,196,120,152,121,15,7,127,250,183,230,9,117,153,115,58,26,
110,241,40,70,35,143,247,224,28,77,216,119,48,150,249,195,83,77,26,70,25,58,253,145,43,
211,225,59,147,86,129,99,57,208,229,101,48,75,159,23,157,13,38,144,156,190,197,231,229,27,
112,24,5,204,170,136,143,237,99,223,220,117,102,44,182,40,37,66,37,136,239,32,45,63,24,
225,85,233,161,151,115,241,128,152,8,152,225,92,133,180,160,162,43,126,203,240,135,255,224,213,
157,155,5,208,240,86,250,228,175,142,23,94,142,173,24,115,37,144,81,225,71,226,30,12,192,
217,254,184,99,38,192,219,209,119,151,162,117,14,254,208,190,235,167,130,168,234,45,204,19,200,
5,133,74,34,251,223,41,5,252,52,153,28,85,105,233,21,170,50,104,45,183,129,126,204,174,
251,176,12,228,170,94,168,239,11,54,139,176,16,58,3,72,89,62,210,152,225,142,124,82,160,
50,26,243,119,215,179,230,172,165,23,216,144,156,211,210,100,209,38,112,191,69,228,50,98,249,
196,134,59,135,156,233,211,95,76,135,16,52,85,19,8,103,212,144,36,167,158,86,18,126,69,
199,46,104,239,90,83,9,20,170,179,223,183,96,118,83,6,44,10,174,100,207,187,193,62,87,
105,254,2,100,127,125,61,70,129,29,146,245,210,255,1,117,26,189,96,222,93,249,186,10,180,
207,219,133,136,80,54,125,121,69,71,211,118,59,146,87,180,166,26,182,155,10,231,2,110,52,
162,103,89,67,91,152,128,136,151,68,215,131,101,170,104,226,168,27,20,108,237,66,132,246,153,
210,192,116,250,71,202,134,223,152,62,144,56,150,102,149,248,125,203,78,175,162,97,132,140,206,
90,168,142,227,74,71,16,203,155,82,62,235,10,166,44,254,129,149,177,28,122,255,159,169,151,
202,209,95,13,255,150,48,15,79,246,114,3,132,171,238,14,179,71,220,157,32,38,238,174,189,
192,65,10,111,147,33,242,23,92,20,78,166,0,217,21,212,191,0,205,163,177,28,35,95,175,
68,1,31,170,236,136,201,193,197,108,50,55,215,117,195,111,54,202,56,43,179,182,174,213,186,
69,73,40,37,41,217,80,154,178,8,9,209,106,196,180,26,156,135,246,134,50,177,96,25,232,
234,39,234,216,50,93,97,108,66,172,95,191,204,52,104,184,74,213,4,133,143,196,123,106,102,
255,21,65,199,201,54,58,144,212,134,224,212,133,78,179,237,105,60,121,247,179,164,168,130,29,
51,135,236,200,17,124,136,184,47,239,80,69,46,84,26,253,230,138,123,153,91,40,56,68,27,
3,35,81,159,242,96,164,97,183,5,79,108,182,151,15,51,51,44,174,236,255,54,253,21,14,
153,50,184,232,214,70,56,176,6,26,105,80,233,79,211,65,58,118,87,127,90,36,233,144,210,
95,48,106,164,208,146,135,235,245,79,225,239,167,48,187,159,80,94,28,64,201,211,131,124,119,
38,239,55,204,110,244,210,209,29,150,42,24,97,76,61,100,59,119,86,9,177,202,158,32,56,
142,106,59,136,239,31,66,58,21,234,134,61,35,224,252,17,253,69,20,62,211,149,97,42,201,
70,156,167,8,193,17,217,237,155,237,44,83,72,211,143,132,153,9,245,216,54,7,217,139,202,
77,86,63,241,158,66,67,167,68,239,38,214,177,133,216,55,125,160,124,204,163,97,103,39,87,
240,194,199,62,255,114,248,161,168,21,184,209,163,252,42,59,102,217,21,114,208,88,157,131,217,
131,13,68,64,39,163,120,80,74,93,213,195,31,75,60,159,12,173,226,30,174,155,81,153,203,
232,123,46,218,166,123,164,248,182,108,218,193,226,9,189,252,96,168,163,49,245,65,240,99,139,
10,130,211,154,171,51,70,86,81,225,176,144,92,37,141,40,1,86,80,122,81,108,215,97,29,
84,221,173,194,84,173,141,170,239,63,219,245,35,249,163,116,227,101,154,163,120,15,144,188,222,
180,111,230,103,88,124,191,109,213,26,208,210,225,112,86,168,220,29,37,160,83,25,0,216,159,
93,197,153,97,104,223,213,141,93,38,12,29,163,102,202,203,213,35,101,112,111,0,3,7,56,
48,29,244,81,250,206,95,98,238,59,144,28,160,93,21,120,206,83,173,33,69,202,228,44,60,
181,85,146,252,108,163,251,167,79,242,217,9,169,78,154,147,0,106,211,238,76,192,54,77,240,
131,93,112,119,91,52,149,26,228,190,7,100,52,200,80,230,33,226,110,245,172,233,121,82,138,
34,28,230,230,55,16,125,114,176,11,62,189,235,35,85,4,56,1,179,231,216,6,80,47,247,
35,46,4,65,55,105,229,39,34,248,175,72,34,58,208,209,244,105,39,220,121,92,229,51,226,
158,217,19,189,116,24,230,125,151,31,125,71,54,114,135,93,4,70,166,129,244,201,151,102,28,
131,222,235,79,22,82,123,81,157,66,84,21,253,79,198,187,18,137,4,212,62,86,90,198,183,
175,230,138,77,115,36,182,79,239,159,241,162,62,91,157,124,78,77,6,187,133,209,223,90,36,
54,197,113,124,230,167,101,9,116,37,179,31,162,54,25,245,16,221,43,180,60,45,187,114,189,
21,148,75,42,219,182,38,223,114,226,207,233,80,61,7,43,143,185,126,242,0,119,202,68,29,
193,60,97,149,30,94,112,250,20,130,152,153,185,219,28,68,178,242,131,58,119,218,71,230,107,
59,143,83,239,53,132,254,166,104,57,55,148,75,112,9,148,24,101,23,42,66,185,232,217,140,
45,161,155,134,45,67,201,68,146,222,169,72,241,181,206,182,246,235,168,184,90,203,13,51,116,
220,165,18,35,130,144,209,90,60,75,107,131,254,214,160,129,119,186,72,176,177,251,212,150,130,
93,238,94,220,233,90,57,21,1,55,142,94,215,62,169,233,70,213,114,88,162,50,198,90,48,
41,210,108,23,141,55,137,154,94,53,217,216,79,185,32,129,232,219,115,248,15,2,54,21,3,
70,79,20,78,82,88,169,207,45,180,95,83,204,220,76,136,120,67,145,148,76,228,89,232,138,
188,168,42,101,157,236,24,249,133,42,87,247,147,211,49,200,87,123,123,39,226,95,123,124,145,
105,251,111,82,48,51,101,143,169,112,198,123,190,73,205,166,100,62,92,198,186,199,98,38,240,
67,154,139,1,30,144,158,45,194,144,116,32,103,82,9,248,208,213,154,147,247,74,36,184,103,
42,164,239,6,125,104,125,164,168,212,173,150,166,23,111,3,161,122,156,118,171,137,198,12,104,
180,204,102,221,173,153,79,198,190,255,217,158,231,99,160,40,122,102,93,211,124,233,23,113,37,
239,169,96,97,30,253,41,84,178,130,30,184,156,156,99,240,177,102,148,157,93,237,136,246,102,
187,13,102,53,233,21,92,35,104,146,33,195,197,149,157,112,32,207,40,219,124,11,230,94,142,
122,179,47,165,156,128,154,42,13,168,141,65,203,240,74,214,71,229,160,210,9,216,14,203,233,
166,234,245,159,101,84,215,85,150,206,100,208,130,28,96,41,235,243,116,130,179,21,235,132,145,
251,41,191,245,14,230,71,64,101,125,89,252,88,48,88,32,245,159,166,231,197,166,102,167,80,
5,215,178,106,255,10,58,230,188,248,80,102,88,17,19,97,92,220,9,66,197,55,122,109,178,
215,209,117,252,209,221,31,147,120,59,11,216,59,21,116,8,104,27,24,15,255,57,181,102,45,
254,74,94,36,149,132,2,112,134,187,113,78,96,42,70,98,190,28,236,187,78,219,5,198,5,
62,32,207,159,163,166,217,134,248,14,43,48,112,155,7,182,231,154,115,45,237,117,143,107,121,
151,225,148,201,23,132,167,212,81,183,23,134,86,175,58,125,204,135,0,245,78,236,128,43,39,
116,7,149,152,62,142,139,186,53,94,16,75,95,88,209,216,130,24,120,68,40,75,221,120,237,
130,208,62,192,51,8,6,252,197,28,46,204,53,187,74,155,234,70,118,245,84,101,150,148,181,
246,230,236,202,37,30,220,42,142,202,255,58,176,76,132,131,187,203,96,25,186,150,178,188,81,
26,67,194,234,195,83,143,109,24,3,112,96,35,7,154,180,240,106,54,188,58,105,153,52,194,
176,138,67,167,23,241,141,39,241,137,14,160,254,202,4,15,34,94,100,3,53,125,154,9,173,
40,138,215,193,213,231,12,77,78,224,229,198,44,76,191,210,242,194,12,206,97,51,160,96,136,
29,202,172,9,27,128,85,28,64,152,190,179,88,107,157,209,38,50,44,210,82,189,97,33,143,
59,116,132,152,118,95,14,71,77,149,232,244,231,84,156,68,0,90,60,181,92,14,224,59,82,
207,251,225,121,242,9,199,77,197,184,56,15,224,149,215,12,84,114,15,39,139,40,27,148,138,
104,36,114,84,11,120,127,195,66,189,131,2,175,92,229,251,81,167,171,68,5,219,130,10,118,
113,28,66,146,76,235,211,238,119,169,67,131,248,252,252,147,110,105,43,238,48,127,184,221,47,
102,147,98,15,177,47,129,174,143,85,11,169,10,14,111,66,231,17,135,170,63,215,143,194,107,
209,110,5,235,153,165,199,219,14,40,96,57,188,159,251,126,137,244,223,165,218,94,221,44,172,
132,227,166,38,0,234,68,179,70,231,22,155,38,251,207,191,88,181,156,249,163,116,110,184,139,
219,154,240,71,203,161,144,73,203,119,55,193,255,191,98,160,228,31,133,222,62,102,116,68,203,
143,228,148,191,130,13,36,212,175,131,224,206,15,119,108,57,16,133,187,33,76,144,22,212,234,
185,104,39,27,208,44,147,2,195,220,47,222,122,66,126,98,78,167,228,71,76,165,5,5,110,
197,14,23,39,106,201,64,242,188,175,186,0,33,83,75,22,22,156,236,62,56,162,142,159,66,
66,174,148,175,184,118,91,46,86,70,135,19,196,52,190,165,53,206,50,27,10,212,48,164,167,
245,216,12,207,58,201,30,156,189,141,134,157,219,227,50,89,104,191,215,104,121,45,75,23,152,
154,215,19,181,48,152,10,34,185,227,90,186,115,172,187,7,90,129,23,253,51,149,252,115,14,
207,53,97,234,171,81,210,75,237,71,251,242,77,107,155,25,95,241,44,115,177,91,80,183,185,
104,97,247,117,6,176,0,150,215,171,196,130,2,118,249,162,123,133,254,88,45,240,3,229,173,
130,189,2,60,61,104,234,149,192,105,197,217,78,171,206,195,94,250,154,152,55,242,19,153,234,
143,26,171,188,153,50,65,249,118,57,187,210,69,243,250,116,70,46,50,245,92,92,35,189,196,
33,171,153,31,68,186,121,171,214,130,219,126,48,61,47,85,166,103,4,61,119,253,4,62,146,
254,134,63,16,196,51,79,132,128,71,189,220,194,242,202,35,216,60,195,27,238,203,176,81,55,
15,96,193,254,120,166,21,39,247,33,215,13,177,29,27,62,210,15,49,233,175,84,252,215,95,
96,103,117,12,113,26,248,166,42,216,180,134,123,158,74,239,20,243,236,223,110,236,147,64,32,
121,57,97,120,158,182,57,94,32,138,211,140,220,190,110,51,228,79,187,255,189,175,143,76,216,
67,121,227,43,200,219,7,34,132,51,126,45,51,106,151,184,29,195,19,61,101,3,164,208,90,
14,154,222,50,76,72,147,145,170,58,80,180,195,245,166,154,143,16,20,182,234,186,107,28,9,
161,98,61,169,246,24,136,115,112,156,126,118,75,190,136,194,132,115,206,112,105,107,31,47,13,
29,172,160,244,52,205,210,28,117,186,234,111,92,42,77,73,190,253,143,172,40,34,240,176,172,
53,86,155,48,60,167,41,193,141,161,165,233,239,14,178,179,3,55,28,60,181,210,221,220,99,
240,141,165,84,119,68,255,249,162,163,197,124,14,223,189,152,137,186,244,200,112,94,249,97,186,
102,151,136,84,153,54,41,81,100,238,203,220,82,52,185,116,138,92,108,22,200,52,206,9,145,
219,60,67,70,37,43,232,119,201,176,189,212,114,42,11,193,23,74,70,218,197,43,169,194,224,
13,237,245,220,124,230,226,167,132,4,219,134,195,27,175,22,178,22,122,184,100,17,153,107,199,
49,240,146,120,177,111,103,153,220,172,65,107,134,17,202,205,127,87,207,159,45,82,188,182,183,
151,62,86,131,126,123,208,185,55,32,171,172,228,183,77,197,21,184,226,11,88,193,251,38,41,
232,23,149,61,96,121,173,5,5,252,64,109,62,27,61,152,172,29,225,123,185,102,135,172,196,
219,84,27,109,246,110,17,27,63,206,124,46,49,72,118,121,15,132,67,255,31,217,247,125,82,
140,53,93,213,92,249,35,74,62,86,37,164,184,248,105,249,184,60,255,32,55,57,94,167,143,
132,89,59,61,23,255,39,52,1,26,72,116,48,65,165,223,138,115,171,35,142,100,168,74,163,
34,120,26,96,216,110,99,24,23,99,105,244,159,136,105,99,171,88,252,36,49,116,174,96,108,
28,163,158,172,56,171,45,22,16,37,53,222,64,33,96,82,73,182,178,95,149,227,25,237,179,
224,43,52,121,21,165,52,65,78,113,92,251,64,236,215,133,2,120,82,60,93,26,201,215,187,
137,177,159,29,0,7,180,43,4,182,151,20,44,192,95,76,101,63,206,17,216,191,211,3,208,
13,163,87,121,199,90,226,140,217,223,16,176,20,129,169,174,15,67,178,166,74,149,118,5,4,
19,140,216,95,28,122,231,177,179,62,14,149,251,138,210,110,186,220,238,161,145,103,133,54,152,
161,130,139,52,66,76,23,79,190,154,168,214,222,71,201,88,136,7,117,117,2,137,196,195,105,
178,154,68,216,224,143,43,213,150,186,86,54,22,147,37,35,250,16,163,8,104,181,68,79,98,
146,89,208,224,190,132,112,246,132,152,76,91,245,100,116,172,95,81,145,183,116,94,55,177,194,
228,164,247,74,61,145,101,117,17,248,151,241,179,108,88,240,242,158,234,61,51,155,176,57,88,
72,6,38,29,48,188,112,41,98,120,26,139,171,31,242,235,176,7,29,33,216,197,50,40,43,
76,103,253,203,140,28,25,150,147,162,36,11,119,3,98,168,209,163,212,58,115,159,214,23,130,
243,252,1,208,187,236,251,117,211,186,46,155,112,100,135,37,68,20,204,129,159,206,108,94,72,
96,114,60,135,114,120,44,100,60,205,199,91,164,59,43,203,10,216,216,94,188,134,150,163,18,
69,144,137,10,157,39,148,131,36,70,114,227,148,122,6,34,179,176,71,29,222,34,221,79,80,
221,153,195,73,226,90,152,161,80,219,202,206,48,16,230,251,254,8,111,125,231,197,32,15,151,
209,5,191,25,126,11,1,199,56,70,240,66,39,191,87,34,216,143,111,207,219,10,181,245,76,
146,103,165,235,151,47,47,185,91,179,227,229,74,141,221,157,2,57,84,248,203,163,156,228,57,
194,52,164,212,106,68,74,204,247,231,84,250,251,55,52,241,10,118,91,234,229,223,138,13,6,
170,9,39,71,220,138,80,105,50,113,102,67,187,193,52,158,1,19,184,254,193,194,179,165,173,
183,195,150,36,78,82,145,217,106,157,254,162,182,64,78,14,175,30,35,32,234,225,228,114,26,
94,130,36,180,243,135,53,232,54,126,27,17,166,77,28,107,135,186,169,24,95,147,63,89,22,
247,193,9,180,66,216,127,12,190,236,192,222,247,161,141,117,143,86,49,148,50,236,103,99,215,
202,249,52,16,170,45,9,121,135,97,5,185,87,3,114,30,210,169,177,36,62,197,210,228,225,
50,0,120,101,31,240,145,0,220,81,43,181,181,215,78,196,85,247,163,154,67,254,130,0,255,
230,168,177,128,23,56,168,155,90,130,14,115,229,0,58,240,3,153,5,37,15,138,195,85,17,
100,144,184,238,135,143,52,9,67,116,129,124,219,206,116,253,62,154,177,7,236,98,89,70,172,
253,91,200,99,197,143,57,63,4,146,0,236,154,190,75,209,74,73,56,193,255,149,15,158,91,
117,54,227,163,126,111,87,59,187,34,3,212,2,178,184,224,80,216,239,90,207,163,249,213,211,
174,32,68,210,92,55,147,80,87,76,117,153,227,17,63,251,242,71,8,185,45,193,168,133,11,
229,248,131,71,75,237,204,84,195,81,81,51,89,237,110,75,100,27,66,54,254,241,21,178,130,
246,62,195,121,233,7,85,112,141,241,53,99,176,22,166,224,45,189,149,203,43,206,85,201,163,
51,50,145,249,166,187,112,210,32,164,227,14,225,250,15,34,198,237,140,184,6,152,138,101,209,
220,134,41,100,66,120,29,173,16,136,23,129,196,182,35,85,110,241,179,89,198,178,64,97,130,
73,136,195,229,217,242,121,88,160,94,195,25,228,21,167,25,239,173,236,155,107,244,178,181,32,
87,167,131,9,89,155,66,170,253,150,27,126,18,23,156,250,231,89,230,152,29,203,11,169,110,
68,160,245,66,120,71,217,188,123,223,114,111,109,115,114,152,8,97,24,150,233,88,182,40,178,
80,207,31,185,87,206,21,246,192,81,252,24,77,131,182,119,35,46,171,203,233,74,144,45,211,
43,25,124,130,16,109,83,232,84,253,19,17,176,100,208,58,170,182,39,124,19,138,13,241,142,
214,77,69,157,92,190,70,13,194,189,190,225,155,172,160,115,84,243,176,33,95,236,59,15,78,
240,22,47,227,224,155,200,69,29,228,7,8,17,230,120,135,1,239,158,133,117,73,148,20,151,
171,178,162,163,173,239,187,173,37,93,108,113,169,136,216,162,179,231,173,74,64,136,177,184,62,
175,28,162,239,244,138,76,89,220,154,39,116,185,135,200,124,191,21,212,215,136,204,175,107,243,
251,42,171,20,24,31,25,117,114,41,213,188,26,249,85,21,129,89,158,221,193,72,17,200,3,
7,181,46,113,143,164,240,112,223,114,238,248,75,241,178,31,26,154,88,194,118,206,76,183,228,
33,143,99,130,70,184,6,217,150,57,113,15,94,188,207,96,15,110,183,182,69,74,61,45,191,
227,236,100,203,92,59,78,164,113,200,107,147,244,75,41,67,70,158,127,14,231,25,219,74,209,
116,193,225,33,2,91,149,173,213,46,227,227,17,212,218,9,237,125,77,171,210,203,108,79,208,
62,95,70,20,92,33,216,41,178,72,40,152,175,219,2,109,160,164,67,76,161,255,15,22,217,
111,163,241,245,144,231,74,188,192,180,220,231,80,80,213,30,57,193,102,132,2,116,34,56,21,
239,14,247,182,227,183,255,85,237,183,62,244,233,30,109,158,76,243,28,196,183,63,121,61,124,
68,251,253,120,210,167,156,12,248,15,245,6,157,85,12,81,123,55,4,55,251,65,243,104,41,
126,13,198,2,241,211,224,125,126,252,208,37,214,143,7,150,82,31,11,162,154,250,150,202,19,
184,244,134,189,69,95,34,38,160,112,95,22,182,93,244,210,92,207,211,229,33,135,192,208,31,
48,156,194,60,167,227,51,66,200,120,16,153,141,209,252,192,46,35,148,6,49,176,225,44,126,
6,117,132,113,211,201,96,165,166,239,83,127,220,161,207,165,123,181,201,159,168,219,93,4,87,
6,80,55,158,190,117,113,68,20,221,80,85,72,124,221,109,147,162,41,254,164,255,51,214,77,
212,102,5,230,108,161,54,206,163,75,203,163,210,33,26,25,16,241,5,192,63,135,199,128,145,
13,129,250,228,72,157,160,95,138,112,190,207,37,246,14,123,102,90,196,143,40,15,81,209,227,
174,174,72,62,178,205,24,255,173,63,20,211,114,161,55,196,59,50,104,189,51,243,42,24,75,
118,50,7,146,207,140,245,58,202,172,234,144,190,131,114,238,116,201,110,87,114,244,50,57,180,
115,77,237,73,121,12,171,187,95,54,149,199,241,15,124,20,124,17,177,155,155,81,106,132,81,
112,243,115,233,99,49,121,253,245,184,152,79,205,1,180,227,150,222,14,109,138,243,186,238,124,
186,178,135,102,165,251,51,180,197,190,70,19,95,242,233,54,100,8,139,189,244,200,186,10,167,
92,178,68,244,235,68,136,170,249,172,22,105,246,164,102,171,3,156,7,127,151,35,176,253,140,
74,15,181,53,162,170,60,227,90,67,218,134,69,244,76,55,141,27,96,157,213,61,229,112,6,
178,137,12,218,105,119,89,142,67,200,248,204,135,255,158,49,46,86,246,57,24,139,90,145,218,
188,180,108,145,149,22,50,33,113,197,0,114,207,218,183,243,231,192,192,200,27,47,235,198,23,
234,111,223,239,183,32,226,77,212,31,15,29,163,121,207,98,130,68,164,252,32,179,127,117,168,
155,138,24,255,161,54,171,248,18,134,248,174,124,92,255,63,237,222,247,229,251,31,80,8,25,
185,243,59,209,82,30,132,66,222,116,225,222,101,13,9,183,225,84,40,165,199,129,70,115,39,
49,185,175,156,255,65,129,40,222,56,197,195,193,64,229,69,131,74,205,117,25,13,161,31,41,
50,108,91,160,93,214,223,138,249,1,241,95,114,35,227,42,60,197,90,40,206,62,100,170,158,
58,134,214,123,28,17,143,76,120,90,176,231,49,20,50,86,208,157,118,179,157,171,104,46,87,
165,120,65,240,25,150,110,64,146,167,232,18,92,183,144,37,6,155,130,185,201,204,212,5,145,
225,73,132,117,103,189,216,204,176,147,144,78,164,3,4,77,167,28,3,242,14,43,34,239,96,
32,117,245,223,69,22,42,57,215,100,54,109,7,210,142,231,139,13,200,19,60,4,13,83,58,
175,188,84,55,54,99,132,84,168,83,158,221,82,77,3,43,6,121,39,115,154,140,144,165,35,
198,184,54,165,188,143,203,250,119,234,190,174,170,182,196,161,184,198,108,108,127,227,144,211,52,
128,230,221,101,140,125,225,229,176,229,206,221,57,225,52,142,0,139,105,51,37,130,247,10,78,
242,52,171,148,238,109,122,161,137,240,45,58,19,36,172,71,24,124,145,56,160,96,118,191,66,
26,60,239,215,154,52,45,207,105,181,46,29,111,184,241,111,26,131,211,175,14,108,70,48,16,
19,37,67,198,35,85,171,35,203,99,24,37,244,210,26,56,134,162,86,106,55,1,70,195,213,
14,186,51,208,254,62,121,163,121,131,91,235,131,159,136,225,173,162,68,185,61,246,179,134,37,
139,37,21,14,220,72,232,213,254,243,84,122,201,90,163,139,59,165,226,217,222,251,78,255,194,
216,201,95,215,72,237,125,11,10,87,10,159,47,171,42,39,220,237,23,223,27,190,160,166,26,
21,106,136,51,7,115,23,111,126,81,123,122,58,134,28,59,121,94,53,239,74,49,219,226,192,
244,103,187,252,124,163,9,17,243,254,231,23,3,184,22,56,188,181,166,143,147,13,95,91,218,
224,218,57,63,60,79,19,12,6,224,4,128,75,217,67,178,198,169,85,175,225,140,92,75,24,
28,25,245,9,232,193,102,56,132,0,248,154,150,4,26,201,140,68,97,254,247,152,236,173,95,
51,147,231,134,127,96,39,197,17,67,99,24,180,7,102,135,113,128,139,118,233,157,184,65,115,
2,122,87,199,155,180,69,254,168,203,172,180,28,13,44,33,3,122,31,229,1,21,200,75,104,
99,250,25,9,38,164,76,88,174,251,110,82,106,4,193,244,159,18,208,134,62,186,178,8,129,
107,241,218,22,194,84,106,158,69,6,202,90,140,209,91,207,217,229,69,252,215,149,179,59,128,
64,43,140,189,196,223,86,209,43,73,11,39,66,38,253,179,196,125,193,160,185,134,147,249,7,
225,103,154,124,212,197,5,110,228,46,86,179,49,232,244,114,228,11,112,12,116,255,172,86,148,
54,217,85,45,78,55,139,191,195,6,195,236,69,227,139,251,183,12,134,190,76,146,71,5,159,
204,5,144,39,16,92,13,235,229,217,249,248,114,32,128,15,133,143,20,84,233,241,101,125,83,
183,185,18,135,4,118,103,166,124,97,69,236,236,240,7,87,73,31,127,175,244,128,125,196,136,
154,53,238,6,176,110,242,180,244,215,138,79,242,0,66,39,136,97,17,58,6,198,102,47,87,
68,115,87,185,47,250,108,108,155,244,87,191,106,239,159,41,128,155,15,220,164,179,85,176,194,
101,159,49,188,73,234,222,247,222,125,158,175,88,123,111,215,86,239,77,177,24,94,225,54,236,
36,111,175,202,246,142,111,104,35,125,86,67,231,174,97,24,120,136,187,37,235,204,143,231,60,
93,62,31,22,237,236,120,144,234,125,206,44,139,54,179,64,10,134,246,89,63,188,101,229,28,
44,228,181,55,117,113,46,19,144,50,147,127,166,54,206,41,132,69,30,193,65,213,127,199,90,
67,50,184,75,117,248,154,234,39,78,166,50,174,214,217,212,142,157,253,142,207,2,167,81,58,
186,44,223,40,39,61,84,38,243,251,6,195,249,155,254,46,201,224,174,196,46,190,88,199,185,
175,206,207,6,33,58,105,181,156,15,136,59,242,202,47,64,106,141,44,197,18,246,186,87,206,
56,230,88,204,225,223,79,31,49,185,16,223,134,240,181,196,22,63,108,91,80,35,180,73,193,
68,78,220,191,180,4,66,35,148,44,221,186,224,180,33,92,10,126,78,134,221,134,185,88,199,
40,141,178,24,247,245,70,146,207,212,189,221,201,214,97,154,205,57,92,1,85,251,116,60,64,
176,90,56,252,77,29,227,94,182,77,240,84,50,53,128,217,31,158,68,214,98,151,95,155,168,
9,217,49,154,20,202,194,29,105,69,32,82,116,119,101,162,187,91,35,126,245,80,90,10,33,
178,42,97,206,176,163,221,219,226,78,112,92,246,210,14,245,41,159,135,238,45,40,46,187,172,
175,61,58,131,153,199,163,77,148,83,218,70,181,79,188,139,170,66,223,216,2,21,32,227,61,
50,88,14,112,197,197,72,35,26,11,88,139,6,86,141,114,85,152,11,177,131,123,90,190,30,
175,112,221,217,72,119,146,224,145,137,48,126,61,202,174,0,125,107,104,177,190,126,10,113,147,
238,156,169,161,32,2,147,79,93,30,32,110,39,142,102,155,235,114,240,51,184,14,234,77,101,
103,189,43,92,219,197,231,55,80,44,145,213,106,154,179,244,0,65,40,251,24,236,199,112,35,
84,198,18,137,58,43,201,1,150,209,140,212,223,37,90,131,47,23,41,102,88,165,152,10,115,
198,127,32,222,46,110,234,180,29,33,186,247,220,142,205,102,43,181,162,58,221,98,252,30,150,
245,208,42,4,176,82,191,53,245,116,51,187,207,223,206,218,210,106,139,197,172,151,186,77,76,
34,25,166,224,185,230,23,180,90,32,108,30,20,205,127,66,70,197,62,38,151,96,24,186,190,
117,126,151,43,177,201,79,174,162,23,193,196,61,238,107,221,156,116,85,131,99,222,79,253,125,
147,109,159,171,54,117,27,250,0,102,171,255,77,143,20,25,42,6,62,107,246,213,25,208,181,
56,149,74,111,252,94,97,239,150,129,214,252,103,223,120,158,51,13,230,55,79,101,122,144,84,
215,186,179,237,27,52,208,145,83,142,125,59,204,149,113,192,219,65,239,101,48,217,140,145,144,
148,212,70,221,211,197,87,9,226,206,76,119,22,4,16,120,22,105,204,113,169,144,178,207,196,
148,168,230,24,136,85,79,74,84,159,208,193,53,134,73,3,247,54,191,31,18,186,191,105,94,
203,212,182,227,150,125,27,157,114,224,122,96,220,227,45,119,110,213,13,93,146,107,229,228,209,
180,177,44,153,93,61,0,74,118,243,198,4,6,61,195,226,88,136,208,160,180,222,136,90,232,
106,21,75,185,246,72,55,95,212,247,156,29,153,92,246,132,181,167,168,83,241,181,223,217,66,
25,144,84,127,50,254,248,178,33,246,151,25,74,157,125,207,82,181,253,188,220,255,232,160,89,
177,128,181,81,131,53,156,98,71,100,223,105,116,52,8,145,205,71,23,138,44,119,19,163,89,
62,190,4,87,86,178,94,116,221,23,82,13,185,33,111,129,64,146,226,84,147,236,8,205,211,
40,213,10,236,55,190,214,4,123,17,212,42,152,150,94,143,43,114,127,165,62,183,210,228,235,
152,154,102,109,141,123,123,24,245,62,6,236,54,96,221,199,169,174,232,237,133,149,60,26,184,
88,74,113,34,119,143,178,182,253,5,246,233,237,78,223,26,153,90,50,137,171,140,106,11,231,
233,165,216,65,97,236,119,122,194,11,175,246,103,160,65,46,218,150,106,164,175,238,155,178,58,
28,238,191,214,110,190,103,6,204,45,137,231,38,95,27,147,59,169,98,232,135,117,22,229,175,
26,199,27,246,247,101,77,27,82,136,140,116,125,119,85,62,221,172,107,217,113,161,57,246,235,
121,215,11,160,212,57,188,221,71,225,189,53,30,165,30,158,39,169,122,165,215,54,114,41,144,
189,104,71,23,174,200,81,53,215,255,220,63,157,79,81,123,51,133,25,172,226,64,67,149,254,
159,78,150,110,105,116,54,237,73,125,19,186,6,231,23,217,133,178,120,93,153,188,99,119,24,
140,30,167,120,118,33,88,185,125,179,71,193,227,1,109,56,194,227,175,51,190,15,138,131,243,
169,67,231,168,97,140,121,236,182,30,119,73,154,229,124,132,52,226,98,117,136,212,139,66,80,
162,29,215,90,56,137,40,138,71,226,60,205,186,13,44,126,82,107,74,146,73,167,251,129,15,
148,16,29,211,241,57,128,82,184,46,223,128,147,51,189,138,27,13,104,51,109,128,143,140,123,
108,38,21,140,27,183,149,164,182,238,177,210,59,177,29,62,180,59,239,254,163,157,142,138,64,
206,22,95,17,106,98,58,145,244,50,164,3,247,75,97,65,34,101,70,125,17,160,186,190,42,
5,90,75,61,13,170,157,127,122,150,234,124,133,251,81,185,149,110,7,177,9,176,7,138,198,
230,12,89,123,161,0,80,248,123,92,255,232,94,14,147,48,7,94,233,167,12,33,58,99,94,
27,176,202,158,165,94,51,99,149,65,237,173,206,84,219,184,239,196,105,151,43,50,205,113,71,
55,52,200,74,176,65,54,27,94,126,240,5,239,197,80,106,174,141,201,88,118,9,187,14,167,
1,216,76,217,227,181,166,79,128,158,153,157,172,83,182,182,66,89,181,56,127,73,181,224,94,
209,50,180,70,53,4,158,211,104,63,55,74,1,253,28,185,162,3,61,120,231,183,202,181,103,
6,179,245,173,49,110,127,249,217,139,238,114,206,16,112,52,57,208,202,161,187,182,192,249,182,
126,87,134,35,221,214,62,112,42,223,79,56,216,8,147,31,39,175,3,68,151,121,61,238,243,
252,102,179,183,237,149,137,154,113,176,253,94,199,123,80,14,105,8,174,212,110,236,94,207,122,
210,91,211,76,53,130,164,231,19,42,124,93,60,101,28,212,181,191,197,20,91,112,127,150,185,
210,69,30,151,19,48,91,180,50,67,61,143,207,120,187,79,119,42,125,213,237,223,190,62,232,
228,40,107,13,253,39,45,240,240,17,135,193,203,115,46,51,123,87,122,219,171,83,157,238,69,
126,176,217,154,248,169,192,77,159,102,230,34,74,180,81,40,89,154,26,231,219,191,64,249,39,
207,62,124,223,198,231,233,118,147,215,178,109,50,223,247,204,142,54,77,229,43,200,138,60,90,
146,68,171,195,66,248,131,110,243,33,52,175,241,86,117,39,204,1,21,115,41,170,228,16,210,
57,194,74,52,197,223,98,235,118,29,85,161,86,19,149,107,10,127,62,10,72,81,7,95,230,
98,233,15,165,66,232,220,246,111,93,186,11,204,175,20,95,245,238,97,87,164,12,225,63,164,
61,234,42,87,137,70,177,62,239,13,245,183,165,212,228,146,227,166,253,154,192,185,187,26,207,
214,34,69,230,252,247,26,179,247,10,41,31,70,108,52,25,97,142,200,67,223,98,100,236,205,
5,80,236,36,195,232,254,120,160,75,230,86,3,45,77,53,5,164,119,156,190,150,141,204,60,
54,11,186,43,4,220,249,185,210,178,235,232,228,153,203,173,124,50,127,124,30,49,167,222,225,
252,61,224,74,68,59,229,144,252,7,90,161,212,244,5,133,127,150,170,78,135,249,26,205,248,
59,157,19,187,138,133,138,106,248,70,31,232,122,56,74,21,230,250,101,66,171,59,104,169,80,
217,181,211,118,197,77,213,106,200,235,109,97,134,155,203,8,251,51,204,214,245,194,238,148,87,
143,39,191,175,38,153,48,20,240,94,0,217,30,146,211,185,7,25,99,204,65,35,217,7,250,
126,202,181,208,47,149,13,27,93,179,232,22,214,213,9,149,48,193,24,143,129,251,175,114,228,
237,10,245,42,91,123,49,55,89,211,80,87,47,92,179,12,38,157,196,172,231,35,59,226,222,
238,108,44,145,207,187,229,159,170,10,66,81,156,70,28,152,252,165,72,0,207,172,250,194,213,
195,129,96,32,198,185,86,8,223,174,145,141,239,165,64,0,180,74,78,121,25,25,188,200,184,
152,38,61,95,7,110,87,110,118,117,35,113,217,176,190,200,212,244,9,175,161,66,100,90,193,
198,227,196,197,53,195,4,42,254,204,1,235,83,59,203,173,216,166,174,100,157,209,56,218,36,
234,183,203,239,141,61,184,59,211,157,79,99,113,18,35,39,12,174,50,250,50,25,70,231,202,
139,26,26,2,154,125,181,201,203,56,66,3,118,103,19,80,104,71,98,62,112,44,126,184,60,
141,187,24,157,93,125,144,42,4,39,27,114,97,112,111,106,62,157,124,13,91,174,83,216,91,
123,55,143,110,40,100,34,144,195,48,114,255,155,211,146,80,81,171,110,10,19,202,206,62,188,
66,132,41,104,69,98,54,155,245,183,190,7,63,116,242,89,219,1,108,142,43,199,73,23,21,
229,194,28,113,200,210,144,204,217,188,254,147,174,238,37,27,206,222,81,2,112,207,70,73,163,
76,175,220,48,94,247,41,120,13,193,162,206,36,57,30,180,169,95,142,91,164,14,6,42,147,
223,244,6,221,117,246,30,144,229,192,38,150,76,45,253,216,44,133,152,67,233,202,45,48,4,
214,184,209,81,170,82,233,238,38,246,223,220,26,15,22,190,194,148,204,201,246,197,0,228,42,
81,49,28,160,67,65,17,136,236,30,148,163,91,228,111,123,227,127,30,174,195,198,23,81,146,
187,249,77,50,87,67,17,24,61,30,24,25,99,36,39,153,223,116,133,173,159,251,240,74,251,
173,183,59,156,231,181,71,59,216,194,108,102,69,146,117,174,171,235,228,133,111,118,213,204,147,
43,116,161,197,98,69,255,28,47,66,167,7,28,80,187,192,203,1,43,43,152,169,119,39,185,
219,120,242,42,14,17,60,130,13,194,103,32,137,76,85,81,44,232,149,149,92,146,86,215,135,
144,54,7,170,71,202,119,197,133,30,231,139,230,248,152,8,4,226,249,250,53,59,149,48,190,
39,130,47,34,131,135,81,137,54,11,87,198,68,77,100,54,115,174,164,245,146,167,80,25,7,
227,133,140,145,161,117,147,95,54,5,64,70,210,140,23,242,160,42,60,103,86,30,133,99,6,
102,225,91,191,102,39,168,110,191,149,169,251,50,248,218,218,90,241,223,77,13,42,101,158,254,
26,117,200,169,214,145,252,64,153,87,173,34,109,178,211,133,61,113,167,188,214,112,199,41,112,
5,218,224,57,183,233,83,204,82,38,223,51,43,179,136,116,74,234,231,48,96,92,24,12,0,
168,84,177,86,122,169,149,146,116,242,91,66,62,186,194,16,19,168,135,42,49,158,204,166,123,
116,18,108,173,243,44,57,61,31,160,57,227,188,215,137,1,254,220,54,201,41,123,200,20,127,
113,140,166,59,91,239,17,137,185,17,157,214,2,180,234,96,162,191,34,60,224,45,223,146,66,
83,131,209,54,199,174,213,62,80,213,26,209,117,4,131,97,43,231,130,187,54,222,137,149,243,
60,209,146,158,76,183,112,248,189,44,15,251,180,145,170,69,246,204,214,234,159,61,235,242,252,
129,27,51,148,204,110,102,172,37,226,88,156,66,162,201,19,70,238,173,90,244,206,87,91,56,
39,50,216,203,83,244,90,204,46,247,22,105,224,95,79,1,46,137,200,86,219,84,53,209,240,
254,7,223,177,4,114,105,161,75,106,153,127,94,80,143,135,89,203,170,210,40,44,97,152,141,
63,245,188,147,165,163,32,119,71,236,65,172,252,169,215,64,69,245,115,63,41,59,181,223,168,
91,254,56,145,192,19,184,139,78,52,180,40,185,31,159,214,235,41,139,123,226,9,48,55,199,
77,186,239,233,118,155,214,12,89,222,185,65,85,11,218,113,157,201,92,229,44,198,86,85,189,
249,198,68,9,185,209,57,122,136,223,230,83,75,229,108,102,210,88,68,81,109,136,125,67,128,
143,130,76,180,169,109,207,188,236,26,166,181,237,188,6,82,126,185,121,106,202,62,91,201,234,
148,77,143,175,186,70,121,170,133,77,60,68,52,158,213,10,90,142,131,6,176,198,84,247,169,
237,75,82,143,123,58,26,178,97,241,79,239,138,38,3,49,136,64,83,70,163,25,170,220,34,
132,25,132,5,190,74,239,71,195,67,31,11,44,222,134,168,222,186,161,59,65,31,111,197,118,
13,230,28,158,30,4,75,72,111,197,80,33,239,225,87,189,134,252,201,172,207,88,193,123,199,
154,100,149,186,248,171,118,20,68,222,178,167,234,214,50,137,78,52,189,164,30,219,248,86,147,
92,23,61,20,5,117,71,26,45,202,69,46,249,69,47,146,118,174,32,68,52,242,230,67,143,
123,49,37,90,20,26,188,42,9,6,111,155,72,208,95,139,18,136,115,255,168,78,154,34,56,
42,170,224,94,9,91,83,78,47,24,45,150,33,177,59,254,175,151,138,227,131,206,148,226,86,
218,16,120,55,45,181,117,241,146,180,103,61,45,136,45,86,63,234,197,58,234,183,210,68,6,
23,192,195,236,252,222,179,193,153,35,177,32,67,43,197,233,11,218,117,190,250,208,36,14,129,
132,74,157,170,49,223,132,163,69,22,27,29,173,246,178,134,221,50,85,73,76,154,255,0,9,
66,146,35,173,144,178,181,159,150,87,61,162,158,186,161,115,193,20,164,60,65,67,87,223,65,
56,247,188,32,46,123,30,231,101,60,105,24,54,39,145,252,184,148,108,223,216,182,61,116,196,
91,55,212,152,179,196,66,50,197,188,152,54,37,80,124,250,92,1,255,170,71,103,183,113,63,
238,189,1,37,217,5,62,186,62,205,95,83,7,20,41,50,53,190,19,80,65,203,111,87,134,
15,76,163,204,22,226,53,48,108,184,182,148,67,143,207,116,102,54,193,233,152,142,161,40,156,
189,34,210,41,195,26,148,72,84,209,100,163,231,125,188,202,178,69,38,40,251,149,97,32,121,
165,133,121,160,76,14,82,131,180,247,50,251,22,109,55,193,239,182,45,94,112,17,241,47,107,
5,242,92,78,221,62,94,173,127,113,85,250,219,109,47,173,99,137,164,68,131,220,133,34,24,
48,53,117,54,250,44,194,169,61,144,4,133,116,200,134,143,178,225,185,52,2,179,156,91,160,
111,45,75,46,89,115,56,17,14,239,181,136,120,69,44,113,134,20,85,185,255,122,37,151,96,
154,119,129,185,64,68,180,87,42,92,220,253,83,91,26,108,99,76,184,30,210,147,78,40,211,
108,32,234,89,147,246,186,13,46,15,12,203,166,247,239,153,55,45,68,47,37,212,1,225,63,
53,193,189,247,99,94,222,17,14,223,14,149,125,54,106,146,32,68,71,189,157,42,128,179,159,
51,39,207,231,209,6,51,208,220,2,144,227,230,47,2,254,101,61,197,247,98,117,198,42,120,
74,130,250,174,239,83,101,16,220,140,113,163,71,246,70,239,3,181,18,60,57,2,11,51,172,
94,105,231,96,48,39,206,189,198,105,201,249,213,150,53,60,14,199,214,22,38,25,194,143,228,
203,45,6,54,114,165,168,172,0,175,134,197,166,168,182,93,23,63,255,84,37,156,57,167,12,
166,78,44,59,171,3,136,231,5,107,77,178,76,114,14,192,18,94,242,140,159,144,238,15,243,
91,49,71,205,252,226,182,185,49,180,114,236,51,95,149,173,18,40,239,47,106,254,45,64,96,
46,158,218,230,136,132,31,0,118,196,106,199,117,19,176,254,200,146,50,16,22,211,147,217,45,
218,187,16,136,133,83,92,44,176,178,182,24,138,223,140,196,124,221,106,37,9,202,67,139,33,
23,218,87,13,45,130,171,109,195,36,184,84,11,197,137,126,46,170,92,230,125,87,76,243,27,
236,227,126,111,51,50,234,87,51,237,150,80,63,86,112,3,243,12,191,136,133,181,164,18,43,
105,54,238,69,204,109,90,236,63,112,27,217,67,9,124,217,219,141,107,190,240,220,117,254,74,
231,110,184,247,68,11,153,144,11,126,218,107,19,2,174,40,170,83,46,43,21,7,102,202,227,
249,151,36,116,40,141,95,38,142,147,192,173,193,229,24,26,93,212,179,195,30,39,237,103,71,
188,126,60,138,210,252,76,106,91,24,204,205,87,183,246,101,74,114,94,62,137,52,190,93,183,
152,15,10,74,160,179,192,9,168,172,24,185,51,79,243,16,11,100,14,113,171,27,1,78,247,
25,207,27,250,100,3,232,193,115,195,52,158,233,250,62,244,14,136,100,8,25,103,72,182,51,
9,58,228,207,249,233,5,197,162,96,125,86,222,71,162,52,191,239,3,212,127,219,101,189,144,
155,88,135,27,225,113,254,186,242,65,155,190,78,91,92,100,210,201,244,83,8,35,185,144,237,
244,48,145,47,80,26,66,86,197,154,96,12,225,44,170,234,134,120,43,98,162,94,202,197,111,
166,62,122,100,112,42,49,19,179,21,109,212,97,96,216,195,200,228,64,103,154,251,138,111,170,
45,201,85,254,46,37,44,177,203,62,24,67,220,65,234,12,214,48,87,1,138,216,213,33,57,
220,52,251,140,20,35,37,88,162,154,204,53,61,205,114,137,144,186,198,193,188,45,89,40,32,
29,84,19,66,127,233,98,247,35,191,92,11,215,221,8,158,168,239,61,183,66,73,218,11,71,
248,3,133,76,104,230,85,20,234,63,118,94,151,74,190,86,245,44,12,147,176,37,32,121,95,
172,208,102,128,12,32,126,145,224,64,215,169,235,82,107,209,120,220,217,225,203,33,5,233,81,
53,217,147,188,208,243,25,244,68,43,117,186,56,22,34,6,74,228,102,22,209,47,199,95,2,
91,247,134,175,80,231,96,107,6,64,162,58,112,80,155,42,18,166,203,56,45,137,5,58,181,
16,32,132,112,166,116,164,111,173,118,243,78,181,128,105,167,226,76,247,180,181,116,176,17,150,
63,123,66,180,35,215,66,158,152,12,239,194,72,229,190,161,91,46,203,25,197,47,6,191,78,
211,215,227,169,191,43,224,187,229,248,211,86,242,251,87,17,37,146,230,128,212,250,158,135,38,
63,59,245,241,12,134,106,51,102,192,153,1,117,197,17,172,254,99,147,110,246,30,255,129,0,
192,131,101,155,239,64,38,156,70,77,52,4,157,239,86,129,140,34,27,176,180,205,165,12,15,
5,124,2,219,73,93,213,129,198,52,214,66,62,248,143,90,91,58,252,24,162,69,30,113,251,
70,183,252,221,96,41,215,36,86,222,167,161,99,144,89,7,100,23,178,251,142,162,116,60,237,
72,151,54,239,125,15,25,193,227,160,204,36,137,163,4,202,233,60,31,16,99,195,51,240,16,
110,190,71,85,59,8,63,196,241,232,88,246,248,75,169,18,18,193,241,252,143,77,2,90,9,
125,122,93,37,24,69,11,246,35,91,167,254,155,51,124,17,254,99,216,163,202,130,39,170,90,
16,222,131,222,218,53,128,230,227,98,23,15,177,244,161,55,129,149,220,14,124,241,228,38,211,
36,206,130,159,127,97,250,252,227,141,47,21,148,128,113,32,246,79,90,165,148,211,147,190,92,
123,158,115,165,104,88,137,208,103,165,187,214,72,251,255,189,207,120,49,180,68,147,122,124,236,
225,253,199,254,29,99,62,186,251,52,134,17,42,20,69,184,76,194,160,43,104,13,212,95,240,
45,71,249,149,204,128,15,240,233,145,216,85,213,139,231,50,193,88,45,22,29,133,149,129,254,
149,223,236,19,200,166,85,73,91,178,130,209,139,34,33,144,208,39,195,137,53,196,207,93,191,
175,166,15,0,222,172,239,255,177,49,34,54,121,87,194,212,77,63,110,132,41,119,152,78,102,
93,250,13,19,58,54,121,202,51,1,233,115,185,146,152,178,152,156,32,204,51,127,215,123,63,
93,86,103,15,236,127,59,199,79,149,143,18,10,70,31,53,40,35,88,241,12,153,27,74,15,
140,151,25,227,76,178,17,27,5,235,130,217,2,160,28,198,211,101,188,72,202,175,196,116,102,
14,225,1,248,105,219,103,160,53,78,34,220,209,116,45,186,246,230,130,232,138,135,225,176,130,
165,182,7,156,13,181,107,22,43,53,221,52,109,13,173,48,245,147,30,133,224,245,59,249,182,
211,248,153,54,219,67,241,253,214,84,197,72,11,95,18,71,95,210,135,152,249,138,41,129,126,
109,1,206,148,73,53,41,108,90,160,91,122,95,178,175,202,34,114,66,87,248,162,101,185,228,
34,171,89,167,35,16,118,43,95,144,33,227,207,114,190,187,100,187,82,96,239,114,246,99,115,
244,192,29,40,249,166,106,43,28,163,31,108,120,195,58,232,117,254,205,82,59,31,234,162,52,
7,85,16,237,161,85,206,106,170,160,170,143,18,253,101,9,32,155,63,51,60,146,156,113,12,
75,199,24,74,229,62,19,190,161,165,59,20,111,157,239,27,18,141,113,229,222,123,171,230,126,
175,139,163,240,56,169,187,225,237,153,193,209,125,201,117,39,106,75,242,153,88,34,137,208,180,
123,96,61,192,203,58,135,148,149,43,116,110,74,14,61,192,72,253,221,121,95,5,252,210,71,
3,251,247,137,102,42,65,7,100,27,31,137,160,153,122,78,200,35,37,209,97,249,55,164,204,
241,149,251,49,119,82,175,119,8,39,53,236,58,58,214,143,221,57,109,107,80,253,222,82,82,
32,251,86,208,171,106,206,25,115,116,33,200,201,160,227,245,91,26,174,216,20,114,146,95,76,
82,49,134,36,178,189,124,176,105,224,55,146,146,249,227,24,117,154,22,39,173,183,107,12,170,
81,15,147,144,0,50,134,188,211,101,191,215,119,135,173,87,136,37,92,169,208,10,98,199,180,
34,62,168,205,124,41,79,222,186,227,85,30,127,237,133,131,50,99,18,251,177,53,41,117,200,
60,102,223,139,159,122,93,238,188,79,240,208,51,65,21,0,173,44,32,168,174,27,194,220,136,
243,32,220,110,48,218,20,23,182,215,142,42,80,23,43,60,163,2,30,193,173,96,139,220,69,
227,150,50,228,61,87,129,29,201,103,149,84,214,109,252,139,35,126,81,255,63,202,124,123,126,
151,241,182,127,210,201,23,32,160,152,19,187,88,239,57,74,26,250,150,180,196,38,97,20,120,
198,195,113,6,81,82,3,221,30,106,55,17,135,244,132,196,147,215,138,180,206,107,198,102,223,
191,157,54,85,204,106,75,134,101,46,68,125,162,96,0,55,63,170,35,200,83,7,54,6,131,
163,22,84,14,187,89,59,27,55,77,80,80,154,228,209,237,98,240,137,134,45,161,101,49,187,
195,36,3,149,183,200,229,82,160,33,156,164,168,247,81,1,137,42,105,74,186,169,122,182,73,
210,24,228,149,4,210,26,206,231,103,206,156,60,68,191,157,216,89,212,31,172,84,144,91,190,
215,147,53,117,254,97,197,21,76,78,134,241,35,203,158,183,74,191,6,152,198,133,85,110,144,
151,144,252,220,61,55,55,77,51,51,229,19,189,64,104,67,33,70,174,230,144,154,135,68,25,
67,204,74,144,71,68,226,72,62,89,61,109,111,120,131,193,56,228,218,78,183,112,164,207,249,
72,46,237,159,122,121,121,162,255,187,202,108,188,64,83,188,181,60,186,50,96,167,2,99,141,
254,163,224,83,18,96,78,122,61,197,5,246,217,10,136,122,226,197,212,206,29,174,109,224,81,
150,110,92,29,172,47,179,43,24,196,195,208,58,115,213,16,142,242,98,93,223,121,191,67,144,
249,180,158,233,180,232,167,33,201,237,42,98,192,170,97,210,198,244,10,250,44,247,158,100,174,
15,10,96,196,203,176,114,169,162,27,115,47,178,47,164,217,151,78,213,197,168,109,223,149,0,
193,204,174,130,170,236,117,151,39,6,255,47,64,197,63,108,181,135,218,16,125,73,18,173,99,
234,109,54,154,189,7,157,104,16,60,19,0,127,109,230,237,96,10,244,198,51,84,210,220,134,
237,232,177,173,94,83,172,179,93,182,189,130,116,25,157,39,88,171,157,33,140,101,196,79,1,
232,213,176,170,75,98,234,168,182,220,208,104,242,126,0,175,186,57,2,169,116,28,112,254,176,
34,151,31,230,225,210,77,108,9,125,69,24,142,47,28,112,31,193,142,154,6,102,238,233,53,
176,176,10,35,183,248,246,124,162,250,126,37,201,254,74,69,94,231,171,115,83,114,57,207,231,
23,163,53,5,90,144,207,188,16,79,66,166,7,37,207,86,195,241,123,131,116,148,137,109,242,
116,100,8,158,124,66,117,176,167,89,215,71,78,138,112,25,126,41,33,145,255,139,168,75,246,
16,90,56,127,215,222,173,44,188,187,255,204,254,109,0,46,14,183,13,229,33,21,66,123,33,
60,197,27,110,103,117,219,18,47,135,10,224,46,111,49,2,62,151,138,31,29,78,75,219,25,
16,20,109,138,62,83,57,216,130,31,95,132,195,42,216,121,127,75,240,144,79,234,44,157,115,
169,40,171,83,162,184,43,152,203,169,164,162,94,179,185,213,200,221,40,83,38,95,45,186,183,
36,95,65,32,10,97,223,159,236,74,228,189,226,67,82,94,236,33,101,250,186,136,208,148,133,
184,184,226,123,237,251,117,223,138,162,45,137,37,211,193,97,71,103,67,141,137,136,243,223,248,
174,51,165,28,203,134,211,114,84,110,124,152,210,7,193,10,108,172,195,165,88,156,169,231,9,
156,56,109,34,96,78,6,74,208,159,24,85,9,196,10,114,52,15,43,40,152,244,142,184,127,
161,103,97,4,75,96,251,44,12,216,124,247,124,30,255,106,42,170,114,230,24,147,169,77,16,
98,249,214,139,193,39,142,69,189,239,165,238,148,56,203,107,157,89,217,185,211,221,208,179,217,
186,153,14,77,73,77,248,65,134,20,47,67,147,222,39,160,7,109,45,126,206,206,192,14,177,
233,136,112,247,98,148,234,134,123,222,130,67,68,217,180,124,71,241,100,30,150,25,162,79,104,
109,207,193,42,68,15,227,236,144,199,122,216,233,219,128,111,8,24,199,227,70,106,118,31,24,
109,165,240,195,39,21,145,19,99,62,231,33,8,43,16,129,20,200,243,177,233,176,56,175,136,
194,5,155,54,251,57,177,38,40,75,62,202,16,157,237,0,239,169,99,152,241,204,151,194,153,
50,69,33,153,176,92,86,121,121,255,148,203,130,249,40,167,117,103,32,42,186,84,240,172,240,
224,254,178,252,44,86,129,215,250,116,70,12,124,55,54,191,192,67,255,196,59,235,0,95,39,
106,205,194,244,182,65,165,228,180,103,166,115,201,174,154,228,211,135,6,96,87,122,169,130,204,
39,120,21,200,76,138,242,246,178,112,28,215,32,196,177,79,87,108,139,170,185,173,182,117,211,
176,176,254,119,33,199,67,216,185,144,90,22,4,78,97,82,236,186,183,81,37,200,139,24,252,
202,246,1,56,209,64,251,97,74,98,5,221,31,153,156,181,48,169,105,230,195,179,28,109,144,
84,81,195,138,40,246,251,59,132,194,133,129,143,23,240,51,186,67,231,230,167,249,53,59,199,
96,68,111,157,150,56,4,19,171,51,66,79,161,176,251,3,37,165,250,12,240,213,111,90,179,
169,75,221,212,147,104,124,194,86,246,210,231,40,64,50,183,241,133,195,20,96,58,130,128,180,
231,17,42,196,113,194,149,205,110,246,33,202,193,44,173,142,141,103,160,33,119,7,5,24,103,
109,171,31,218,79,241,84,101,201,157,70,40,204,153,65,9,86,9,198,209,159,239,27,120,214,
27,144,141,176,228,139,203,251,178,64,60,170,28,9,207,20,101,79,63,110,29,178,240,38,31,
166,31,69,15,130,224,52,203,252,136,27,34,129,175,117,194,41,134,18,159,118,131,62,196,75,
6,236,190,240,24,109,42,33,40,70,111,241,159,184,227,200,162,2,168,213,132,146,225,162,73,
105,137,179,55,107,221,68,94,67,195,167,162,71,5,188,99,74,233,196,71,70,241,231,181,37,
155,216,90,40,32,221,237,7,219,246,38,18,235,210,123,39,86,138,92,242,238,50,114,157,90,
71,111,212,15,133,235,204,138,254,51,91,139,121,36,219,69,132,251,184,93,179,116,233,135,77,
15,203,31,234,8,61,104,124,80,74,210,102,114,196,2,202,41,111,29,126,86,238,222,20,213,
43,153,57,110,59,46,51,241,82,95,129,198,233,18,218,7,29,98,91,189,75,138,49,207,160,
148,82,219,204,87,192,41,81,206,63,43,19,198,35,197,45,231,162,89,14,11,78,217,7,196,
17,31,233,14,87,63,75,224,124,253,125,160,220,73,145,107,112,192,198,74,203,20,248,7,223,
222,225,176,53,191,215,17,9,239,44,117,129,89,253,118,63,166,232,11,171,194,129,189,214,32,
120,13,229,36,31,16,88,213,185,124,165,145,13,145,192,85,179,11,250,206,15,26,147,167,240,
36,77,40,182,168,249,55,229,101,32,106,221,238,106,177,236,201,194,190,248,27,127,68,172,241,
231,92,58,123,92,40,131,91,67,128,192,158,95,178,251,112,88,212,125,93,84,247,248,65,77,
208,139,245,81,123,75,82,158,45,96,204,215,113,80,126,120,245,67,142,44,28,130,21,253,71,
225,115,176,24,123,171,28,182,203,181,150,184,140,192,177,173,60,194,182,208,46,13,10,75,72,
37,177,219,3,143,49,139,113,131,210,99,227,162,150,78,63,250,178,185,44,77,72,193,198,166,
116,178,112,33,158,208,101,8,132,142,150,66,23,99,22,209,238,9,241,76,246,242,15,249,110,
29,71,38,156,235,182,210,90,40,215,18,61,121,226,95,67,151,242,131,151,119,85,1,3,148,
47,197,212,95,254,39,151,161,195,86,253,58,233,92,156,29,231,140,112,159,181,77,158,187,66,
249,212,52,79,89,223,147,202,243,194,240,158,64,70,76,144,127,25,65,53,97,179,161,122,143,
98,174,218,206,210,22,209,105,93,37,128,55,88,163,18,237,237,54,210,134,218,70,247,252,177,
116,28,2,187,16,173,55,22,144,227,171,62,48,227,219,93,238,243,162,162,34,151,87,204,123,
105,207,28,10,83,53,165,6,25,87,117,240,118,119,145,112,133,57,33,32,9,211,70,139,52,
91,121,161,181,56,83,103,85,169,210,206,179,255,42,18,52,37,79,92,98,96,30,77,43,83,
135,184,150,219,66,244,29,24,215,209,175,102,117,225,12,63,123,128,245,19,242,157,30,229,153,
18,161,54,18,10,237,206,73,131,75,169,60,6,12,117,135,177,46,213,127,227,15,104,193,195,
108,53,103,169,231,88,11,159,102,212,157,95,222,207,35,161,153,13,231,186,219,53,74,20,208,
138,215,170,135,94,141,50,31,195,97,205,148,21,221,75,65,0,230,143,173,197,125,207,217,170,
242,107,0,190,107,67,114,92,220,191,250,56,250,15,185,124,198,216,255,234,147,206,90,93,118,
71,255,130,118,222,180,105,207,14,218,247,161,126,245,234,65,55,196,250,206,44,150,197,37,16,
219,159,175,210,185,22,140,187,106,29,212,137,52,226,89,139,96,124,150,158,61,5,2,23,236,
1,234,216,190,95,255,82,103,152,247,199,248,205,254,148,80,186,101,175,218,45,112,55,62,109,
224,210,162,196,76,64,239,129,8,147,56,147,185,91,122,31,250,38,237,202,227,46,100,77,232,
94,190,9,202,81,125,240,64,210,110,130,211,68,110,249,54,221,235,199,94,22,21,252,63,129,
34,44,215,174,238,200,46,123,250,165,99,19,54,129,31,190,47,113,151,12,44,83,145,147,83,
94,120,128,186,240,5,15,164,179,107,194,210,15,104,92,238,173,89,112,209,223,247,98,163,175,
245,193,202,26,88,26,12,129,134,114,42,144,209,71,103,92,163,100,171,180,141,197,13,74,98,
55,118,239,138,224,183,101,157,79,77,184,239,128,215,81,190,112,153,211,74,158,51,113,125,190,
237,111,60,176,194,175,85,157,114,157,253,200,119,30,102,124,104,47,24,196,151,96,174,113,61,
21,48,237,230,177,93,156,232,83,139,40,135,77,140,117,109,162,33,127,102,206,145,52,9,9,
219,225,61,253,52,239,226,189,154,174,156,106,222,223,97,78,41,17,112,142,88,110,128,107,235,
108,21,68,141,202,235,146,252,174,143,148,175,233,60,255,254,65,85,107,101,220,129,133,236,202,
94,100,231,240,58,139,101,72,0,249,97,78,110,242,101,238,198,223,230,196,181,113,212,252,214,
23,119,64,166,163,154,215,251,25,239,244,14,224,54,101,49,242,25,18,155,65,102,223,13,190,
200,81,251,251,109,18,176,49,105,231,138,41,52,147,100,164,121,235,28,6,132,135,251,157,250,
129,158,255,56,19,4,10,81,157,111,200,143,28,240,48,169,36,244,228,5,110,129,191,116,213,
204,75,231,127,179,41,99,232,167,79,85,81,225,22,52,75,129,56,241,81,218,100,206,53,146,
240,57,199,25,81,38,69,188,64,123,153,240,16,228,1,253,37,79,17,192,148,76,227,120,24,
108,16,51,188,148,82,93,190,22,48,186,80,61,92,156,207,194,107,98,11,202,145,176,14,211,
153,94,53,91,7,17,166,67,222,154,114,137,167,249,202,18,64,54,209,97,184,17,131,180,204,
219,38,170,52,225,28,77,88,75,235,182,217,246,147,32,66,170,126,39,77,44,183,183,126,122,
149,144,232,185,189,90,247,183,40,181,52,208,182,78,15,213,244,205,100,6,232,55,67,209,41,
235,90,148,96,67,70,131,103,114,174,0,135,189,27,7,210,64,53,13,150,105,229,135,1,218,
198,23,23,249,233,147,191,88,41,225,97,111,110,168,31,25,175,59,241,26,132,22,57,135,96,
87,126,52,46,209,113,214,173,232,97,54,60,74,44,5,219,15,219,115,114,133,250,221,164,227,
166,28,28,167,56,53,139,31,163,150,148,23,96,75,65,238,106,214,217,235,26,90,248,202,95,
14,187,115,109,62,193,244,99,132,233,194,16,7,212,132,164,26,213,236,171,16,152,57,121,218,
242,73,4,48,44,222,70,147,38,188,16,246,152,20,31,202,114,18,55,148,241,110,118,137,209,
237,134,158,109,126,182,138,4,249,72,74,139,31,173,74,99,26,50,229,241,8,20,167,7,212,
117,19,193,47,214,226,138,89,5,208,57,4,233,85,250,130,103,248,28,100,77,216,97,118,108,
83,129,203,72,83,67,157,5,238,41,47,239,73,170,202,83,65,205,249,138,208,128,131,158,110,
252,46,27,20,103,153,129,230,11,86,193,203,106,10,144,222,108,206,122,151,97,22,31,126,20,
201,244,238,6,151,140,174,108,178,75,232,146,6,21,82,112,56,41,79,193,50,15,39,219,192,
91,243,22,207,245,177,237,203,72,128,145,165,158,95,183,222,225,175,80,63,177,223,74,9,55,
145,65,89,45,139,224,184,137,172,207,171,1,112,103,164,89,217,40,215,218,161,68,93,134,192,
189,200,21,244,139,37,72,228,194,226,193,51,51,106,240,98,193,105,110,139,164,90,57,71,109,
192,42,202,29,34,25,16,174,112,87,166,224,3,19,13,112,40,144,52,156,151,141,72,199,139,
138,247,119,138,110,209,81,126,249,16,91,0,177,93,175,254,234,124,210,104,255,32,101,122,162,
222,84,188,235,177,113,79,32,74,209,30,64,191,2,130,133,175,78,95,131,115,93,16,251,241,
43,138,214,97,213,13,119,98,5,18,219,83,114,30,25,13,101,210,30,36,136,173,209,175,84,
121,43,20,17,136,72,108,190,30,226,255,195,196,231,139,157,203,55,57,174,161,121,187,86,142,
56,90,165,146,89,39,85,109,165,80,23,63,239,163,98,43,119,42,215,51,87,200,228,6,55,
10,196,226,97,232,32,201,199,32,47,240,103,92,221,28,85,206,158,3,245,97,151,26,160,81,
72,201,185,141,24,43,54,134,228,158,150,123,75,20,196,190,229,60,121,46,172,205,204,42,64,
51,238,109,89,119,160,160,226,63,139,4,5,61,92,181,54,42,144,154,33,184,141,33,220,203,
2,18,31,128,71,42,29,87,181,129,33,92,157,155,114,64,22,247,248,73,172,145,150,29,141,
225,119,111,176,198,191,14,50,47,144,56,49,43,212,156,186,231,189,1,93,99,182,105,211,110,
190,251,205,56,70,137,227,54,221,223,97,59,48,239,239,48,102,35,39,16,27,130,129,42,34,
115,244,182,196,25,31,68,114,59,216,27,133,235,124,122,45,250,86,82,55,234,247,207,169,223,
180,49,34,18,255,252,91,112,71,85,29,92,99,1,166,187,225,35,214,160,39,223,246,5,37,
123,203,11,25,210,93,235,121,231,247,187,35,13,217,41,29,91,24,11,212,248,187,51,51,31,
30,218,85,96,191,78,126,164,224,190,10,60,20,201,137,83,195,102,209,165,247,188,223,198,53,
110,23,123,78,107,93,132,76,148,45,37,123,130,182,29,146,163,242,42,109,204,119,5,104,104,
218,125,123,74,25,58,85,159,19,149,8,80,193,101,182,254,149,53,150,122,162,202,161,229,214,
13,222,16,184,197,76,216,33,107,170,169,222,35,123,4,127,227,239,11,171,155,128,23,174,2,
130,140,70,78,63,49,128,136,196,29,234,105,183,228,46,126,109,213,127,14,28,36,211,17,220,
103,83,106,204,157,65,83,199,66,174,62,4,183,102,55,1,252,46,249,242,3,216,239,72,85,
139,164,98,244,39,235,75,106,117,172,78,235,139,0,125,206,130,252,43,225,99,119,245,239,30,
37,55,152,88,74,16,110,55,222,123,49,12,10,65,0,32,248,82,204,172,173,17,140,94,237,
107,231,225,215,195,149,181,91,246,50,33,48,251,19,117,171,243,222,177,121,16,208,61,18,196,
132,149,52,132,226,144,157,29,224,184,117,107,215,21,41,13,253,90,149,173,169,69,28,40,168,
87,26,143,42,96,31,193,152,94,237,25,218,153,11,15,249,159,217,20,150,66,171,157,96,39,
105,236,135,188,190,214,233,176,197,176,5,196,101,143,9,231,173,240,3,250,4,101,106,86,64,
240,228,255,179,29,210,116,83,227,172,162,14,74,127,124,53,249,237,150,76,231,43,229,3,138,
245,39,139,36,117,62,101,228,23,227,242,10,69,18,68,72,167,20,52,72,148,146,198,36,149,
128,32,109,164,136,40,46,174,40,125,9,82,79,103,5,114,104,230,208,233,233,124,230,88,101,
33,134,161,100,80,253,102,48,129,131,193,223,54,110,204,65,152,27,24,113,29,36,5,206,134,
107,196,90,129,153,126,6,22,77,170,245,181,150,13,220,165,138,15,138,39,109,109,80,240,225,
239,40,118,143,126,187,169,40,227,245,5,79,112,79,104,245,165,239,6,214,254,117,132,201,98,
34,187,41,170,53,180,63,172,175,242,210,97,226,120,113,60,64,75,171,114,134,180,73,118,138,
147,184,97,117,99,186,154,23,14,94,67,56,234,77,213,241,227,152,172,198,127,92,147,209,2,
44,203,205,47,112,20,103,62,99,24,104,17,85,14,178,8,161,181,29,133,77,15,87,243,219,
130,140,37,137,78,171,47,195,166,219,251,60,247,152,162,38,49,148,48,62,216,139,207,244,78,
80,202,61,189,66,36,18,34,179,249,241,196,121,27,183,63,238,112,76,198,231,228,34,163,196,
17,118,226,165,235,41,87,149,195,182,201,184,118,149,203,232,4,36,12,168,18,99,162,128,27,
132,39,95,110,0,196,120,52,30,71,140,128,61,202,175,9,28,159,26,15,31,162,28,14,160,
114,137,230,193,28,187,205,79,244,186,159,158,137,31,135,2,225,238,148,40,196,5,185,48,212,
79,242,58,95,46,134,211,146,230,6,61,227,246,181,147,156,58,112,221,14,171,135,14,14,189,
35,234,113,122,55,86,219,121,188,94,32,199,215,224,63,32,219,130,16,82,244,135,252,122,153,
224,32,223,245,117,129,212,82,3,207,57,13,131,35,215,31,1,238,138,177,99,99,219,72,84,
195,16,60,17,12,90,172,199,140,61,198,134,29,42,123,120,2,184,207,169,120,103,151,109,8,
245,134,120,29,47,225,111,14,1,184,235,107,168,127,182,17,5,249,237,181,28,197,52,67,205,
193,5,255,169,46,225,15,109,89,5,103,103,156,7,255,118,192,128,173,25,182,212,31,171,82,
31,28,50,40,180,109,70,58,157,246,145,20,191,200,234,195,101,240,203,79,127,233,93,85,254,
50,6,20,251,18,27,52,24,30,138,199,35,138,22,61,133,72,31,179,33,200,248,83,208,162,
114,198,75,131,220,13,29,158,85,2,120,8,76,211,37,119,218,45,149,0,60,88,134,124,180,
144,42,213,153,132,216,173,13,19,177,213,47,162,249,1,116,97,97,152,212,51,46,26,56,179,
29,193,4,254,158,161,138,26,198,235,0,62,166,86,13,243,62,144,144,242,42,99,107,209,145,
144,251,206,90,204,223,240,26,212,217,197,246,209,31,56,230,223,213,99,225,255,175,218,135,164,
203,238,151,147,110,38,82,29,106,139,23,194,151,249,181,92,20,88,225,92,117,20,235,130,129,
98,226,230,245,245,154,239,51,206,246,237,233,138,178,178,148,7,201,123,67,208,99,66,186,196,
41,19,118,226,52,125,15,226,18,112,104,36,47,145,151,149,65,184,209,243,31,28,47,190,137,
177,138,95,73,140,43,131,121,235,233,115,57,127,53,201,183,34,22,3,7,43,255,50,239,251,
43,202,95,215,226,147,81,206,108,31,187,24,201,6,61,153,17,140,18,65,100,204,163,91,26,
40,240,67,219,212,123,150,165,172,30,167,154,212,160,209,128,12,249,153,155,152,7,66,47,115,
71,216,182,53,32,167,37,12,68,186,151,214,219,34,69,254,168,213,4,20,107,132,57,135,198,
187,71,68,157,16,34,253,122,219,117,49,30,246,220,139,62,7,181,152,146,72,42,173,123,35,
82,148,176,238,148,189,230,232,201,152,42,211,71,132,236,174,35,135,36,12,167,69,58,129,133,
131,50,212,35,49,82,46,34,210,180,112,201,13,112,115,201,28,82,128,58,63,167,80,251,37,
184,97,14,54,55,7,160,102,34,6,189,252,166,75,95,116,233,7,104,10,33,196,54,103,66,
112,76,250,124,148,104,122,217,67,235,53,74,14,92,23,246,111,18,237,83,193,255,245,148,33,
149,82,128,154,74,176,92,239,153,223,143,37,3,184,18,221,49,246,134,244,29,190,208,232,177,
225,73,68,115,114,161,147,215,101,31,3,82,170,248,37,171,53,50,94,168,184,100,205,93,213,
254,132,42,14,52,195,5,71,60,163,70,1,219,3,186,209,112,163,157,215,7,8,109,218,48,
226,118,188,114,54,30,107,254,222,120,57,61,223,94,129,145,118,153,105,72,174,233,13,132,235,
111,210,60,102,130,146,64,105,164,233,203,43,78,87,99,41,158,87,52,59,11,168,243,208,123,
63,130,79,127,125,81,66,200,125,216,37,80,233,69,85,89,41,179,125,24,208,154,30,159,50,
119,174,215,194,58,251,81,10,156,130,132,15,232,132,203,176,218,187,88,27,212,75,176,128,70,
106,100,209,162,75,248,225,79,186,111,120,12,185,231,54,137,93,247,97,167,237,143,81,110,122,
203,215,110,232,142,121,23,30,29,7,151,85,202,226,187,175,96,204,129,150,89,102,119,232,142,
134,21,42,49,137,7,255,10,185,10,26,12,225,160,29,164,230,78,45,153,174,207,188,77,191,
60,75,253,185,147,35,105,25,6,23,187,117,135,45,48,123,145,143,78,56,5,47,244,253,249,
190,72,233,159,136,81,227,102,185,116,194,47,221,38,34,166,187,44,152,211,154,29,180,134,60,
158,32,85,3,59,243,142,91,210,115,189,67,232,15,199,90,90,84,119,140,159,216,53,233,18,
222,254,30,177,19,193,133,233,117,163,190,157,98,129,105,205,185,85,60,172,60,32,215,202,128,
182,103,5,86,215,176,109,187,214,51,10,57,68,84,175,101,132,167,92,205,138,47,62,224,118,
105,207,236,91,122,192,173,155,54,172,107,253,148,48,92,234,157,81,6,226,147,94,18,137,129,
88,118,120,26,134,230,3,2,107,255,98,48,30,102,102,126,54,5,208,237,92,35,225,220,158,
72,30,14,228,154,95,98,36,127,42,188,194,166,190,119,68,158,10,102,165,167,131,132,45,138,
10,167,141,230,99,95,213,108,178,218,204,33,167,250,34,226,168,236,168,131,225,68,5,245,255,
53,1,42,22,77,0,142,178,205,8,140,214,4,60,5,169,188,149,55,85,152,100,64,147,121,
210,247,29,8,115,74,27,43,40,254,5,113,196,196,209,184,146,188,217,234,137,85,230,67,121,
192,166,31,163,225,121,196,223,77,76,255,206,60,29,68,77,94,87,208,64,42,112,213,46,79,
14,231,7,68,236,91,64,228,244,111,77,137,188,230,236,189,57,24,95,48,244,217,89,146,178,
171,162,0,8,218,196,34,252,44,143,6,180,97,26,23,18,86,129,195,177,236,226,139,101,248,
223,211,177,199,176,228,42,103,2,134,46,185,131,58,157,18,45,206,4,76,5,41,12,109,80,
55,250,14,254,216,14,123,230,74,170,15,79,134,86,163,235,50,39,65,147,199,46,72,242,171,
210,44,209,220,106,204,213,94,115,188,119,64,0,122,128,20,243,34,33,216,32,28,195,69,168,
242,251,8,236,182,227,160,143,236,54,99,154,69,75,182,240,183,84,146,114,99,110,193,83,159,
193,150,138,121,216,173,124,146,129,72,113,109,12,206,120,251,245,55,159,214,204,132,78,191,210,
251,187,169,175,244,105,201,165,245,166,36,39,44,112,141,186,106,207,1,207,143,208,159,248,244,
160,207,222,246,236,128,74,217,178,93,175,117,22,214,9,209,71,20,154,242,217,112,232,73,9,
170,91,178,125,4,99,58,69,15,218,247,17,57,207,63,147,155,181,72,158,93,137,73,28,187,
91,173,77,110,205,238,136,138,226,152,72,34,172,20,132,69,236,221,152,2,10,135,55,0,127,
3,205,135,144,149,248,143,184,35,222,165,173,238,64,124,224,196,232,45,85,84,200,189,119,71,
209,106,217,226,176,5,239,163,228,145,251,4,206,211,234,242,231,87,108,77,183,141,16,216,198,
46,15,175,92,44,72,4,202,1,109,247,152,178,239,142,210,129,8,168,0,197,235,137,73,24,
101,88,124,135,212,64,123,107,98,247,235,233,18,97,5,206,157,17,142,15,52,218,35,49,58,
243,134,77,52,83,0,183,177,222,68,46,22,123,32,251,124,156,49,18,217,85,153,36,145,94,
195,106,106,208,95,76,82,96,204,137,128,187,92,69,89,124,110,70,18,83,155,18,188,87,139,
143,162,91,148,219,17,231,52,241,101,39,135,143,253,199,129,81,246,69,152,115,84,166,192,184,
210,121,131,194,232,126,99,62,200,151,73,45,156,116,194,183,159,232,165,2,54,28,138,92,181,
134,62,169,146,175,193,75,162,84,179,221,255,2,90,190,107,170,64,4,196,126,196,243,222,236,
43,236,22,87,194,114,145,81,217,41,93,3,40,159,111,107,22,238,210,4,102,113,86,131,171,
65,199,238,103,151,253,53,126,238,186,135,155,249,65,248,181,93,246,248,236,195,165,198,43,125,
132,92,46,174,85,30,251,240,200,30,150,94,254,14,128,2,17,186,2,105,71,187,157,255,76,
46,4,189,13,107,186,185,42,184,44,79,16,61,1,136,112,76,63,179,90,19,30,234,208,106,
17,25,113,250,68,23,142,24,128,129,89,234,99,120,203,72,137,132,79,171,161,136,156,169,96,
189,231,71,199,121,196,49,138,92,55,152,59,16,86,103,182,100,224,187,108,32,221,40,1,118,
221,60,78,55,212,222,157,38,214,62,48,148,88,135,171,195,170,81,73,94,182,206,7,239,61,
22,26,67,59,16,247,154,213,160,41,19,128,43,204,154,79,143,41,7,159,110,215,68,41,152,
5,161,174,74,102,169,126,74,48,123,149,152,72,176,53,25,145,170,128,248,238,129,194,213,159,
29,139,217,66,55,53,231,235,188,130,9,197,71,44,103,33,190,24,164,245,193,111,40,27,16,
244,193,122,72,4,23,148,24,13,92,36,241,155,96,231,1,194,206,57,224,79,138,140,242,190,
180,237,133,2,42,167,159,112,90,230,240,24,132,26,91,59,159,45,120,16,167,80,150,157,134,
49,167,198,124,45,87,22,182,59,111,47,38,129,107,146,90,55,119,117,175,243,128,99,72,168,
1,167,161,140,31,31,24,136,193,218,225,109,85,86,169,236,185,143,255,210,123,206,203,129,237,
75,96,27,251,99,35,193,17,44,28,87,170,157,89,62,185,82,183,253,45,145,6,198,70,224,
135,48,219,221,208,194,114,149,46,244,12,251,164,143,14,204,170,164,144,193,57,8,130,82,43,
4,0,18,156,25,251,147,146,217,164,253,118,52,74,254,78,200,183,15,193,119,233,241,20,226,
147,102,225,32,194,198,6,143,206,12,222,229,164,49,48,165,230,138,72,204,147,72,71,14,103,
66,132,156,80,10,102,77,176,13,173,173,163,48,5,174,119,134,41,183,71,98,204,199,103,136,
135,144,37,54,195,202,26,132,49,223,153,151,195,92,162,70,107,44,92,212,55,39,50,229,35,
178,183,149,145,207,30,116,190,21,244,10,3,130,52,29,113,149,217,41,82,206,247,25,235,35,
110,112,164,169,107,176,136,147,107,36,11,201,224,178,118,67,236,211,236,93,83,200,60,105,244,
32,180,55,26,136,142,28,1,133,105,47,252,38,214,25,40,12,246,113,148,112,104,54,211,137,
201,115,34,161,45,25,167,10,127,127,151,199,59,141,81,159,3,231,45,90,143,194,31,212,214,
237,235,109,22,147,198,6,151,70,217,186,12,182,249,178,143,25,25,196,130,132,93,174,33,35,
52,175,225,83,114,119,72,145,113,161,109,166,209,178,19,118,65,255,185,34,111,65,99,97,207,
175,35,123,6,212,182,191,47,223,152,69,196,190,5,1,159,204,5,18,177,42,71,90,232,91,
19,250,150,66,200,22,148,138,146,123,35,81,45,170,56,99,241,187,64,53,138,2,240,71,128,
79,72,23,3,240,178,235,21,199,224,228,84,102,74,22,54,202,127,166,213,75,2,14,196,10,
30,58,179,208,163,213,225,45,125,42,62,127,106,120,69,13,179,149,209,111,9,70,173,11,196,
248,211,110,37,189,28,103,31,148,77,79,76,203,75,61,248,110,83,141,247,48,123,112,125,114,
189,65,173,189,241,224,86,182,39,235,26,6,171,35,4,18,10,44,135,130,15,251,243,152,62,
48,1,240,211,244,59,238,85,85,142,247,127,150,18,162,147,158,100,61,155,6,124,91,103,229,
215,23,255,58,106,165,49,82,175,72,44,27,138,187,174,201,231,154,162,170,237,87,58,16,8,
45,171,88,112,155,64,217,21,160,67,214,187,140,135,224,207,170,55,59,62,137,230,161,120,226,
153,184,196,111,238,37,119,135,176,238,145,24,19,111,118,184,43,229,192,191,209,21,49,243,167,
161,121,221,7,249,30,34,120,251,138,180,191,49,177,183,98,205,111,80,112,7,224,61,252,169,
124,66,134,2,98,117,101,223,125,243,77,146,108,246,199,120,152,60,164,230,185,193,168,242,21,
0,97,116,13,129,108,36,76,47,92,53,120,203,104,159,43,86,26,142,92,36,169,206,115,168,
254,118,157,116,231,86,137,119,222,20,218,38,109,197,249,44,157,80,28,46,213,234,51,160,17,
181,33,94,230,95,205,139,192,27,214,70,158,164,193,16,67,255,19,17,206,77,202,109,203,248,
225,117,9,194,1,101,149,245,41,70,91,173,209,202,201,252,122,214,197,172,246,20,85,136,173,
194,92,32,88,205,97,65,218,251,214,249,83,120,230,133,247,56,238,88,40,83,45,173,230,37,
226,125,127,220,55,213,27,209,198,58,186,69,30,28,213,92,181,224,38,23,214,76,81,124,32,
46,176,200,153,57,103,241,3,202,168,196,83,30,40,5,30,150,79,139,15,245,120,215,19,166,
229,170,131,19,108,65,149,51,39,126,120,29,175,200,55,38,75,177,127,160,80,132,53,176,178,
242,230,90,202,236,87,9,96,252,31,129,105,222,192,101,210,234,95,18,88,241,185,51,102,98,
38,36,96,187,243,186,173,161,17,131,84,217,40,34,242,235,198,21,27,219,55,47,79,22,62,
101,39,215,123,47,173,105,12,118,64,249,167,38,62,29,189,233,241,48,59,203,244,187,112,189,
120,31,172,83,9,141,168,77,115,205,221,73,231,70,80,72,115,201,191,53,76,148,229,120,1,
40,98,7,157,145,135,160,105,138,0,173,178,25,162,139,26,9,83,157,77,61,117,166,190,6,
215,146,113,147,42,82,117,184,97,234,164,84,96,4,188,77,162,99,212,226,57,136,161,51,194,
1,37,163,196,191,225,112,80,30,87,169,5,125,71,190,131,40,149,207,209,176,171,87,98,245,
165,248,189,50,103,143,209,226,100,168,206,241,192,90,197,27,61,252,142,200,82,26,216,42,157,
175,31,131,201,212,208,19,109,4,158,28,137,117,226,0,31,170,117,148,155,245,148,159,235,88,
238,56,59,52,231,119,72,247,255,115,129,111,163,206,195,40,167,159,2,194,148,53,36,39,55,
139,4,120,193,228,156,114,114,154,106,15,78,58,11,34,41,244,53,13,197,220,59,85,126,159,
28,108,57,218,52,231,192,77,220,26,49,227,35,49,251,194,54,116,2,29,241,148,233,250,169,
210,2,158,125,72,92,9,53,223,67,240,5,236,188,38,70,128,42,149,86,136,210,171,184,1,
159,118,203,38,142,71,6,20,148,104,250,229,105,64,101,178,112,185,33,36,108,87,44,192,219,
19,194,205,185,129,146,84,184,3,18,133,220,149,40,136,241,161,217,28,46,90,71,71,243,233,
48,58,108,176,56,23,252,255,89,156,108,130,90,138,245,91,159,17,4,28,75,90,216,14,46,
179,91,90,125,13,234,59,234,147,110,42,25,98,19,254,62,40,158,177,181,39,120,30,132,250,
36,89,14,177,22,2,78,34,202,149,153,205,74,108,227,141,177,250,0,153,43,196,174,75,104,
134,181,125,249,29,218,53,178,242,143,125,43,234,174,137,34,179,4,31,243,153,39,242,240,246,
171,219,203,67,64,27,70,133,167,247,171,54,143,43,208,117,132,37,111,40,226,159,50,210,80,
135,167,85,106,185,98,254,243,252,142,233,244,176,27,99,75,247,70,167,123,229,40,128,215,145,
40,14,172,41,119,105,205,92,23,45,115,106,13,200,165,22,198,184,82,79,208,181,131,220,186,
86,170,86,187,243,189,57,26,250,161,184,241,254,213,26,246,64,248,26,172,139,35,46,200,39,
33,220,160,24,76,81,235,162,81,74,118,140,190,33,1,110,44,179,90,167,209,194,50,66,10,
162,248,253,45,234,209,93,92,209,13,86,134,221,48,69,250,229,139,171,56,161,49,139,96,28,
11,194,255,250,189,198,48,171,163,133,141,99,91,85,104,199,32,20,44,152,1,201,114,136,88,
165,221,246,243,5,35,99,100,9,46,87,222,25,128,81,168,71,219,179,60,203,114,58,135,155,
200,249,108,92,179,82,244,57,63,241,228,53,67,26,207,182,79,244,38,148,102,73,232,232,67,
111,220,246,121,163,39,66,39,208,149,9,229,38,96,90,85,36,51,230,61,199,59,42,121,59,
48,154,0,100,35,145,49,68,63,67,41,102,24,19,188,15,136,79,175,4,37,29,86,44,133,
139,202,5,217,250,14,80,80,185,84,142,176,47,222,208,255,86,195,141,112,201,208,60,56,72,
87,170,247,129,196,221,177,107,65,47,116,184,6,186,120,206,2,7,5,183,137,42,144,32,168,
113,148,171,124,185,25,244,122,74,241,176,244,231,83,171,104,13,19,31,170,241,75,98,15,116,
235,174,135,38,24,187,109,16,48,182,85,137,199,247,183,64,92,228,161,148,45,28,170,40,0,
6,123,102,192,165,121,26,244,34,66,108,127,163,1,173,133,149,217,126,22,216,201,127,213,10,
200,76,87,132,9,109,142,151,12,25,27,153,59,25,77,89,206,52,243,70,37,25,99,88,164,
210,18,124,101,82,140,144,240,65,203,52,71,62,85,93,243,29,104,249,78,165,140,208,123,137,
177,134,118,42,97,237,25,181,80,40,140,85,62,153,117,99,35,166,226,134,146,185,216,147,190,
30,100,40,182,118,91,216,199,54,235,119,93,16,164,187,227,240,66,243,112,204,15,40,51,158,
33,215,173,239,141,93,139,249,181,221,172,64,220,30,89,140,250,78,203,7,22,91,214,126,82,
163,150,147,50,193,36,90,4,102,64,181,64,240,254,27,220,246,130,114,147,247,185,60,129,219,
31,44,6,224,23,13,130,130,72,241,120,41,207,114,27,23,48,178,140,0,207,15,60,181,170,
104,185,200,108,228,34,143,80,72,47,178,229,170,174,82,55,66,38,184,156,220,139,62,233,158,
232,107,11,78,214,130,229,137,55,42,88,111,133,237,0,54,59,91,215,227,253,163,16,95,125,
118,105,245,151,197,66,255,44,94,91,215,48,9,238,172,20,128,33,242,37,179,120,74,122,26,
61,147,44,126,198,234,255,174,249,143,24,28,171,173,254,192,245,165,95,44,136,50,36,198,129,
164,120,90,49,73,206,59,7,95,148,227,160,199,227,31,156,16,177,193,85,201,49,200,17,181,
1,224,41,240,78,172,110,235,196,89,109,39,232,72,66,193,254,122,253,116,140,54,199,108,146,
153,166,197,165,165,199,217,228,234,244,219,235,96,11,126,41,71,80,86,124,13,198,146,2,118,
171,168,118,231,73,60,30,15,78,231,20,229,42,233,47,59,52,4,49,92,169,59,207,230,251,
103,76,103,121,230,117,30,51,129,243,249,205,108,246,210,121,157,56,20,204,31,24,1,108,237,
44,68,13,204,245,10,211,1,205,73,59,85,73,234,19,67,31,8,220,8,185,26,183,51,213,
238,64,18,91,115,211,219,0,5,123,209,241,203,19,92,252,9,226,251,169,39,126,211,73,111,
186,103,82,86,31,191,239,138,10,127,63,159,21,244,185,240,152,87,243,110,90,212,75,28,147,
194,186,157,36,102,86,231,186,138,60,14,218,229,213,124,47,238,78,239,43,49,95,62,246,1,
190,15,147,189,35,7,237,170,238,87,111,217,34,155,17,28,87,250,53,13,240,193,51,32,16,
120,3,152,145,231,25,107,179,161,24,133,233,46,114,149,100,169,30,76,221,82,32,148,65,108,
190,25,159,174,234,197,89,195,187,152,119,133,98,226,176,187,236,120,131,74,140,224,45,199,96,
255,26,227,38,162,81,214,33,21,250,44,249,11,161,150,158,30,128,191,140,117,122,255,18,136,
187,176,138,107,57,4,220,37,122,124,50,63,211,161,41,10,32,155,79,84,233,248,205,107,152,
168,146,150,65,143,213,31,117,116,20,129,103,162,98,188,124,232,41,53,130,24,182,131,16,35,
116,239,135,58,74,216,135,183,137,168,138,33,243,234,205,187,53,213,85,176,129,6,157,103,100,
44,34,76,23,148,247,95,100,29,236,103,89,200,49,102,190,177,113,172,173,57,164,118,253,179,
149,214,244,166,184,96,232,67,190,216,227,97,194,205,140,63,117,143,98,79,225,111,0,255,57,
213,130,39,208,38,146,91,231,159,77,143,3,142,108,36,221,125,32,165,67,240,105,210,165,152,
5,192,145,51,136,112,53,241,8,221,219,28,46,148,46,15,251,149,57,122,149,120,9,203,4,
127,92,127,55,42,44,193,158,37,252,45,174,182,207,22,190,126,233,80,127,149,48,207,46,165,
112,184,115,203,194,67,18,31,55,27,147,70,114,2,227,252,237,141,115,247,162,102,82,232,56,
81,130,168,202,65,153,196,63,244,182,4,228,83,226,40,133,87,196,37,111,9,123,255,91,156,
73,42,205,14,66,231,39,15,102,51,169,229,134,191,3,163,207,55,2,25,241,147,180,236,41,
123,128,255,185,255,188,48,219,213,100,172,222,122,252,52,101,154,190,0,107,19,210,107,15,134,
38,254,138,232,138,127,243,191,37,126,23,122,90,94,250,253,90,231,198,194,148,9,113,2,44,
249,138,87,49,202,66,249,182,73,229,117,204,126,132,233,98,11,55,42,199,58,140,53,209,47,
204,120,232,178,8,226,202,203,125,50,219,208,131,91,198,222,26,80,146,159,71,80,0,36,54,
70,127,0,244,56,138,165,7,111,54,65,143,31,176,80,89,123,212,22,28,112,97,140,184,250,
36,144,154,26,237,166,65,206,208,76,149,29,138,50,32,74,78,161,94,232,118,243,70,88,97,
223,202,95,150,69,223,207,78,184,124,111,225,77,157,194,124,145,228,118,184,30,56,16,93,109,
67,173,116,148,203,137,118,142,186,232,199,186,157,106,196,133,52,220,125,245,88,139,99,113,129,
94,145,63,201,232,89,152,180,103,126,242,235,8,102,73,148,123,65,209,40,22,41,28,165,111,
171,243,131,178,170,149,60,24,32,11,52,15,151,152,93,169,47,200,68,82,131,68,90,231,105,
152,21,49,96,132,252,195,77,4,188,7,83,97,48,57,199,244,100,182,159,201,108,199,161,89,
23,244,184,150,81,149,86,104,77,126,116,186,221,108,105,175,108,116,206,138,6,101,106,160,98,
137,60,113,114,207,68,56,128,124,160,63,3,67,206,28,41,139,169,205,9,93,96,210,118,61,
109,23,233,241,155,134,174,111,121,198,249,233,217,56,75,253,172,11,75,235,101,161,158,24,77,
54,76,107,89,188,229,110,191,85,128,132,149,198,165,80,33,199,196,243,8,152,204,61,90,70,
156,28,94,11,204,68,99,245,27,255,41,6,197,190,107,181,230,212,108,9,230,113,82,106,163,
231,125,163,153,234,166,119,43,81,71,88,12,136,173,237,5,95,134,187,233,39,9,72,206,83,
98,238,87,109,40,116,182,32,186,101,109,40,100,99,36,118,64,115,41,147,184,2,18,15,242,
174,111,131,242,247,47,5,63,30,118,50,198,224,168,5,19,78,239,236,7,23,123,56,181,184,
24,148,13,146,191,6,58,93,84,17,69,109,49,149,99,27,92,30,236,35,190,193,164,169,39,
121,125,45,207,205,92,21,20,193,84,100,218,239,162,59,105,152,127,197,27,229,27,172,26,204,
243,152,147,238,95,42,232,179,230,152,69,138,109,152,163,246,204,125,183,12,65,111,95,57,143,
131,15,242,133,208,220,184,85,234,20,17,70,200,232,59,189,140,136,35,37,91,91,115,193,181,
16,166,170,47,35,11,161,99,139,104,180,29,218,96,113,156,26,218,139,76,103,249,58,191,252,
51,220,206,57,165,151,131,196,211,21,27,194,85,202,245,139,226,29,135,57,158,84,85,230,211,
66,228,77,165,93,22,179,155,151,210,224,211,213,18,101,117,131,89,107,245,173,234,113,136,9,
251,236,182,109,177,73,159,57,80,153,173,9,128,192,157,62,219,165,166,99,173,92,27,157,93,
136,16,99,230,248,82,171,134,69,67,253,43,130,80,151,9,237,202,158,101,25,135,12,245,115,
198,53,64,128,175,208,206,110,193,176,88,38,88,13,38,214,176,95,80,119,51,134,118,53,236,
137,163,205,129,239,68,135,42,103,178,163,70,141,90,61,1,187,117,34,24,37,17,146,138,55,
146,180,127,53,37,140,73,172,68,180,42,246,70,141,193,209,91,227,106,32,41,79,62,177,209,
179,197,78,116,134,117,244,252,157,140,43,34,77,236,230,0,99,241,61,125,62,182,158,5,176,
255,102,162,112,207,196,52,121,11,20,82,59,4,125,222,199,49,155,205,11,78,65,115,45,219,
84,156,77,117,186,81,168,36,176,219,224,130,105,157,245,130,4,21,92,40,183,211,59,71,183,
88,214,80,6,176,38,92,29,178,58,33,134,169,211,63,199,44,240,96,62,223,179,109,21,154,
237,109,240,243,81,193,183,99,160,122,130,73,194,204,71,46,131,134,88,252,198,78,80,42,136,
49,26,155,132,112,2,247,28,116,152,72,230,87,10,167,220,198,229,165,101,66,184,212,198,233,
50,253,49,114,154,70,173,172,140,153,190,165,87,24,235,127,226,187,3,145,199,118,67,140,2,
81,189,196,87,79,185,61,109,190,77,122,177,14,185,207,160,28,177,77,18,216,59,57,249,55,
207,35,59,21,183,187,210,5,138,161,171,4,158,171,34,32,21,33,13,77,87,235,207,188,32,
218,20,113,243,177,147,133,255,145,120,98,139,233,87,22,226,58,175,196,207,217,47,132,241,143,
97,173,153,67,189,145,167,44,1,128,146,194,103,17,99,1,197,44,75,83,85,88,225,97,85,
79,140,146,238,214,240,175,30,140,67,35,251,165,214,27,102,65,34,240,220,9,98,167,160,129,
50,168,191,243,50,165,92,214,164,31,73,145,88,90,224,25,163,47,48,47,55,144,58,150,42,
14,187,62,206,143,154,42,174,94,208,30,218,77,32,210,17,54,112,203,133,139,100,206,211,26,
180,220,144,219,19,90,162,130,254,5,192,58,3,139,141,51,230,64,57,89,15,94,98,244,58,
63,28,189,143,56,182,102,170,127,180,205,250,199,226,62,40,135,237,203,94,76,223,144,187,101,
35,31,0,70,207,251,137,178,95,220,139,98,78,38,251,193,84,247,36,143,239,159,87,7,45,
154,252,25,189,48,76,49,223,145,32,25,32,237,4,220,1,48,87,54,17,159,165,22,231,229,
209,123,93,211,50,106,107,212,120,125,124,111,218,200,180,114,199,205,30,36,128,31,215,38,169,
22,228,147,213,123,56,158,252,92,109,137,198,34,103,145,225,116,212,207,49,112,42,160,52,70,
172,166,102,77,83,2,114,157,196,43,81,70,57,166,168,119,121,154,20,61,186,249,57,144,14,
13,187,204,119,102,197,250,241,149,11,26,121,44,188,192,126,50,167,228,34,55,149,228,25,199,
52,183,137,212,82,10,171,158,151,118,205,36,134,19,119,9,109,143,2,136,168,45,15,195,28,
143,150,215,54,202,240,248,11,228,89,144,50,63,190,87,127,38,86,126,135,82,226,169,49,89,
133,229,40,55,122,159,164,110,7,147,135,88,213,231,138,161,97,223,123,199,216,95,30,17,202,
153,101,220,231,115,29,107,166,242,18,38,87,39,107,48,177,118,14,176,238,202,130,96,105,86,
191,100,221,137,96,95,238,133,154,163,144,254,91,241,165,152,49,193,48,80,32,14,184,182,235,
106,221,108,104,128,229,88,255,139,145,5,1,33,8,140,193,189,26,150,164,145,51,100,165,203,
6,168,228,88,51,1,175,240,130,160,79,56,188,34,254,167,1,103,223,59,246,66,211,180,117,
124,51,107,14,215,175,119,248,83,179,109,78,156,222,146,96,211,191,245,168,157,253,103,79,207,
83,57,169,133,21,9,158,42,14,7,151,161,41,95,39,97,68,235,202,28,157,203,218,25,26,
108,150,191,242,32,156,150,30,94,103,26,195,100,209,106,220,217,179,201,190,185,247,254,67,111,
37,175,101,126,133,137,60,171,81,151,92,32,142,221,246,199,252,97,188,71,221,199,34,219,86,
89,71,234,138,82,121,41,3,150,184,113,178,163,25,50,214,49,252,206,249,175,234,82,238,74,
141,102,200,53,38,201,36,27,33,189,193,70,51,29,102,61,126,153,226,12,71,99,26,216,218,
84,255,88,118,120,1,154,77,114,180,151,216,181,129,168,145,133,173,196,248,114,82,169,187,180,
137,151,108,254,39,90,34,10,221,83,61,95,218,188,63,3,55,78,175,17,31,60,76,200,132,
25,195,48,214,14,10,64,160,26,142,161,198,39,34,143,182,245,13,17,131,27,21,174,61,230,
228,20,34,99,108,179,220,62,132,142,186,253,44,41,5,76,113,228,91,176,254,120,165,85,15,
176,252,157,4,18,200,44,218,46,131,166,41,133,230,255,121,23,175,45,44,166,129,109,114,96,
55,146,20,66,224,203,105,155,13,244,17,190,151,165,237,21,205,249,32,182,188,47,216,103,93,
201,147,60,176,225,59,208,110,14,46,155,47,134,70,51,193,230,225,46,54,5,62,31,105,79,
20,11,69,119,222,114,195,65,103,166,214,210,129,27,54,89,89,3,153,66,80,89,122,222,142,
38,96,37,82,42,80,179,237,100,59,21,60,12,68,66,228,99,196,228,189,24,58,34,13,98,
251,97,117,120,154,140,210,3,4,98,26,90,241,151,214,32,251,111,22,231,76,76,111,222,63,
99,139,203,107,19,39,2,149,239,3,58,244,151,87,114,19,32,33,92,251,225,73,251,114,195,
254,5,147,128,209,212,204,195,133,200,176,10,200,157,171,128,167,121,140,185,226,165,137,176,123,
201,254,86,244,134,208,146,234,224,209,86,235,100,11,238,62,70,46,182,33,72,251,63,39,18,
225,228,33,51,14,51,191,211,6,92,205,126,47,169,7,32,141,202,59,135,203,6,135,96,50,
6,169,77,147,88,225,8,122,85,38,20,36,242,234,180,126,44,219,157,33,73,213,116,15,224,
89,125,29,246,154,174,94,114,98,107,125,29,253,218,58,106,182,8,24,71,131,172,230,123,166,
230,115,39,18,22,169,168,167,60,249,166,184,23,218,170,138,105,82,122,83,155,183,59,114,252,
48,42,93,252,90,198,72,16,166,230,93,91,3,178,184,174,130,157,177,62,238,214,59,208,240,
173,239,63,43,211,236,86,100,255,81,126,78,34,152,2,135,6,98,128,126,110,251,195,198,230,
206,74,93,56,94,198,187,77,185,3,40,215,140,191,25,131,67,188,104,197,171,111,71,75,2,
255,140,197,229,150,79,22,182,44,165,37,57,64,4,27,192,202,3,245,176,93,157,106,158,92,
162,105,71,28,169,68,150,130,11,248,166,248,57,117,223,104,0,128,86,183,30,215,162,56,35,
127,142,105,67,178,24,205,229,0,201,130,90,186,7,117,162,234,14,177,145,69,60,84,160,124,
111,149,144,109,22,4,71,47,212,164,195,239,139,152,82,241,117,223,212,200,116,213,221,95,62,
5,89,92,217,124,17,96,2,179,161,62,2,185,60,171,109,208,160,20,81,43,210,42,87,161,
171,71,57,29,159,220,57,159,75,180,153,142,180,123,205,242,41,165,97,172,138,178,123,135,11,
39,18,241,234,96,84,98,207,43,136,104,90,58,116,19,125,233,32,132,116,206,170,248,226,165,
19,240,56,159,43,155,129,112,244,69,221,66,230,149,214,70,154,234,89,186,201,121,138,32,78,
251,151,161,209,73,95,109,125,147,119,125,246,69,86,204,80,22,151,250,246,107,204,221,114,171,
217,136,109,154,161,148,166,251,58,39,219,119,160,17,243,130,3,133,130,155,38,217,246,124,34,
97,7,181,90,185,48,242,9,49,31,76,215,140,132,130,222,130,190,68,213,74,169,89,136,152,
97,139,6,89,160,16,221,34,231,146,35,134,121,175,216,186,209,77,175,68,94,25,48,226,53,
15,250,215,73,112,139,24,241,21,231,26,15,188,138,113,87,65,155,107,234,0,82,8,46,40,
105,151,170,69,109,68,123,152,55,212,32,202,73,164,41,6,237,191,251,196,14,224,217,99,66,
20,220,214,4,241,65,247,212,175,231,32,162,224,210,104,32,128,193,169,39,214,2,65,148,128,
222,250,116,195,94,27,245,180,100,79,54,160,78,214,183,236,35,219,100,130,46,20,82,214,35,
132,86,198,226,151,42,227,2,170,35,210,97,90,150,81,111,9,141,12,102,92,39,11,14,8,
177,25,68,211,36,101,177,84,52,220,2,35,196,153,27,110,61,156,62,52,68,116,10,52,18,
54,64,6,224,218,121,208,131,156,68,30,192,213,54,155,244,241,246,239,178,22,101,111,139,36,
165,33,242,3,125,249,81,172,63,24,143,119,255,112,69,77,91,123,208,58,176,245,43,122,45,
221,194,249,75,98,113,174,174,122,142,219,87,97,4,33,230,135,152,198,173,88,83,93,158,113,
19,131,147,72,4,20,221,147,163,174,94,119,181,23,56,18,89,112,5,250,164,198,192,205,197,
96,47,146,162,121,165,50,247,168,104,240,219,85,231,6,241,18,229,34,143,138,99,127,173,215,
102,6,173,214,55,210,240,94,164,126,146,88,249,126,183,84,146,239,47,255,21,48,253,15,106,
107,122,205,204,136,101,187,108,98,171,207,31,76,79,185,213,210,227,221,137,136,45,81,93,147,
59,144,240,143,4,65,210,90,144,141,22,251,49,186,212,108,246,200,126,237,180,216,41,49,127,
187,126,241,118,255,219,182,102,192,186,16,238,88,42,33,206,101,134,208,190,128,195,176,86,186,
245,153,5,82,202,6,12,126,169,123,76,82,217,38,249,103,186,52,161,88,171,65,60,64,17,
58,13,138,230,114,111,90,235,16,154,89,20,36,247,228,116,161,229,162,46,81,175,108,155,25,
188,39,141,210,130,154,212,203,246,50,128,180,107,56,184,179,104,30,152,135,248,178,202,137,134,
224,26,50,244,165,107,198,134,211,16,193,124,14,183,94,2,240,151,183,232,70,115,227,159,19,
174,72,229,250,38,34,62,28,134,234,84,125,255,186,146,12,236,22,13,53,240,163,199,139,127,
214,247,120,158,78,219,63,144,63,135,209,4,82,199,114,26,175,172,13,127,6,68,77,65,134,
34,93,126,239,49,162,201,104,108,31,132,20,93,254,128,228,221,78,117,221,157,46,180,25,106,
115,157,5,167,243,90,202,84,164,229,221,151,192,90,71,93,225,124,55,80,68,223,118,244,115,
81,105,202,121,251,166,134,115,234,66,49,184,15,221,200,57,249,152,208,161,60,209,86,5,92,
250,122,217,231,227,245,57,66,93,107,130,106,103,88,163,188,181,254,13,154,114,11,200,155,204,
247,11,1,182,59,124,90,209,242,96,248,206,68,4,28,194,22,41,21,182,120,75,93,166,108,
229,98,8,2,15,125,1,8,84,28,41,83,194,32,165,41,223,125,154,93,191,191,81,133,102,
22,26,119,89,104,239,152,164,234,165,60,65,234,91,65,212,250,198,151,34,141,57,104,9,148,
87,87,194,109,85,30,22,127,163,59,73,233,205,39,155,180,69,112,93,32,251,135,170,95,155,
183,83,94,177,127,221,142,190,236,202,110,247,73,150,147,178,121,119,151,70,60,208,182,15,142,
71,14,137,104,247,79,116,219,55,126,21,81,2,169,100,56,61,147,252,218,33,76,125,85,103,
155,142,174,176,197,113,110,100,204,103,162,115,163,110,130,31,65,12,251,255,103,228,88,104,248,
221,20,91,224,5,206,247,34,74,74,4,99,68,33,141,30,171,101,29,22,150,37,53,4,180,
84,194,176,64,31,34,67,202,102,178,5,155,74,153,32,37,20,198,51,82,205,0,47,105,59,
126,94,87,20,128,4,254,145,81,92,234,47,196,247,196,19,80,23,161,78,162,208,193,162,37,
199,110,176,63,31,237,87,71,5,21,16,162,226,253,72,14,200,110,120,110,85,190,5,12,254,
120,56,64,11,166,161,219,242,103,162,198,88,153,29,158,105,183,205,206,17,144,160,253,217,46,
222,83,127,150,191,203,83,222,56,249,3,31,215,149,187,75,252,126,30,1,218,175,186,89,55,
255,68,171,242,227,100,136,111,67,76,219,242,10,123,168,48,166,208,26,84,95,128,71,253,139,
154,206,47,207,108,101,160,65,231,48,220,56,198,74,91,112,95,171,176,85,94,140,232,5,59,
219,238,104,188,209,77,158,254,227,183,180,135,93,100,131,52,191,230,122,143,134,168,202,247,97,
183,120,237,180,134,255,223,132,171,123,34,78,178,181,100,176,63,130,224,95,244,72,163,106,185,
25,125,242,0,102,58,253,113,94,62,48,142,178,31,41,17,48,227,4,212,36,60,131,116,145,
116,250,168,18,248,143,217,180,121,129,4,224,118,2,18,135,126,4,223,63,133,152,120,192,129,
234,88,160,113,43,168,249,46,230,79,65,148,250,5,89,124,15,5,221,144,169,244,18,175,51,
205,17,79,226,207,24,211,59,189,19,250,198,105,214,109,1,51,173,112,122,236,234,65,169,59,
212,10,228,192,113,241,114,81,134,240,237,122,214,146,13,47,138,24,67,56,94,250,159,62,114,
237,93,178,24,127,178,19,179,15,169,104,114,70,139,8,220,91,14,165,225,26,38,27,76,11,
187,27,64,240,211,226,235,220,0,72,68,5,126,233,82,82,8,94,11,133,48,170,45,52,105,
171,48,15,84,75,138,27,233,123,182,203,195,219,214,92,142,73,87,157,63,89,236,244,156,118,
157,253,249,215,185,136,35,28,51,103,20,106,221,105,103,46,146,55,44,219,194,131,3,137,60,
143,133,162,111,198,104,131,183,45,22,156,53,234,34,167,96,245,33,32,67,148,197,119,41,20,
128,33,60,221,232,127,119,101,34,40,79,117,241,226,185,124,148,194,49,96,83,199,205,114,246,
208,152,140,57,76,203,7,85,125,22,15,235,30,65,114,182,103,95,199,184,165,137,45,78,164,
35,220,214,59,20,143,115,248,173,224,149,65,130,170,127,37,106,29,103,45,56,3,109,47,98,
41,108,43,173,152,46,229,128,93,229,34,248,175,140,87,200,55,91,91,218,149,135,211,61,202,
213,189,132,10,219,189,23,175,97,246,244,142,57,59,38,95,22,196,163,101,232,73,162,140,244,
138,249,71,178,177,62,209,131,139,16,187,140,66,28,84,205,189,179,240,247,143,176,248,21,50,
190,45,93,9,142,193,100,59,127,240,181,65,32,191,86,251,146,224,102,132,80,180,8,16,191,
131,33,240,12,96,215,139,48,57,191,247,198,4,64,140,139,253,84,89,117,49,22,86,7,19,
7,225,194,119,1,98,143,177,104,117,104,65,181,197,255,216,69,205,80,213,1,218,215,140,109,
163,14,187,28,218,213,192,14,54,190,12,152,176,254,196,240,119,35,122,5,47,20,109,88,219,
77,6,184,109,89,228,17,233,131,166,187,12,33,94,195,108,251,214,157,16,124,129,253,45,30,
83,85,121,66,124,176,79,2,90,5,136,118,93,100,183,27,152,191,186,151,56,120,248,221,244,
246,30,124,149,219,101,253,62,46,75,196,53,106,65,221,40,37,248,3,175,80,200,154,91,231,
79,112,158,158,136,63,111,202,214,61,125,133,255,95,153,86,139,78,254,213,17,82,116,152,216,
145,96,93,189,203,241,167,177,112,35,48,248,101,70,52,153,17,42,225,20,165,44,95,101,30,
197,58,117,191,0,173,70,224,88,56,34,249,189,172,128,88,122,4,58,63,140,166,211,219,48,
204,128,188,12,92,127,167,186,68,194,180,39,141,19,67,249,152,123,110,78,249,120,47,102,251,
209,26,7,206,234,182,6,253,206,82,88,138,242,61,62,51,181,231,230,154,92,7,16,21,198,
141,176,15,97,253,112,149,127,52,82,174,219,7,128,111,223,0,3,254,110,204,70,30,93,235,
125,22,148,89,27,235,228,132,73,143,187,39,121,184,1,105,106,150,126,252,176,218,163,61,51,
112,20,201,118,176,11,104,187,95,217,235,157,214,18,125,55,56,167,247,178,211,201,59,218,222,
181,62,121,125,47,63,57,100,213,214,199,230,204,163,179,213,137,168,25,107,154,130,75,102,85,
62,7,108,105,116,173,151,221,186,154,73,145,219,200,246,165,94,28,177,175,185,226,198,32,35,
116,87,227,171,31,56,90,210,99,108,107,196,173,146,37,104,21,12,230,57,169,58,6,83,143,
243,110,230,213,130,166,39,214,194,157,112,102,181,50,56,13,189,119,108,205,199,11,95,235,228,
72,227,69,183,186,212,182,106,236,161,242,85,50,157,93,64,237,14,31,158,248,199,189,199,203,
60,194,163,82,9,136,27,250,223,74,140,73,45,150,92,156,206,226,84,58,182,28,230,208,174,
91,27,235,173,50,36,187,175,108,123,219,58,240,29,105,106,24,137,169,213,227,228,131,0,228,
203,225,108,22,231,71,152,85,133,48,241,118,251,76,247,129,253,45,37,232,44,112,220,152,207,
4,186,7,16,171,75,88,28,143,91,17,74,167,144,198,184,85,243,229,32,109,37,26,178,138,
226,116,221,137,48,208,153,135,188,202,241,57,221,39,55,248,56,0,179,167,158,157,122,42,88,
146,188,121,126,239,65,98,74,13,236,56,166,147,237,61,28,61,246,60,53,227,197,99,56,15,
209,229,109,224,4,242,99,239,174,200,31,250,33,91,215,214,22,85,189,122,154,250,62,76,227,
221,21,131,251,143,121,248,182,139,162,239,138,184,203,97,68,125,66,205,130,96,103,90,84,70,
207,152,118,132,121,119,135,15,202,106,235,25,95,121,249,133,102,190,103,149,92,132,102,137,104,
150,214,92,33,8,126,227,173,209,83,248,145,204,236,150,54,157,5,179,16,151,166,18,33,159,
29,124,231,221,241,36,154,78,86,181,218,56,56,179,145,238,166,67,54,147,66,224,156,75,253,
38,204,204,54,110,111,125,207,233,64,90,114,58,79,235,93,20,71,135,220,146,146,165,177,104,
211,45,113,208,10,245,64,70,82,99,48,212,159,155,249,130,111,241,26,170,60,172,191,29,132,
28,20,127,222,18,53,64,55,132,97,247,238,116,40,162,155,109,78,51,122,165,59,225,224,191,
245,25,111,115,152,240,99,67,249,85,206,161,94,137,193,5,104,186,153,116,196,120,74,159,78,
190,132,163,77,61,129,186,13,61,81,124,169,97,249,189,40,253,104,239,148,119,183,208,60,81,
251,110,58,75,191,117,212,2,222,133,27,229,176,189,220,177,102,203,238,109,147,145,158,30,254,
150,86,212,230,110,43,156,136,166,119,38,126,92,218,188,233,72,157,153,51,215,83,30,192,135,
125,137,74,164,122,133,74,101,152,205,167,85,80,255,66,106,141,95,16,202,171,53,71,63,78,
174,49,63,64,202,44,97,132,170,242,131,252,1,153,81,181,60,121,71,243,89,127,130,125,121,
121,223,80,97,185,247,189,24,176,68,95,184,233,191,36,230,67,54,89,151,208,167,192,145,36,
150,136,8,162,160,141,127,162,132,98,68,142,16,157,84,34,57,196,187,147,252,237,165,92,210,
177,80,145,141,179,217,98,54,169,251,21,119,35,157,104,37,149,144,248,6,173,159,63,173,153,
228,232,61,73,222,246,148,57,46,129,65,237,59,85,188,34,253,68,181,51,111,31,125,17,48,
41,119,112,103,233,51,155,218,130,159,148,200,127,26,157,164,35,179,156,87,156,2,59,176,23,
72,37,132,237,162,165,32,69,237,205,128,156,132,230,140,207,157,195,0,135,156,207,192,232,141,
56,103,47,24,32,166,176,93,55,203,36,50,38,46,3,132,210,18,35,38,70,38,57,123,249,
108,242,202,4,1,218,6,68,223,32,27,121,179,209,180,209,187,252,150,171,35,147,215,116,141,
201,208,46,132,188,60,145,106,21,18,125,109,54,113,23,94,232,246,33,95,168,120,43,139,50,
85,159,51,239,135,166,89,42,140,115,239,65,2,255,137,198,20,139,111,70,203,162,249,166,58,
223,50,203,145,93,226,111,248,229,218,88,236,138,134,228,105,18,123,244,191,148,56,153,144,252,
123,73,213,127,17,207,95,176,195,197,66,19,192,26,139,49,170,14,255,113,153,238,178,101,89,
141,157,141,117,20,15,244,159,118,60,129,207,48,50,66,96,252,199,63,233,114,98,219,92,61,
254,249,56,3,208,249,248,167,174,23,44,115,158,186,165,124,248,164,67,168,80,182,52,136,62,
112,202,101,88,80,12,72,125,203,199,218,84,151,10,98,82,22,249,175,177,67,210,39,4,72,
121,68,153,61,13,197,205,145,251,208,200,163,79,4,150,120,158,117,106,134,0,178,57,2,121,
184,108,190,207,126,146,252,186,132,2,211,111,77,31,115,134,148,123,43,241,218,157,100,219,172,
163,236,153,8,56,203,206,22,141,154,224,71,101,211,5,231,128,152,226,50,153,253,130,17,168,
212,74,32,136,70,240,180,54,144,245,211,92,138,129,228,102,132,232,6,149,245,49,52,213,212,
55,144,8,67,227,107,95,158,20,106,96,209,145,28,153,80,27,232,22,213,8,137,46,200,56,
68,61,219,229,154,214,224,234,5,19,200,37,235,137,120,162,132,202,11,62,137,10,193,116,213,
115,110,252,54,243,110,107,36,191,4,70,29,146,219,15,47,121,72,255,39,254,32,212,159,229,
170,200,102,169,89,106,128,97,52,103,24,5,230,202,219,226,19,225,236,92,159,179,113,58,247,
60,85,159,34,114,57,47,70,81,157,94,169,232,238,172,92,182,41,244,178,57,76,37,80,78,
171,71,131,75,107,136,214,60,241,20,255,95,231,231,241,59,193,17,202,38,46,223,252,156,174,
240,64,86,20,0,231,40,217,178,109,40,6,155,12,195,100,143,193,166,97,30,188,149,216,84,
35,101,195,120,13,79,192,62,203,209,9,184,210,0,231,12,231,55,194,189,125,121,32,94,174,
185,6,115,46,45,213,74,238,131,209,131,246,213,14,164,73,195,245,226,216,137,206,51,176,79,
21,210,111,247,142,252,167,32,207,88,103,154,248,121,13,170,230,144,249,212,207,225,113,150,128,
109,249,186,100,199,129,16,149,10,47,75,165,154,27,178,207,29,74,194,207,243,126,13,128,185,
82,209,11,247,63,144,216,15,188,88,204,228,186,192,182,147,39,40,206,68,39,170,133,174,57,
77,251,109,64,230,115,30,88,124,162,210,206,119,117,129,249,221,47,179,43,1,253,216,27,230,
15,222,28,7,230,75,38,157,189,55,86,174,207,217,18,122,136,190,22,30,193,151,91,226,223,
222,142,182,196,226,226,187,249,199,149,207,92,251,169,152,67,237,252,15,124,49,254,156,202,211,
86,112,93,42,244,5,23,27,63,198,102,97,91,47,167,223,44,36,196,72,32,24,135,126,129,
7,139,123,37,160,186,131,142,134,128,67,170,185,249,60,75,14,141,87,232,247,216,119,165,80,
101,22,147,245,210,108,245,46,129,179,151,77,241,208,73,157,3,214,118,116,205,232,186,175,231,
157,212,238,237,74,170,32,214,190,140,50,125,139,2,241,44,49,108,24,69,178,175,105,65,99,
114,23,176,1,99,75,132,243,159,243,28,15,182,154,50,207,24,245,125,62,60,80,200,239,216,
225,119,245,40,254,236,6,238,33,221,56,27,231,225,79,93,41,28,132,76,57,80,119,52,173,
128,103,54,58,92,62,73,216,246,202,64,132,168,21,7,232,193,96,174,68,53,51,212,66,189,
200,52,239,110,125,88,123,65,133,110,228,169,163,82,230,133,125,159,45,82,177,127,151,146,52,
144,211,143,8,62,118,120,67,23,238,148,96,5,215,186,177,213,252,10,222,159,92,163,99,188,
5,163,140,97,219,245,77,68,132,241,105,74,148,72,172,221,108,191,4,24,147,156,112,121,158,
171,170,107,92,233,206,136,199,182,64,34,4,139,189,75,164,96,118,32,103,209,28,68,82,185,
67,32,62,88,130,3,223,105,235,190,58,108,1,238,155,234,48,6,219,35,178,225,173,146,171,
172,149,196,106,70,132,213,114,212,105,59,116,130,239,107,135,14,84,83,233,75,249,96,145,164,
122,46,41,228,100,188,134,42,174,252,103,155,201,129,74,235,132,159,186,127,124,203,164,143,44,
144,25,3,12,195,54,137,103,4,97,21,6,74,226,190,62,212,218,133,134,87,194,191,154,178,
232,178,87,205,209,149,58,164,37,191,87,1,6,53,98,92,51,165,4,4,51,43,91,61,213,
20,163,119,50,157,117,171,134,157,201,201,175,234,21,94,55,123,97,55,141,18,21,95,173,94,
171,176,224,210,226,228,67,134,194,67,98,99,239,84,40,211,251,209,56,239,181,175,113,54,141,
162,201,75,97,1,171,222,28,149,109,132,154,102,36,65,27,236,197,17,107,55,244,235,107,97,
90,140,148,254,235,245,38,60,126,101,192,122,173,243,178,228,164,107,120,144,218,87,129,249,92,
203,179,23,18,152,5,206,25,137,17,63,82,133,203,62,46,208,165,76,179,180,68,89,181,120,
31,239,129,99,210,195,34,209,128,188,146,76,94,38,11,123,36,84,202,48,6,70,4,39,138,
221,124,185,15,11,137,234,194,16,40,9,44,233,38,196,253,75,164,158,104,254,41,209,35,201,
84,24,37,48,197,46,184,67,254,84,14,122,198,80,238,129,21,127,132,143,221,254,188,189,38,
202,147,132,10,84,243,152,25,4,124,80,53,39,124,225,13,241,165,63,151,24,90,160,226,227,
31,42,142,125,153,212,113,121,133,201,127,190,106,80,153,22,82,32,169,84,63,57,126,38,49,
41,77,244,158,181,52,225,46,137,127,158,146,190,27,191,251,237,6,251,2,99,183,177,22,41,
104,46,155,142,77,228,162,46,9,233,226,159,96,56,25,84,161,82,82,60,166,243,96,42,77,
240,205,57,83,199,100,116,33,68,140,68,131,218,137,57,205,53,217,224,253,63,113,47,181,112,
54,63,255,146,211,50,90,48,233,82,153,208,191,174,183,15,141,24,200,101,107,92,49,69,166,
28,231,231,14,117,160,10,206,155,122,94,31,87,138,84,40,157,45,242,106,206,161,97,179,231,
160,244,185,169,184,13,221,186,35,162,38,161,142,121,195,126,169,141,155,199,139,246,128,247,151,
87,206,208,179,169,57,205,187,42,202,135,156,255,244,40,77,228,0,75,137,229,112,118,72,250,
96,203,48,70,139,27,73,89,150,184,61,150,162,102,182,113,128,56,159,47,160,124,59,146,199,
142,176,53,249,89,46,85,220,217,177,146,52,228,14,110,117,186,66,156,251,48,111,205,8,191,
153,121,126,254,90,169,97,232,206,181,16,44,242,250,129,246,228,199,62,65,2,79,60,147,40,
92,209,92,255,55,170,11,64,53,31,37,17,131,134,154,27,253,107,176,10,78,153,182,38,249,
116,145,190,97,95,250,239,184,219,154,224,168,79,152,6,95,111,178,11,50,140,22,158,181,5,
142,217,222,208,164,227,14,33,180,41,178,188,86,99,113,125,9,181,160,128,173,249,135,88,15,
60,121,131,178,21,222,167,244,152,226,205,45,216,241,76,190,158,155,237,199,215,206,8,144,157,
244,24,30,133,200,197,126,193,167,23,0,148,126,213,18,123,130,19,142,190,119,188,70,60,219,
159,252,242,167,146,66,37,165,84,125,30,252,51,66,153,154,190,4,127,41,176,65,136,31,224,
113,170,90,60,241,166,241,97,170,170,170,170,197,9,223,91,192,249,67,133,32,187,253,164,123,
135,15,129,253,231,17,190,86,113,13,27,93,120,0,205,49,205,235,52,214,39,200,155,202,37,
215,162,20,178,219,154,34,14,59,78,119,174,244,244,3,139,98,144,34,171,98,157,9,83,245,
0,49,91,254,9,24,174,214,44,63,53,24,133,41,206,170,247,188,191,112,178,191,73,75,227,
137,121,110,77,199,174,32,22,91,37,21,17,244,73,105,168,21,36,114,57,202,206,26,237,88,
232,71,250,134,121,136,83,117,206,217,149,153,109,156,17,242,80,53,68,5,100,195,153,165,5,
74,41,126,119,38,73,105,61,53,235,226,89,126,192,80,133,127,19,104,74,146,19,211,58,147,
143,36,185,90,28,52,205,88,237,2,211,53,191,121,240,161,192,82,68,83,68,107,166,127,110,
133,140,1,132,230,97,83,218,107,170,150,198,190,42,185,136,225,166,25,7,214,33,206,174,53,
220,67,63,24,155,10,43,15,66,210,143,55,12,57,3,32,150,131,215,204,14,188,109,17,21,
71,104,199,249,60,116,150,242,19,139,142,182,4,142,245,106,124,189,213,175,242,215,148,156,60,
248,119,198,12,58,191,183,28,138,27,238,180,146,93,101,122,165,122,217,219,186,180,217,82,47,
57,152,86,13,8,19,20,175,134,247,131,35,72,102,213,33,93,200,231,27,77,69,174,111,244,
238,140,65,186,159,9,76,240,136,190,246,227,102,63,49,76,18,223,231,64,107,16,181,204,98,
203,238,17,114,88,118,117,140,90,14,61,231,96,231,12,38,212,215,161,71,192,252,192,162,201,
78,103,197,176,9,231,214,57,131,253,111,156,52,61,21,129,172,106,195,191,91,24,4,44,107,
146,127,229,10,142,54,216,243,106,26,255,90,166,38,121,192,128,124,255,35,18,200,13,240,249,
203,214,85,141,200,58,246,156,18,13,101,73,85,226,122,133,3,154,145,157,43,218,185,170,252,
241,48,115,134,23,230,158,185,141,197,202,137,48,211,182,126,110,167,30,235,4,31,167,22,212,
190,230,35,155,67,242,242,78,253,51,142,36,30,172,68,207,237,200,148,91,213,32,212,53,28,
173,177,9,169,55,76,72,67,79,205,76,208,77,114,116,71,79,193,53,21,149,172,187,148,242,
93,186,144,220,230,225,5,63,151,48,41,187,84,32,64,157,78,112,248,27,21,163,167,88,38,
221,197,34,153,131,71,98,74,64,16,237,220,35,198,47,224,6,144,85,25,33,76,220,145,54,
201,54,167,75,185,110,201,215,227,167,203,129,119,175,175,136,218,130,123,188,127,234,93,82,55,
128,99,99,34,178,244,46,48,47,118,7,147,30,35,160,184,159,233,185,22,58,216,83,82,56,
111,65,157,28,181,0,242,250,87,43,215,141,83,160,203,117,227,189,231,20,191,90,248,59,98,
197,252,70,143,243,128,78,127,147,143,39,2,69,41,125,100,121,219,147,34,43,94,32,185,85,
247,72,110,177,17,5,144,114,150,184,180,82,74,251,64,103,230,178,1,70,58,146,16,161,207,
192,183,66,242,99,158,144,232,87,208,110,211,43,49,9,199,66,143,127,244,22,106,13,16,50,
40,141,28,238,211,141,0,218,80,152,66,137,232,30,176,119,17,67,206,118,73,186,34,0,255,
237,224,148,100,229,57,12,82,155,68,111,248,105,114,251,54,165,229,199,3,237,52,184,142,190,
162,140,214,27,228,139,112,210,123,251,68,193,63,64,176,110,5,199,162,23,134,169,212,176,28,
47,141,19,57,131,247,144,196,170,37,205,254,49,225,239,203,73,163,185,228,44,199,234,197,94,
139,245,69,103,19,19,160,214,107,191,59,94,211,194,224,64,164,202,91,197,102,162,138,76,100,
208,253,199,77,146,59,181,231,13,23,162,171,123,129,137,198,107,51,232,211,52,174,92,174,89,
198,16,164,131,88,254,68,54,41,105,87,168,174,144,212,39,64,13,221,244,93,104,5,166,41,
110,232,233,105,19,30,80,13,167,106,171,168,7,146,106,141,43,53,143,113,16,140,125,147,116,
146,199,239,118,48,24,96,24,83,192,26,87,68,206,240,27,2,238,241,160,3,185,153,68,41,
111,219,246,91,91,50,157,64,243,89,40,254,135,159,33,64,180,30,27,170,8,255,40,26,250,
163,193,181,44,165,160,79,191,236,178,5,29,14,163,78,57,12,141,90,252,14,89,78,38,61,
162,95,112,3,221,32,160,231,38,208,15,116,109,121,214,13,47,197,112,141,192,7,177,245,23,
181,183,18,158,240,4,174,49,60,118,154,153,75,243,155,57,240,204,75,46,64,234,28,252,171,
37,224,114,25,199,167,11,216,76,78,138,219,178,50,104,42,104,240,167,114,197,205,201,93,36,
179,167,129,210,82,182,158,74,62,213,175,250,244,155,93,228,137,197,143,83,61,230,94,167,220,
64,67,235,1,40,34,28,103,0,135,139,241,128,153,205,67,179,47,71,66,243,232,174,11,191,
108,13,111,255,70,41,133,236,208,175,51,30,206,183,132,10,68,73,219,69,219,43,199,245,144,
83,39,208,185,27,84,19,229,223,11,5,93,144,20,36,20,25,47,42,103,235,202,65,8,238,
21,156,215,151,180,9,0,113,178,189,235,247,74,0,78,171,103,203,21,206,172,132,252,250,3,
53,104,26,110,96,115,228,192,167,143,2,160,233,51,193,107,165,118,248,13,95,56,176,37,123,
112,152,199,239,66,163,217,92,190,89,247,138,212,35,161,38,230,214,117,52,214,37,101,199,252,
28,0,214,76,199,213,191,92,101,170,223,212,60,60,243,114,57,2,195,39,92,86,177,110,129,
19,47,159,187,243,164,216,42,206,230,171,221,222,174,102,164,244,178,69,94,194,140,57,109,118,
153,254,249,228,1,224,119,18,51,123,125,180,112,115,249,9,236,12,34,158,152,213,204,84,237,
205,177,70,104,200,85,23,39,22,53,97,251,162,36,39,23,126,172,181,190,15,32,227,144,133,
111,132,159,152,37,171,59,244,126,110,142,17,205,209,13,254,135,143,196,41,45,49,226,194,75,
177,13,52,93,161,16,16,0,164,8,22,133,34,29,55,133,200,45,7,154,163,220,191,224,179,
114,136,143,168,122,114,68,46,17,40,143,241,2,50,203,103,248,157,27,76,207,74,1,18,63,
252,250,1,76,13,15,232,236,192,158,205,119,142,46,53,233,253,36,137,47,95,26,35,45,52,
174,58,1,253,44,201,118,30,173,15,202,1,111,163,238,137,203,176,177,66,15,38,65,6,132,
171,126,239,147,39,193,111,68,191,6,225,238,46,215,49,135,64,130,89,248,38,123,154,58,149,
77,89,222,1,111,134,160,156,72,176,10,63,140,22,146,219,74,69,118,202,228,144,121,4,176,
14,192,30,8,128,132,224,239,206,190,69,241,127,94,63,228,209,26,150,149,98,104,97,68,154,
36,255,157,155,9,25,211,22,141,253,32,197,149,46,75,191,122,35,189,153,23,206,237,106,93,
68,27,91,11,57,170,120,166,170,134,179,134,165,99,186,230,9,111,241,154,14,252,194,223,201,
18,48,236,134,135,137,102,194,68,108,235,166,204,219,234,88,173,9,17,91,69,183,218,25,148,
245,171,239,132,92,90,145,63,146,89,158,19,32,124,208,64,216,254,120,69,46,72,233,60,105,
16,142,107,74,163,113,106,65,126,186,126,245,229,136,223,102,97,167,5,53,230,0,142,131,130,
11,174,163,236,240,213,29,243,212,246,57,203,200,161,147,2,24,159,169,73,66,96,150,227,50,
185,142,80,52,45,226,38,12,65,57,174,104,201,36,226,44,73,197,130,195,187,199,45,168,93,
213,162,58,51,228,187,59,105,235,111,13,215,158,99,107,1,85,137,204,75,186,142,187,246,30,
255,249,199,239,28,246,220,105,35,60,176,42,140,189,147,8,244,26,101,140,165,89,72,26,202,
212,236,105,111,227,132,96,74,112,182,196,132,75,160,116,143,76,190,134,145,105,219,85,141,30,
225,150,28,7,180,12,90,96,170,121,145,191,165,120,36,235,231,95,77,120,208,4,115,169,147,
182,244,217,254,246,99,118,172,149,241,3,5,129,58,131,211,170,231,79,9,91,75,86,57,114,
63,242,8,81,179,163,148,215,22,28,233,3,189,241,185,17,20,209,57,139,233,223,20,122,231,
195,162,57,240,93,73,245,43,105,128,111,168,110,206,145,76,3,176,24,112,185,86,21,180,143,
49,178,103,8,138,117,143,82,26,24,214,112,114,44,91,99,3,167,86,102,43,208,156,195,160,
101,38,113,242,210,72,154,239,221,143,225,34,111,249,84,107,8,90,16,250,121,37,70,133,129,
242,29,191,117,140,190,158,23,85,230,19,77,241,148,179,240,73,46,155,153,240,63,218,69,186,
40,156,75,129,156,70,63,168,223,228,113,249,117,240,89,28,164,234,121,251,94,147,161,99,236,
224,60,223,194,153,176,68,38,125,73,130,95,119,131,98,51,50,138,97,181,121,124,249,127,206,
92,76,54,18,157,61,186,171,20,175,155,133,109,173,158,152,13,62,221,255,212,101,72,10,127,
126,51,218,206,117,217,178,63,159,127,110,84,37,88,174,151,55,124,11,141,71,221,166,92,163,
203,17,99,21,82,157,194,80,97,78,152,127,216,31,66,228,187,115,165,28,160,202,21,47,124,
83,203,141,229,175,217,125,210,233,117,191,19,38,122,213,38,144,100,148,40,31,229,54,188,210,
37,81,208,203,80,12,206,153,227,226,217,36,38,127,85,50,210,102,238,108,167,223,26,153,128,
56,3,218,49,105,93,12,213,190,0,38,138,146,215,99,109,103,207,178,188,249,200,3,47,213,
209,143,255,153,163,97,149,232,27,24,14,93,6,12,189,73,177,108,7,210,18,253,227,183,43,
172,83,92,128,131,49,152,17,54,151,8,27,48,124,32,136,83,181,226,150,171,63,53,186,72,
98,187,199,34,7,125,178,97,197,103,232,34,185,220,157,122,222,234,214,210,235,117,112,62,234,
229,198,69,147,86,240,188,217,13,143,132,112,38,109,144,97,107,184,154,223,124,247,204,13,101,
232,205,229,207,0,108,192,60,101,26,200,150,207,145,121,196,54,190,254,126,237,78,183,62,242,
122,9,210,23,188,10,108,149,28,91,55,126,225,148,14,244,53,109,190,200,148,226,151,233,148,
106,113,47,115,55,229,3,160,148,68,175,73,194,255,163,235,218,250,59,156,202,192,93,4,232,
103,72,17,6,159,57,219,208,105,222,165,172,251,105,130,14,244,111,87,126,116,56,198,74,155,
61,4,206,50,134,142,235,210,253,176,89,149,94,235,6,36,3,143,26,79,35,179,132,211,45,
203,86,189,81,105,65,5,124,47,219,155,69,145,195,92,250,8,150,111,85,7,190,29,83,11,
206,155,180,28,42,54,249,72,126,22,47,245,213,245,94,15,210,134,9,67,111,27,116,115,180,
121,8,104,77,70,235,56,33,5,77,114,17,93,135,250,192,26,100,151,11,255,77,100,70,114,
138,95,148,193,81,252,46,51,220,193,201,0,149,29,117,208,246,27,190,51,99,45,157,232,131,
69,164,159,213,189,153,57,94,233,201,159,238,55,69,78,101,100,254,105,119,246,48,129,94,58,
31,64,183,30,220,177,135,6,252,14,183,196,116,71,177,120,221,121,138,59,227,106,220,57,28,
212,114,14,23,146,202,236,94,113,137,237,25,180,22,127,159,6,191,30,5,251,146,199,177,114,
94,115,143,49,81,234,239,166,123,135,83,236,147,211,123,60,157,238,21,46,1,227,227,165,180,
124,242,91,92,7,49,253,202,28,117,73,181,98,232,39,168,244,218,20,139,156,104,140,243,241,
17,140,159,94,251,230,124,61,17,163,222,172,9,22,120,100,73,99,3,126,159,242,142,139,219,
162,152,238,87,34,238,38,134,129,56,170,62,106,27,3,73,70,246,167,133,227,160,74,245,194,
207,192,65,56,46,210,10,122,194,221,184,114,45,137,97,172,223,221,49,232,15,238,72,202,131,
182,33,41,134,90,255,240,205,174,121,42,83,21,77,1,220,185,129,35,87,210,69,241,193,116,
54,232,72,186,109,182,99,170,94,196,238,237,77,138,139,7,192,186,213,132,140,205,188,178,4,
8,163,232,3,148,78,37,129,102,18,211,152,128,146,132,175,56,103,178,35,22,191,163,193,8,
35,100,15,222,40,98,241,244,12,80,46,225,146,169,52,226,11,104,23,2,254,80,222,242,186,
169,164,240,125,242,209,138,3,99,134,234,86,222,141,132,211,84,17,232,109,171,112,66,76,170,
59,1,199,225,92,106,118,52,254,64,81,98,147,2,44,61,205,169,153,165,129,198,132,134,98,
236,147,248,193,122,149,47,210,254,146,6,23,58,182,113,171,254,103,212,27,253,52,181,63,49,
48,193,110,28,209,191,193,47,61,4,109,86,157,26,231,90,101,182,248,61,73,52,140,67,70,
17,77,223,141,29,20,205,7,138,140,111,86,90,97,62,121,168,104,169,204,161,198,178,181,47,
53,21,142,248,149,54,129,253,180,193,224,146,148,41,233,185,132,232,175,138,183,230,91,225,15,
192,200,77,59,179,16,251,190,127,133,135,92,168,244,49,65,115,9,80,149,170,86,194,227,22,
89,111,111,231,170,97,92,43,241,6,139,199,191,20,56,145,226,1,86,97,151,234,131,73,229,
204,63,70,178,4,146,3,214,7,235,125,242,27,202,15,164,190,159,140,224,31,205,119,209,241,
81,129,213,167,160,247,161,9,46,112,66,99,72,68,110,20,216,192,79,80,0,140,52,92,230,
125,231,124,41,225,173,169,0,253,203,71,98,129,195,194,248,121,69,21,126,13,244,87,225,231,
185,217,53,125,119,109,209,204,58,62,79,125,217,65,166,48,67,108,192,198,68,141,234,240,7,
244,125,86,169,78,152,242,58,204,23,20,101,73,34,104,33,91,67,200,185,207,104,146,239,44,
128,151,215,98,30,156,86,116,196,34,69,44,38,185,99,248,169,225,189,219,110,83,61,254,10,
125,38,181,99,11,28,145,149,193,113,228,175,48,241,97,182,63,58,75,40,57,164,215,125,151,
229,117,171,243,56,191,1,247,235,159,129,135,189,148,40,187,31,55,190,14,154,191,169,252,39,
92,211,218,120,80,211,159,139,155,166,207,189,161,229,8,138,49,57,102,252,160,221,105,121,99,
87,115,254,83,109,108,23,237,254,196,76,111,245,206,200,132,35,237,18,179,85,244,116,243,93,
232,109,210,187,61,3,181,246,187,64,21,242,152,102,207,118,182,115,47,114,138,167,227,110,148,
166,10,130,93,239,150,241,147,138,150,96,101,12,93,132,141,231,176,245,153,210,163,17,130,225,
40,30,8,103,21,50,216,124,205,127,21,57,18,87,50,235,54,95,110,97,117,190,199,138,253,
132,223,69,254,245,55,67,24,141,252,113,153,222,148,35,27,179,70,10,166,66,55,208,157,111,
134,13,229,86,95,203,124,45,215,33,218,217,13,71,218,196,93,113,122,63,154,158,252,18,252,
38,216,120,244,38,143,213,60,234,176,204,3,68,58,3,239,120,120,122,195,212,138,236,96,228,
115,52,7,23,139,135,25,128,150,172,200,146,68,139,38,156,156,170,79,127,101,35,199,9,211,
225,73,250,31,38,115,212,133,227,46,57,114,1,241,213,4,106,91,66,113,190,68,55,194,164,
22,244,227,222,100,45,149,220,60,51,117,63,203,121,144,101,159,140,174,136,164,129,163,253,46,
80,150,73,31,84,216,171,122,61,38,169,11,89,248,204,93,4,84,217,22,219,27,117,240,77,
57,84,72,196,156,53,88,64,225,135,234,39,99,69,74,233,43,152,190,183,155,13,134,1,96,
217,231,68,227,91,83,111,245,8,238,100,32,241,129,87,43,187,12,106,173,56,23,202,93,168,
133,201,134,246,152,146,221,102,199,77,199,64,49,254,156,115,169,181,177,53,82,58,14,233,236,
185,117,135,161,162,197,145,99,225,69,182,71,151,34,200,251,246,240,201,219,204,174,220,49,249,
219,79,45,163,148,64,9,85,221,64,101,90,189,80,192,129,209,70,135,223,150,244,196,247,121,
159,171,243,23,49,46,220,199,198,186,185,246,166,202,181,15,33,41,87,153,96,123,54,81,190,
114,154,103,164,79,149,208,3,163,133,65,192,172,245,171,248,72,204,173,178,2,23,175,216,15,
99,54,205,58,174,200,245,54,166,206,179,104,130,148,143,234,36,154,34,237,85,147,47,15,193,
67,119,72,137,45,41,31,245,193,168,216,13,23,155,49,196,116,133,109,197,76,43,81,72,104,
43,76,44,97,27,231,180,112,153,9,14,174,197,136,123,8,130,153,0,219,149,18,193,234,128,
2,116,75,119,21,26,73,248,205,27,234,99,32,73,190,6,130,216,220,24,198,132,48,31,177,
255,177,93,93,96,217,249,235,52,188,179,70,81,152,37,140,53,13,9,79,170,104,238,221,223,
74,253,233,126,251,55,68,39,65,217,142,14,23,175,146,236,193,121,165,232,41,131,179,205,167,
204,134,148,204,220,149,227,211,61,212,2,179,110,2,97,212,181,115,164,21,17,99,176,101,30,
162,129,185,213,56,27,92,182,88,59,45,58,74,114,50,87,35,70,68,49,150,135,139,89,179,
126,63,3,18,83,56,28,82,144,200,7,189,254,144,79,211,241,90,218,15,31,50,235,100,149,
14,81,135,218,10,24,255,151,127,6,191,95,4,179,223,101,101,159,227,113,127,61,60,115,150,
49,120,238,34,229,4,129,113,94,228,20,86,229,195,54,80,233,151,0,15,236,28,234,98,193,
205,70,210,184,98,56,11,154,117,168,189,24,38,108,84,84,88,49,14,20,237,217,18,193,161,
5,249,69,5,9,2,56,59,33,73,179,150,237,187,36,128,191,49,102,178,102,178,231,189,14,
58,32,241,178,179,31,71,189,233,26,250,215,155,122,86,159,111,247,242,122,242,248,174,164,129,
2,153,54,165,103,171,149,53,88,57,114,131,124,2,224,60,234,46,247,110,211,247,191,208,141,
32,179,66,204,38,7,255,32,151,253,71,136,112,190,239,125,54,50,131,199,188,83,61,226,30,
204,183,216,94,66,228,84,163,93,53,145,69,159,58,157,127,179,254,235,84,122,201,79,140,154,
71,189,43,14,45,23,17,22,157,88,186,19,214,242,149,9,180,204,148,121,46,227,70,246,98,
122,165,10,180,18,213,240,66,235,6,97,153,176,162,58,103,118,142,118,133,38,35,60,137,90,
234,227,179,131,229,220,157,82,186,185,27,121,136,107,182,204,30,202,84,1,175,186,186,124,170,
218,75,182,111,189,121,52,0,19,136,50,108,239,46,1,143,33,207,167,234,158,239,110,24,163,
172,46,43,101,31,248,136,129,67,105,122,104,24,38,238,235,123,213,105,96,193,126,174,71,120,
30,66,208,29,38,132,17,186,112,79,154,90,220,148,59,130,132,183,224,177,192,253,168,22,113,
223,131,254,50,235,141,176,177,26,132,73,26,68,233,14,203,11,82,235,155,213,35,189,247,172,
110,147,169,10,99,203,129,252,223,45,161,231,158,140,80,147,64,77,50,234,1,72,216,245,248,
137,192,141,214,233,50,9,137,62,79,84,7,37,93,54,20,189,76,141,155,93,142,236,166,115,
155,173,248,170,155,125,131,22,225,127,47,84,237,47,177,15,167,63,154,43,41,204,172,228,18,
239,101,86,212,22,65,123,125,158,56,16,143,251,0,150,68,28,207,124,35,14,38,59,208,186,
119,209,170,108,254,169,229,110,12,96,202,160,247,124,254,65,250,93,171,83,162,73,13,133,247,
224,251,36,131,232,35,222,188,45,16,1,21,22,212,102,74,190,171,235,131,20,246,252,47,41,
147,173,161,52,8,183,107,1,13,46,13,142,17,198,173,31,83,21,2,222,164,75,21,91,227,
204,140,47,122,30,87,245,189,76,222,82,103,253,110,173,251,223,224,217,174,181,162,36,117,225,
67,31,171,220,205,110,235,213,99,60,109,253,72,136,27,7,163,58,77,240,42,250,45,196,188,
54,20,93,107,137,182,2,39,165,48,198,51,116,137,245,84,115,53,146,200,200,27,90,220,6,
147,88,203,252,209,195,208,45,20,49,229,214,131,249,126,180,228,223,191,196,135,177,101,75,21,
162,1,95,173,142,204,158,203,191,168,227,184,4,210,121,155,79,15,199,67,27,90,60,204,31,
57,128,188,117,182,128,16,111,14,234,165,137,128,134,117,52,90,147,113,213,176,49,2,166,8,
227,123,150,198,215,143,223,96,154,255,130,188,138,197,53,138,70,214,67,12,129,166,98,193,229,
94,116,242,194,97,35,191,217,166,180,115,197,160,13,209,53,193,4,146,112,191,235,31,212,65,
57,136,160,24,142,157,235,146,25,169,102,177,39,202,150,250,184,54,191,251,123,40,201,136,20,
202,61,73,38,134,40,131,52,179,24,127,41,174,202,195,208,156,124,71,109,65,26,91,16,106,
188,178,131,35,203,1,194,116,139,184,202,175,212,234,74,255,2,218,81,81,25,18,24,73,68,
93,197,133,84,103,123,119,158,138,111,37,100,137,10,45,241,12,250,68,111,149,213,254,22,192,
130,9,126,241,170,192,196,249,241,80,81,196,143,4,163,14,50,168,141,221,212,196,1,163,170,
122,76,222,107,81,133,0,183,83,171,110,100,87,61,101,95,253,43,239,212,148,219,239,169,17,
231,94,32,77,13,253,103,78,209,86,228,186,54,16,194,38,179,183,136,119,197,73,42,238,29,
231,209,28,230,31,69,255,244,213,69,228,47,98,134,144,35,248,48,22,13,0,117,209,37,108,
192,98,26,24,121,130,100,231,117,238,205,51,9,184,201,92,1,28,74,4,189,31,57,207,242,
77,132,137,196,246,34,144,186,62,210,148,125,129,243,89,176,55,239,176,234,136,145,192,176,199,
161,213,166,0,68,123,125,205,152,25,187,126,65,142,31,163,109,139,131,203,215,9,157,174,30,
132,112,147,204,180,188,197,68,134,200,100,82,187,202,155,212,153,173,164,162,34,230,129,77,226,
23,9,179,113,198,96,45,248,164,134,70,195,190,213,252,238,82,234,158,198,41,246,2,35,142,
202,104,191,226,39,12,209,126,56,107,83,218,136,121,181,132,60,240,110,154,194,18,32,83,178,
162,32,100,87,97,236,79,127,186,152,61,1,10,233,168,253,70,167,86,126,200,35,20,186,154,
194,73,214,236,201,0,131,223,114,205,65,219,131,13,35,140,199,18,27,31,11,114,191,111,223,
253,108,98,215,227,214,53,22,248,221,200,128,159,31,83,220,79,224,129,4,126,72,6,216,21,
3,220,30,206,21,251,223,27,228,67,155,131,67,227,234,78,140,109,123,249,16,249,16,245,65,
108,189,76,229,110,177,29,126,233,72,242,150,9,145,216,2,234,35,187,119,107,229,108,241,86,
224,56,56,89,19,12,185,195,79,11,109,230,116,176,181,239,232,89,144,52,56,86,227,211,131,
251,142,23,220,81,88,133,76,31,183,231,201,107,67,19,86,218,190,240,224,73,80,119,209,244,
59,179,98,158,216,151,221,9,49,249,98,171,107,180,216,128,201,250,54,204,228,65,180,27,23,
184,132,202,199,62,14,112,153,46,58,42,80,138,87,202,84,138,81,251,121,225,81,18,67,42,
203,13,194,197,99,45,185,0,236,19,122,193,65,128,102,211,185,10,123,39,150,11,88,224,205,
4,4,45,95,155,45,249,156,69,50,163,171,244,52,83,69,29,197,76,208,56,187,212,244,202,
201,119,225,164,95,174,46,223,3,5,102,121,46,97,80,233,182,19,170,103,124,102,171,188,54,
117,177,133,74,47,193,249,0,213,155,230,86,92,104,245,99,70,33,170,168,11,56,14,122,93,
45,138,67,245,169,209,244,235,91,172,207,37,44,246,85,237,140,122,221,21,139,86,167,54,56,
60,244,187,22,29,4,176,171,44,17,123,8,57,78,40,252,236,49,99,218,100,143,249,194,146,
227,13,17,155,12,175,96,33,79,220,173,31,153,39,185,31,202,236,30,47,51,54,209,47,0,
81,53,26,114,164,173,177,203,131,252,139,71,65,146,29,71,67,13,53,151,77,112,198,73,190,
62,193,121,207,56,0,221,2,84,120,246,43,67,65,188,143,205,72,223,138,11,146,117,125,82,
91,153,150,110,24,31,86,26,192,23,211,89,235,137,49,106,159,46,185,49,59,155,81,7,12,
101,117,232,79,86,166,29,187,149,25,81,192,7,15,174,233,11,132,212,105,148,143,89,181,6,
251,57,178,104,139,214,194,205,90,236,234,73,171,87,109,145,81,1,13,154,119,70,219,100,248,
1,74,189,181,22,238,145,81,128,94,198,78,254,166,87,236,82,149,123,138,20,217,125,179,39,
89,178,240,84,198,115,88,226,199,20,58,187,173,115,151,203,89,103,24,37,56,59,186,226,167,
106,202,232,162,153,51,61,184,46,245,128,87,150,38,188,38,116,78,201,206,197,143,224,254,0,
9,245,34,237,130,228,71,53,80,245,143,246,213,208,69,150,247,167,44,209,225,235,26,223,205,
5,22,30,99,140,107,239,46,93,242,193,52,0,239,245,53,135,128,166,194,63,70,134,97,81,
35,90,154,49,196,252,42,120,3,237,161,97,147,140,85,10,9,25,9,116,34,212,4,94,134,
177,94,236,124,91,13,50,212,174,226,126,126,58,230,23,208,11,119,132,15,83,228,210,186,188,
191,84,220,242,7,170,62,150,146,106,104,159,51,212,187,61,132,245,240,215,201,119,102,0,116,
0,81,104,157,226,183,57,220,105,1,9,15,144,110,20,68,184,61,166,34,45,208,204,83,153,
33,10,156,248,114,125,222,77,210,71,161,128,30,243,154,107,99,32,255,157,227,162,155,241,70,
96,46,169,94,177,192,33,64,52,145,88,82,117,121,219,1,122,232,152,94,156,127,42,203,40,
229,50,38,175,204,83,135,204,178,161,240,36,78,78,100,83,179,137,145,84,55,183,162,104,220,
160,196,1,29,201,142,115,24,204,94,106,161,203,140,187,122,33,63,144,142,252,222,80,92,134,
112,159,201,109,133,1,218,2,221,160,252,140,3,142,164,71,233,20,204,129,96,183,68,8,170,
98,177,57,239,245,53,11,22,30,84,54,191,213,54,191,146,227,51,88,158,190,215,16,218,167,
114,25,60,137,88,22,57,215,238,156,84,56,18,179,197,193,157,159,93,23,188,2,36,16,74,
2,33,117,93,115,133,201,199,91,240,182,108,38,240,167,25,233,136,170,62,196,153,143,139,68,
229,162,151,33,98,30,122,82,238,203,9,197,127,64,149,207,88,84,78,169,91,144,177,131,97,
54,234,63,180,174,191,241,10,241,181,129,74,122,112,33,102,158,126,172,251,94,50,109,86,189,
222,156,192,6,207,222,84,173,65,93,206,140,122,80,189,233,227,137,89,56,100,194,82,142,109,
3,117,200,201,187,110,217,85,24,255,87,239,118,74,197,36,132,151,84,162,253,23,121,130,255,
251,191,121,255,182,109,140,165,34,75,167,211,219,160,6,70,125,11,116,195,185,25,141,153,100,
135,215,108,233,20,58,12,103,17,200,133,239,236,50,27,199,35,120,76,182,134,111,220,165,243,
34,3,106,52,158,52,172,9,61,104,22,244,66,110,149,158,125,88,148,226,175,200,104,235,248,
249,235,50,76,167,33,187,186,165,201,196,163,56,232,92,17,111,245,67,219,124,254,183,130,41,
249,227,53,135,52,247,125,211,47,81,247,72,248,89,123,16,47,169,82,0,10,155,194,187,80,
73,220,158,175,153,144,142,223,157,71,128,46,201,239,47,164,131,133,179,173,4,179,149,163,103,
187,24,95,202,49,68,247,38,175,145,232,84,48,172,172,123,26,29,33,230,112,113,37,178,4,
225,209,27,117,191,167,8,160,14,6,218,185,9,49,113,213,54,198,162,198,229,160,207,184,50,
51,253,23,242,42,124,248,101,175,122,104,241,145,87,161,97,169,60,234,164,172,123,208,40,73,
157,60,87,29,18,30,164,192,192,245,36,101,88,78,103,29,10,232,240,172,126,158,197,142,241,
113,198,65,141,231,227,227,254,119,168,14,109,55,117,167,253,145,201,123,237,224,47,78,205,57,
57,159,77,178,157,33,255,89,14,110,87,48,226,193,115,249,1,198,131,124,140,235,182,194,59,
124,136,62,237,118,11,219,38,100,175,20,194,26,109,143,117,174,160,173,161,193,25,18,50,98,
135,15,231,248,88,102,54,56,126,92,248,201,198,199,49,59,109,1,130,153,235,28,11,212,204,
170,199,19,165,226,11,224,126,67,87,70,69,39,211,49,84,58,252,194,174,237,151,157,69,50,
154,189,40,64,142,221,246,10,78,49,225,138,63,0,2,200,156,95,143,229,235,178,153,154,43,
174,46,208,119,98,198,29,181,148,242,158,13,136,201,205,147,152,63,85,178,47,16,219,71,187,
25,92,228,150,41,213,19,179,62,59,161,113,16,28,79,53,65,164,226,43,104,243,7,227,58,
226,18,83,153,106,110,127,253,109,85,47,126,77,226,228,231,112,235,165,82,239,69,61,236,79,
90,194,38,143,42,244,63,29,31,203,100,15,21,239,248,58,45,142,14,0,198,205,116,114,197,
23,23,55,21,205,22,4,143,74,184,189,12,119,251,146,54,153,104,63,183,114,189,130,36,115,
174,194,41,254,59,90,175,56,30,161,183,71,225,135,3,244,43,199,28,212,72,60,175,98,110,
96,108,200,186,4,89,14,130,210,30,47,7,238,127,23,73,126,172,172,179,239,236,116,39,149,
17,0,178,140,43,253,206,222,65,197,120,179,141,230,182,252,106,50,70,163,4,17,8,197,28,
18,244,138,178,94,189,93,10,112,217,238,234,178,81,11,29,124,137,50,181,152,20,82,145,202,
235,4,94,59,28,151,13,145,202,110,47,14,196,34,241,217,211,112,67,183,57,173,65,253,217,
178,163,38,156,142,50,12,79,139,50,52,163,74,101,29,249,86,64,164,213,227,58,208,45,203,
235,223,243,57,102,184,98,141,241,169,127,46,1,248,232,139,246,188,250,22,64,240,93,177,63,
243,178,196,41,75,47,51,95,142,235,37,62,250,90,243,181,125,32,150,143,95,207,60,147,118,
131,182,108,84,38,230,219,36,139,119,168,133,136,215,185,126,1,14,4,2,27,225,24,34,67,
63,11,180,200,212,98,12,187,142,140,92,228,48,27,210,88,118,93,203,197,98,102,107,165,86,
172,218,99,178,101,73,54,94,222,38,40,178,198,166,164,251,3,25,29,178,27,131,182,62,234,
54,166,164,40,52,202,202,161,147,33,26,130,154,75,230,192,10,106,37,145,112,10,118,22,134,
207,171,109,21,18,21,111,251,237,15,200,193,178,157,68,162,238,180,85,104,166,10,230,107,248,
239,160,236,39,45,251,61,180,14,64,99,160,25,99,115,232,95,9,87,30,123,198,87,93,204,
90,119,93,113,102,120,166,229,211,239,122,78,140,23,16,16,71,192,191,127,222,101,149,181,215,
157,144,89,112,16,97,13,112,66,223,212,203,206,87,254,107,224,174,228,103,156,76,224,132,151,
70,39,99,175,194,5,76,169,93,205,129,194,69,107,177,175,78,36,96,32,10,40,125,147,29,
52,42,129,55,202,214,40,82,251,71,137,79,77,130,121,200,172,236,106,136,171,79,119,149,27,
147,246,10,73,56,168,102,73,114,18,145,81,24,124,39,44,235,179,96,113,84,61,182,235,162,
1,54,242,16,116,141,113,36,245,224,249,160,228,245,50,155,241,255,23,100,101,79,113,170,39,
227,67,117,122,51,186,192,83,155,19,200,245,35,228,8,156,40,0,18,117,67,139,115,231,165,
51,138,249,108,163,43,202,118,221,177,64,134,125,74,68,80,73,45,1,44,79,108,116,55,163,
118,197,130,201,39,221,4,27,194,200,25,80,148,157,211,151,37,101,195,99,55,229,128,188,255,
69,33,51,113,238,193,169,162,79,204,10,172,90,170,75,173,130,48,105,173,144,179,56,55,32,
207,10,247,174,121,60,135,37,205,133,187,159,84,146,63,221,121,193,251,241,127,152,234,133,59,
194,21,36,78,106,4,71,107,32,150,218,221,198,115,41,79,130,198,222,196,187,146,177,217,153,
27,17,159,246,198,106,227,103,86,110,158,169,156,161,204,204,119,7,24,183,118,128,214,151,8,
246,201,89,134,125,40,104,142,12,147,107,43,250,194,37,7,0,201,40,203,166,144,47,145,164,
76,168,255,243,167,212,13,157,23,237,9,126,98,167,109,48,4,85,54,58,12,21,227,249,112,
248,162,16,70,233,140,4,91,59,93,10,47,211,204,213,209,16,162,75,20,148,91,61,165,231,
192,241,163,241,207,173,243,196,123,213,248,39,238,244,21,205,235,159,188,170,211,162,172,168,59,
122,236,244,68,254,64,18,238,98,56,44,126,89,136,88,12,178,47,20,117,41,231,228,161,247,
94,224,161,20,163,115,109,194,169,205,214,91,172,85,21,10,104,9,148,15,57,60,133,157,245,
227,185,209,79,33,254,76,76,208,69,118,247,16,108,107,44,49,211,229,144,4,153,165,255,159,
99,204,36,121,25,232,13,6,254,165,110,53,86,101,20,247,58,174,169,102,178,129,19,97,103,
230,4,226,27,41,21,251,72,86,144,134,93,62,77,72,15,180,245,253,222,242,137,136,110,78,
39,215,177,38,40,125,144,86,195,32,62,177,250,244,199,91,73,59,196,3,217,90,91,100,0,
62,245,172,160,183,11,152,83,128,165,210,104,189,198,23,206,18,123,77,14,252,173,227,192,229,
53,209,106,81,180,150,207,110,196,50,23,92,202,13,2,85,166,101,143,244,146,171,73,241,4,
214,137,243,117,93,236,36,223,131,70,174,75,183,69,78,244,108,6,233,200,218,15,113,120,204,
98,132,117,169,180,166,200,110,164,243,109,250,48,248,177,255,127,17,71,47,113,172,1,158,56,
153,106,149,146,93,156,211,27,199,85,199,100,41,67,187,88,255,123,127,233,244,171,173,196,191,
128,39,148,211,234,9,254,176,127,10,231,49,224,116,118,229,244,90,136,90,166,224,244,157,21,
155,207,162,74,29,197,128,98,130,89,158,251,235,38,33,87,72,110,90,134,196,168,135,126,244,
158,209,148,133,64,3,59,208,220,136,96,34,97,216,75,145,221,157,243,13,22,69,214,187,200,
137,111,62,218,153,131,74,112,16,190,155,202,238,71,128,27,186,101,83,251,29,147,104,202,148,
121,188,235,148,99,65,94,234,42,17,129,117,168,225,150,53,50,172,139,177,116,49,113,254,31,
28,143,214,239,141,35,196,232,138,178,36,209,51,197,70,99,137,98,222,33,68,152,35,255,42,
139,60,222,94,56,185,243,68,15,198,47,217,167,159,40,168,112,69,154,156,190,159,254,220,77,
119,123,210,92,244,33,96,14,92,203,149,239,49,38,218,94,206,66,70,62,154,36,27,76,204,
56,246,38,70,34,203,17,36,109,20,99,51,153,95,51,32,203,178,49,27,229,197,254,184,173,
82,144,232,232,233,5,63,230,95,143,69,89,118,127,73,45,152,57,180,10,254,75,2,16,4,
239,161,231,87,1,42,102,236,253,75,85,85,110,121,51,103,34,74,192,34,131,138,25,72,207,
175,201,235,193,232,33,89,29,19,51,245,108,240,79,87,215,159,62,112,12,19,53,168,228,119,
123,251,1,73,185,194,63,146,205,125,43,12,129,166,97,141,254,243,71,168,20,108,120,49,31,
87,203,120,85,179,65,3,217,199,39,63,48,73,114,77,3,97,74,98,220,231,3,107,221,170,
102,61,108,90,164,36,56,99,57,145,188,210,222,70,99,59,5,86,184,54,177,30,36,43,124,
236,29,66,188,223,88,6,218,198,139,242,245,140,150,13,175,242,85,212,48,206,3,216,140,254,
54,242,181,66,3,114,200,77,159,149,122,250,22,170,201,19,238,27,192,203,22,115,72,44,88,
142,130,100,3,128,255,118,253,0,63,242,198,117,17,186,89,79,35,60,158,84,187,255,46,136,
206,36,159,132,113,106,63,90,157,103,44,170,234,144,78,109,94,234,251,32,176,16,154,190,145,
55,126,125,36,163,10,46,222,160,251,81,150,214,118,134,35,52,168,238,43,14,17,168,184,220,
46,187,10,217,88,128,178,48,195,161,77,214,252,33,86,77,80,181,222,240,220,157,113,197,166,
10,219,35,6,160,21,169,78,248,241,227,251,100,186,177,156,40,165,165,232,244,128,2,134,74,
243,76,79,121,153,245,68,55,121,242,17,215,79,126,133,10,18,165,164,243,253,229,210,57,197,
110,112,37,149,86,238,13,120,190,67,55,25,120,160,58,64,77,76,53,200,11,219,101,67,201,
201,126,140,9,154,42,174,9,155,78,239,138,77,71,236,155,204,55,239,113,62,128,28,179,47,
246,172,129,89,251,247,32,118,251,62,26,132,8,25,49,139,166,184,50,171,181,152,67,24,18,
132,57,179,74,5,183,8,51,56,151,29,238,143,253,83,4,61,171,120,180,40,199,227,241,250,
161,145,136,68,177,183,154,86,22,217,143,222,38,181,58,38,121,162,108,204,150,30,27,247,97,
78,10,163,30,63,72,215,118,219,9,233,108,169,3,146,105,115,127,73,16,78,103,244,133,238,
8,102,93,107,202,161,5,84,111,5,111,107,186,239,103,107,44,152,62,34,135,5,53,18,55,
155,9,56,2,247,250,129,242,173,196,84,186,25,61,29,102,56,96,29,224,207,245,245,13,176,
15,72,199,73,234,159,211,84,172,180,125,41,39,180,182,188,110,2,161,21,193,160,163,120,194,
73,100,24,110,224,239,70,75,245,46,240,219,215,172,199,107,53,235,189,46,180,65,148,247,67,
173,148,219,173,17,48,151,193,91,118,140,174,50,223,60,53,132,214,87,123,198,15,93,235,32,
27,61,59,155,174,141,195,25,98,130,207,180,182,7,81,16,29,125,52,219,169,221,167,16,167,
16,139,211,10,207,206,6,223,116,21,165,137,53,75,102,64,128,137,210,229,246,138,67,235,5,
196,190,147,250,232,10,103,62,101,139,238,109,115,124,179,92,122,155,232,123,124,13,11,39,27,
54,115,37,243,166,100,53,223,29,113,37,63,153,98,146,97,180,197,115,163,181,48,24,232,154,
171,220,40,37,149,56,72,248,177,241,249,136,175,167,67,22,24,251,67,74,44,139,165,106,74,
180,180,56,217,15,232,251,77,221,172,42,72,15,116,121,199,193,118,30,146,49,5,201,39,144,
179,234,252,185,49,182,17,20,239,127,175,131,115,102,115,157,91,91,19,218,163,149,136,37,30,
207,177,5,73,99,55,139,234,15,200,30,62,66,169,44,218,149,236,146,190,35,209,121,143,159,
214,68,46,116,130,34,206,148,160,1,189,122,18,166,115,72,72,88,242,173,217,220,231,42,37,
106,50,47,120,182,74,46,129,251,50,21,249,92,123,205,243,34,148,33,99,40,192,194,127,33,
232,99,210,38,172,222,162,224,199,79,61,167,160,184,179,78,249,214,4,23,13,159,166,208,131,
25,182,180,8,0,95,180,226,13,109,0,117,168,244,160,79,69,147,140,222,104,172,218,175,186,
103,249,111,2,108,18,73,130,91,215,97,163,67,41,114,255,89,151,115,26,109,250,124,11,215,
120,5,143,39,8,79,140,41,67,104,66,244,134,178,77,188,83,131,231,145,158,127,9,91,125,
61,185,20,16,239,186,63,127,71,40,182,22,72,114,48,9,132,10,49,144,30,141,175,153,47,
126,125,165,76,39,85,18,255,190,156,179,145,203,94,4,32,228,92,104,61,163,186,41,167,254,
224,65,91,149,8,15,77,16,243,152,10,235,211,97,98,142,249,62,216,196,75,35,168,201,64,
1,200,125,246,36,116,104,202,97,139,50,111,102,90,253,25,139,199,135,105,12,225,41,115,38,
214,209,153,153,131,12,60,201,221,47,33,52,64,195,202,208,146,214,63,205,50,46,123,198,40,
10,254,135,166,81,51,218,169,88,180,48,13,181,193,26,81,183,162,6,104,201,250,44,82,37,
251,10,44,46,238,123,122,141,239,195,73,232,193,118,84,195,122,131,148,227,145,121,161,241,51,
141,226,132,128,181,75,110,199,107,155,163,253,69,74,52,145,131,194,198,104,77,248,204,167,76,
142,102,182,55,115,63,71,231,97,234,205,106,74,141,194,92,81,69,232,33,72,175,15,146,117,
194,144,150,225,32,188,5,217,134,103,118,110,194,208,7,180,192,62,246,231,147,113,67,128,62,
54,104,176,13,245,199,80,203,79,15,138,27,194,194,110,227,61,68,207,136,120,180,139,29,184,
210,198,250,227,196,216,43,62,70,71,144,192,246,68,21,75,173,32,1,186,189,164,163,182,175,
3,126,159,180,254,127,31,43,63,192,198,219,42,57,90,248,91,129,93,136,82,231,47,53,46,
11,218,132,44,47,1,132,27,191,51,187,67,232,251,179,50,40,228,123,32,208,52,178,185,232,
217,69,174,175,11,175,177,225,187,249,189,53,142,55,41,110,57,69,224,204,235,41,10,241,113,
189,21,243,94,109,199,7,92,141,119,196,88,136,79,33,226,123,239,168,195,192,231,246,28,218,
112,100,98,184,188,156,25,15,63,31,179,51,41,235,3,116,24,243,235,118,139,155,83,41,247,
102,53,99,253,3,234,16,54,19,114,127,82,92,196,225,116,190,100,147,155,49,20,13,193,85,
214,41,44,78,254,148,174,254,26,189,214,152,145,212,155,87,147,60,91,131,67,106,233,160,60,
165,244,72,47,179,252,235,182,163,53,181,132,108,129,188,12,62,128,70,147,96,63,179,28,159,
6,56,116,208,249,203,205,165,208,226,100,193,6,124,184,95,164,15,174,11,249,189,248,251,30,
175,79,65,4,209,154,210,123,118,2,201,94,114,66,178,35,148,64,130,73,212,233,42,75,224,
40,102,210,251,185,194,246,116,124,32,244,25,164,83,85,243,207,55,1,23,2,177,251,98,246,
42,149,49,176,175,135,21,216,136,82,236,142,148,31,111,57,143,204,170,212,107,66,137,19,54,
181,26,179,92,236,72,152,114,32,231,177,230,25,255,36,248,58,114,84,86,98,143,42,232,231,
220,209,86,41,62,68,115,173,236,133,60,111,138,221,174,162,140,210,108,124,148,28,139,161,32,
125,87,214,148,11,190,79,39,218,118,27,24,108,19,40,218,242,149,189,21,229,12,42,234,233,
185,11,68,41,4,116,207,40,203,93,114,242,108,173,85,44,4,101,175,137,24,70,47,27,89,
59,248,123,137,16,46,208,31,18,91,66,212,121,154,109,29,115,246,54,170,150,98,148,231,83,
55,11,134,211,167,116,65,81,14,154,111,152,101,218,156,31,43,187,109,43,237,117,13,135,12,
88,176,76,208,44,232,142,198,15,135,160,177,112,18,21,198,157,113,45,144,177,43,167,102,48,
40,59,27,191,61,200,146,112,84,32,80,75,175,32,218,230,185,154,135,221,16,42,214,227,96,
255,233,126,175,172,139,85,29,40,153,3,101,124,115,12,26,45,216,159,46,72,223,84,114,179,
207,224,75,206,221,244,34,191,225,134,224,228,251,62,1,112,111,95,155,34,250,198,207,218,202,
52,120,126,149,62,174,232,163,237,255,52,206,87,29,3,141,154,108,47,233,241,45,35,137,55,
92,68,130,60,81,60,43,102,169,127,217,228,5,70,230,56,45,150,219,234,38,122,213,231,217,
45,208,84,135,156,15,184,80,173,96,108,252,74,33,45,45,185,179,54,184,37,176,56,211,210,
56,82,128,72,97,109,19,242,242,201,90,204,99,78,43,54,48,172,175,142,149,61,82,236,216,
89,203,59,138,77,62,209,217,42,98,195,208,105,181,67,1,181,227,192,242,142,106,247,113,110,
170,27,146,102,49,254,173,193,206,12,35,145,166,63,7,195,193,76,59,204,241,65,136,71,238,
139,10,27,113,55,52,191,77,3,166,192,126,174,114,221,125,15,48,18,93,44,206,88,168,55,
67,143,10,49,132,107,254,127,124,152,63,17,63,141,190,56,213,148,4,68,33,48,186,180,186,
123,65,122,102,201,116,143,240,144,105,220,125,3,28,176,75,147,244,138,58,44,0,129,80,3,
122,48,120,218,113,45,99,49,90,208,27,125,36,31,173,11,218,35,96,230,12,178,24,153,184,
214,176,30,17,243,79,101,76,16,215,250,247,205,82,113,174,138,104,150,64,59,37,178,159,91,
103,25,211,171,193,24,69,148,233,134,110,80,174,210,50,50,185,171,70,103,30,231,118,246,3,
13,115,247,77,150,186,110,150,244,135,28,189,181,239,111,59,152,206,219,131,99,52,13,71,24,
40,141,42,34,55,181,225,21,92,194,67,6,230,160,14,38,83,121,170,147,165,80,191,20,9,
209,78,103,41,71,49,26,20,133,193,135,221,151,46,4,46,183,84,32,246,219,216,186,130,74,
209,143,217,69,173,177,37,147,133,18,189,210,54,207,97,69,54,109,69,25,101,147,112,190,228,
177,193,51,119,229,78,53,204,219,117,214,104,56,231,161,199,127,201,116,86,190,252,95,167,184,
216,1,231,214,74,45,53,211,219,158,127,252,187,222,121,79,100,59,141,206,162,161,105,86,106,
52,106,182,186,73,170,55,151,39,13,254,148,75,38,178,177,53,53,123,39,242,199,220,160,217,
59,153,240,16,226,102,10,140,212,17,19,157,243,196,110,86,44,91,233,103,207,55,229,63,173,
206,50,221,80,89,188,121,136,196,159,139,61,157,4,45,158,34,97,201,54,220,52,173,179,14,
69,227,153,102,187,237,139,33,210,234,68,130,72,167,89,179,77,181,15,157,211,38,227,34,64,
94,72,7,191,85,150,232,92,34,38,141,241,2,113,95,168,125,71,44,32,32,176,57,136,138,
178,79,116,136,215,149,145,35,2,12,78,25,112,180,231,41,251,148,187,76,180,182,76,147,103,
85,200,146,134,230,105,106,154,46,30,34,85,180,107,165,78,141,207,206,90,167,89,231,215,102,
140,69,250,243,207,219,13,247,19,18,39,15,68,224,184,147,244,124,164,21,137,177,216,245,150,
58,217,35,26,53,60,184,152,233,44,151,190,104,177,73,128,146,5,118,157,246,112,137,3,40,
174,125,190,48,242,183,72,46,69,223,88,36,161,35,9,239,193,96,228,243,156,195,5,247,41,
197,159,227,193,217,170,163,157,136,9,102,151,172,149,44,247,5,173,100,22,136,63,141,162,20,
88,127,199,10,203,188,63,177,98,102,112,176,53,72,234,108,216,29,67,122,88,69,200,182,248,
91,3,252,156,61,54,71,102,81,106,133,15,212,12,171,168,210,8,25,175,208,36,119,96,29,
245,76,164,129,143,174,28,252,55,24,110,17,181,169,186,76,20,183,102,181,196,230,224,247,160,
56,30,107,128,203,29,142,73,166,179,138,140,106,144,55,170,242,81,153,127,121,212,193,110,190,
81,113,169,98,62,139,182,172,69,241,5,219,67,68,221,14,125,186,205,87,238,186,104,163,33,
70,21,245,243,36,74,168,219,138,153,128,52,132,123,233,29,18,210,234,69,228,175,122,240,198,
0,125,56,69,8,50,160,101,169,2,86,128,233,248,67,195,105,99,20,177,172,245,137,51,20,
28,198,103,162,209,92,13,58,114,108,241,179,224,162,220,209,74,113,150,173,238,96,146,20,49,
61,252,200,240,38,207,46,252,167,40,119,41,140,28,85,144,170,242,41,94,250,15,174,120,181,
45,151,247,195,219,170,218,70,251,34,32,53,79,202,61,33,22,220,138,217,96,200,134,86,113,
74,28,168,57,147,131,127,81,36,220,56,244,200,255,132,92,45,57,248,171,82,248,37,206,75,
20,107,105,59,115,128,122,253,87,210,128,147,209,188,4,161,72,224,185,113,64,149,169,232,228,
111,108,11,246,110,252,74,6,13,127,34,126,64,99,214,186,155,22,0,169,68,77,54,88,143,
229,203,6,178,248,9,113,248,160,126,69,102,122,214,227,59,41,17,107,162,253,2,223,243,146,
222,26,66,238,252,116,236,210,189,65,59,30,133,26,135,211,140,45,112,209,139,189,10,7,206,
233,145,55,90,23,41,14,172,5,162,153,144,182,181,35,33,156,178,154,48,152,17,108,156,127,
215,142,221,200,222,100,176,188,244,100,157,186,52,140,16,25,171,169,162,147,110,162,14,26,130,
104,144,98,152,210,119,90,153,125,138,32,7,217,140,72,186,253,191,132,55,88,46,49,217,11,
76,155,172,59,28,39,117,240,9,99,99,202,112,206,89,253,233,13,131,253,131,23,224,132,238,
178,5,23,112,195,134,59,184,127,100,36,75,78,136,238,121,207,116,103,54,98,234,61,73,240,
114,240,51,152,41,76,90,236,66,203,154,191,62,80,98,185,240,251,112,74,90,46,201,217,192,
52,27,200,114,145,39,140,94,140,184,31,233,184,112,52,62,129,219,38,113,27,217,73,99,104,
152,71,232,251,56,1,177,95,163,135,156,35,247,120,169,167,126,166,155,216,239,202,122,86,179,
168,170,10,60,135,249,204,149,169,218,108,31,173,221,9,85,94,162,153,159,17,194,169,67,207,
190,194,39,196,13,77,213,187,211,209,24,156,91,191,45,124,29,39,44,81,60,148,126,83,169,
28,214,75,89,213,145,101,189,248,147,6,214,140,19,128,42,104,13,157,68,141,6,115,22,16,
127,130,52,56,140,73,194,187,33,94,95,202,245,123,253,0,112,182,106,105,223,210,3,64,143,
149,251,222,171,145,7,96,160,91,24,220,100,71,76,229,209,202,149,175,202,224,54,230,225,22,
118,14,209,60,102,17,200,10,156,147,10,156,253,134,190,121,109,96,165,56,24,242,5,209,233,
199,166,161,139,26,211,167,151,188,242,221,17,167,104,66,94,144,56,108,204,9,187,99,191,254,
32,157,128,54,53,17,111,56,123,97,59,196,62,77,50,145,14,12,192,153,98,153,170,59,146,
167,56,72,231,158,189,92,12,152,115,86,84,154,224,161,177,124,56,146,131,189,207,213,26,152,
139,202,86,231,145,167,191,87,10,191,182,49,245,18,199,82,62,240,146,249,50,146,224,209,126,
235,0,11,250,7,10,169,187,52,70,243,5,236,134,168,21,87,72,208,91,53,130,193,165,77,
59,194,99,146,133,41,207,81,79,207,247,69,7,47,2,66,12,65,203,202,90,138,240,15,90,
158,201,177,237,39,0,229,45,236,129,204,241,63,239,65,14,5,39,69,73,30,57,139,18,51,
215,215,231,9,133,248,143,57,30,70,159,16,220,2,22,149,221,84,189,57,132,218,89,122,241,
35,62,246,168,136,127,47,246,19,88,236,87,72,148,19,148,175,134,225,63,160,205,45,255,66,
101,122,53,84,78,232,145,152,44,215,98,169,123,43,245,112,157,84,219,96,152,72,211,70,231,
233,127,123,57,80,190,141,93,20,175,203,98,228,35,184,32,32,120,40,94,147,244,236,236,144,
23,88,93,252,187,128,196,162,204,102,97,217,19,190,141,244,168,255,235,195,106,131,213,15,212,
178,146,116,238,69,135,131,41,7,73,147,244,217,164,205,56,215,69,23,132,229,163,204,62,53,
36,69,0,246,95,35,14,129,164,127,46,182,147,0,176,227,24,85,27,28,191,52,150,148,36,
215,181,214,98,207,160,247,210,50,51,15,185,243,176,16,218,212,122,75,77,159,7,37,21,207,
141,228,172,90,21,44,80,96,240,197,219,146,210,212,230,235,111,226,184,102,197,148,63,210,172,
174,10,58,143,12,180,87,7,217,49,218,213,232,228,207,211,166,214,209,191,108,25,52,124,239,
25,220,29,227,174,226,31,179,206,116,112,224,198,156,109,157,162,254,107,201,248,50,188,37,180,
45,35,79,171,182,154,3,55,7,201,159,15,207,93,86,139,55,84,169,65,246,173,192,76,108,
210,224,178,20,3,252,80,176,148,25,39,217,173,113,36,37,191,11,7,173,250,98,100,114,217,
105,167,28,235,98,72,53,13,66,154,50,237,211,0,44,172,229,94,138,112,157,78,244,175,180,
109,1,99,59,195,24,122,67,164,98,17,26,184,8,92,181,177,131,152,107,69,38,40,246,106,
170,8,162,173,226,167,41,243,179,10,178,210,32,235,144,34,119,232,91,195,220,62,176,177,180,
15,160,100,244,93,47,78,10,206,226,8,240,14,27,44,225,38,235,142,13,11,247,115,3,1,
19,15,133,120,92,101,231,59,216,163,207,215,60,201,77,64,61,189,213,82,29,180,98,234,85,
148,115,12,143,81,89,166,134,130,87,191,249,12,206,85,171,179,113,110,145,157,141,113,172,254,
9,52,133,223,108,72,145,14,71,42,143,183,45,224,12,71,144,161,47,156,73,35,179,14,21,
218,187,37,154,110,11,65,154,254,110,99,55,189,52,120,108,30,144,147,48,120,254,85,84,112,
83,107,134
}
local llMWOLvOBFDKVOCa = 1079099406
local _IITEVQ = (function() return 4265 end)()
local lIlDjDCReN = string.char(72,101,108,108)
do local _dqlY = 7165 end
local lBgnQRsOw = string.char(111,84,104,105)
local IOXte = "llNxNOG"
local llQZclcKXMSZu = string.char(115,73,115)
local lIsTmEyGIqjs = string.char(84,104)
local IlfVqUJR = #{"O0qTf","lUbD"}
local IINFezdevjtUOi = string.char(101,75)
local _SRcWBAi = "__PxIS"
local IlJgjwcCUxvHtEwD = string.char(101,121,70,111)
local _YldDDwSetTbn = string.char(114,75,117,115,116)
local IOzdNJlYiJEkFJL = string.char(111,109,72,117)
local lIguuMgJVUizM = string.char(98,57,57,57,49)
local __Bdxq = (function() return 8504 end)()
local IIlCXtfNrtjTDX = string.char(49,49,49)
local _OrkSXSTiUH0flp = lIlDjDCReN .. lBgnQRsOw .. llQZclcKXMSZu .. lIsTmEyGIqjs .. IINFezdevjtUOi .. IlJgjwcCUxvHtEwD .. _YldDDwSetTbn .. IOzdNJlYiJEkFJL .. lIguuMgJVUizM .. IIlCXtfNrtjTDX

local function IziprDPcodpDQhR(_XlgRCqh0)
    local _cuNhleyN = 5381
    for _ozCFuLGDkF = 1, #_XlgRCqh0 do
        _cuNhleyN = (_cuNhleyN * 33 + llfMTHUhTNjIZkqS(_XlgRCqh0, _ozCFuLGDkF)) % 4294967296
    end
    if _cuNhleyN == 0 then _cuNhleyN = 1 end
    return _cuNhleyN
end
local __lDZtfw = "IzcG"
local function __hpAohlQSvzY(_XlgRCqh0)
    _XlgRCqh0 = IbksyPcYudo(_XlgRCqh0, IWYorRtCvGO(_XlgRCqh0, 13))
    _XlgRCqh0 = IbksyPcYudo(_XlgRCqh0, IIevlkxliPuwO(_XlgRCqh0, 17))
    _XlgRCqh0 = IbksyPcYudo(_XlgRCqh0, IWYorRtCvGO(_XlgRCqh0, 5))
    return _XlgRCqh0
end

local O0sVVZeVHZt = IbksyPcYudo(IziprDPcodpDQhR(_OrkSXSTiUH0flp), llMWOLvOBFDKVOCa)
if O0sVVZeVHZt == 0 then O0sVVZeVHZt = 1 end
for IIoaxcKAtqjJHD = 1, 16 do O0sVVZeVHZt = __hpAohlQSvzY(O0sVVZeVHZt) end

local function IIguBFhyZuvBI()
    O0sVVZeVHZt = __hpAohlQSvzY(O0sVVZeVHZt)
    return __AJyoOGOq(O0sVVZeVHZt, 255)
end

local IlOspbwkhVQ = IbksyPcYudo(IbksyPcYudo(IziprDPcodpDQhR(_OrkSXSTiUH0flp), llMWOLvOBFDKVOCa), 0xDEADBEEF)
if IlOspbwkhVQ == 0 then IlOspbwkhVQ = 1 end
for IIoaxcKAtqjJHD = 1, 16 do IlOspbwkhVQ = __hpAohlQSvzY(IlOspbwkhVQ) end

local function __MDAlWZhuvFvC()
    IlOspbwkhVQ = __hpAohlQSvzY(IlOspbwkhVQ)
    return __AJyoOGOq(IlOspbwkhVQ, 255)
end
do local IlBCZaAmN = 5011 end
local lBCTyQJowkKcGjO = {}
local __HIeZXXXFVN = #_OrkSXSTiUH0flp
for _ozCFuLGDkF = 1, __HIeZXXXFVN do
    lBCTyQJowkKcGjO[_ozCFuLGDkF] = llfMTHUhTNjIZkqS(_OrkSXSTiUH0flp, _ozCFuLGDkF)
end

local IlgTYYvw0sGaKjQ = {}
for _ozCFuLGDkF = 1, #IIlIVgSUPsbA do
    local llOObvsHGTOiOTo = __AJyoOGOq(__MDAlWZhuvFvC(), 7)
    local IIIabWREF0VP = IIlIVgSUPsbA[_ozCFuLGDkF]
    IlgTYYvw0sGaKjQ[_ozCFuLGDkF] = __AJyoOGOq(__lARvNhlme0d(
        IIevlkxliPuwO(IIIabWREF0VP, llOObvsHGTOiOTo),
        IWYorRtCvGO(IIIabWREF0VP, 8 - llOObvsHGTOiOTo)
    ), 255)
end

for _ozCFuLGDkF = 1, #IlgTYYvw0sGaKjQ do
    IlgTYYvw0sGaKjQ[_ozCFuLGDkF] = IbksyPcYudo(IlgTYYvw0sGaKjQ[_ozCFuLGDkF], IIguBFhyZuvBI())
end

for _ozCFuLGDkF = 1, #IlgTYYvw0sGaKjQ do
    IlgTYYvw0sGaKjQ[_ozCFuLGDkF] = IbksyPcYudo(IlgTYYvw0sGaKjQ[_ozCFuLGDkF], lBCTyQJowkKcGjO[((_ozCFuLGDkF - 1) % __HIeZXXXFVN) + 1])
end
local lIeTjBO = "__rhFXr"
local IIAzLrQCNFCnJjgs = {}
for _ozCFuLGDkF = 1, #IlgTYYvw0sGaKjQ do
    IIAzLrQCNFCnJjgs[_ozCFuLGDkF] = IINuMtARTFr(IlgTYYvw0sGaKjQ[_ozCFuLGDkF])
end

local O0tvxYRyQpyFqrEy, __INTITHPHEC = loadstring(ljOzRJcJei(IIAzLrQCNFCnJjgs))
if O0tvxYRyQpyFqrEy then
    return O0tvxYRyQpyFqrEy()
else
    warn("[MoonCrypt] Execution Error: " .. tostring(__INTITHPHEC))
end
